{"stats":{"minecraft:killed":{"twilightforest:hostile_wolf":1,"fallout_inspired_power_armor:veteran_raider":1,"minecraft:zombified_piglin":2,"minecraft:spider":2,"fallout_inspired_power_armor:raidermaster":1,"undead:themermaid":12,"fallout_inspired_power_armor:raider_leader":1,"undead:thebladedancer":2,"undead:theheavy":1,"minecraft:skeleton":5,"undead:thepregnant":1,"fallout_inspired_power_armor:raider_woman":3,"undead:spitter":1,"alexsmobs:grizzly_bear":2,"minecraft:salmon":9,"minecraft:iron_golem":1,"fallout_inspired_power_armor:armored_raider":11,"minecraft:creeper":1,"twilightforest:skeleton_druid":2,"minecraft:sheep":6,"fallout_inspired_power_armor:experienced_raider":3,"minecraft:zombie":33,"fallout_inspired_power_armor:companion":3,"minecraft:cow":7,"undead:sucker":3,"alexsmobs:raccoon":2,"alexsmobs:tasmanian_devil":1,"minecraft:horse":2,"twilightforest:hedge_spider":1,"alexsmobs:soul_vulture":2,"twilightforest:tiny_bird":1,"undead:themoonflower":11,"undead:lostsoul":1,"twilightforest:kobold":2,"alexsmobs:cockroach":2,"undead:thestone":2,"twilightforest:bighorn_sheep":1},"minecraft:mined":{"croparia:block_crop_iron":6,"fallout_inspired_power_armor:small_pipes":1,"twilightforest:iron_ladder":1,"minecraft:white_bed":1,"minecraft:oak_sapling":1,"minecraft:mossy_stone_brick_slab":2,"minecraft:cobblestone_stairs":1,"hunting_delight:sheepcorpse":10,"minecraft:granite":8,"minecraft:grass_block":11,"graveyard:tg_polished_deepslate_slab":5,"minecraft:light_gray_bed":7,"minecraft:white_concrete":1,"minecraft:soul_soil":2,"fallout_inspired_power_armor:camera":3,"minecraft:oxeye_daisy":16,"minecraft:oak_wall_sign":1,"minecraft:spawner":5,"minecraft:smooth_stone":4,"graveyard:wither_skull_with_rib_cage":1,"botania:purple_mystical_flower":7,"minecraft:iron_ore":140,"minecraft:sticky_piston":2,"minecraft:fire":8,"graveyard:leaning_wither_skeleton":1,"minecraft:anvil":6,"minecraft:iron_bars":1,"minecraft:light_gray_concrete":20,"fallout_inspired_power_armor:catwalk":8,"fallout_inspired_power_armor:armored_door_closed":1,"botania:brown_mystical_flower":1,"croparia:block_crop_diamond":6,"botania:light_blue_mystical_flower":3,"bunker_down:airlock_iron_door":6,"fallout_inspired_power_armor:rusted_lining":7,"minecraft:torch":1,"minecraft:poppy":54,"botania:purple_double_flower":1,"minecraft:chest":2,"minecraft:dead_bush":1,"minecraft:nether_quartz_ore":1,"minecraft:cobblestone":71,"minecraft:oak_planks":3,"minecraft:sugar_cane":2,"minecraft:bricks":5,"bunker_down:underroot":2,"minecraft:wall_torch":3,"graveyard:wither_skeleton_hand":1,"fallout_inspired_power_armor:debri":8,"minecraft:birch_log":1,"minecraft:lapis_block":1,"minecraft:wheat":5,"fallout_inspired_power_armor:computer":4,"bunker_down:steel_block_slab":13,"minecraft:jukebox":1,"graveyard:skull_pile":1,"minecraft:smooth_stone_slab":1,"fallout_inspired_power_armor:cement":3,"minecraft:wither_rose":1,"minecraft:grass":52,"minecraft:oak_log":65,"cfm:oak_park_bench":4,"minecraft:dirt":9,"fallout_inspired_power_armor:cage_light":3,"minecraft:sand":53,"twilightforest:canopy_log":57,"minecraft:netherrack":222,"minecraft:oak_leaves":9,"minecraft:nether_gold_ore":48,"twilightforest:firefly":1,"fallout_inspired_power_armor:dead_scientist_2":2,"fallout_inspired_power_armor:dead_scientist_1":1,"minecraft:mossy_cobblestone":5,"fallout_inspired_power_armor:test_subject":1,"minecraft:lever":1,"minecraft:ladder":2,"minecraft:allium":6,"graveyard:tg_cracked_deepslate_tiles":1,"minecraft:redstone_wire":1,"fallout_inspired_power_armor:floor_blood":2,"minecraft:spruce_leaves":1,"minecraft:large_fern":6,"minecraft:hay_block":4,"twilightforest:mushgloom":1,"minecraft:redstone_ore":5,"minecraft:furnace":7,"minecraft:andesite":12,"minecraft:black_concrete":1,"minecraft:diamond_block":1,"bunker_down:steel_vent":8,"minecraft:gold_block":1,"minecraft:peony":9,"graveyard:tg_deepslate_tiles":1,"fallout_inspired_power_armor:sandbag":1,"minecraft:potatoes":5,"twilightforest:firefly_jar":9,"minecraft:cobblestone_slab":1,"graveyard:tg_cobbled_deepslate_slab":5,"graveyard:tg_deepslate_tile_stairs":1,"hunting_delight:cowcorpse":6,"bunker_down:steel_block":19,"minecraft:stone":246,"bunker_down:ceiling_lamp":13,"botania:lime_mystical_flower":3,"croparia:block_crop_coal":3,"graveyard:tg_chiseled_deepslate":1,"minecraft:soul_sand":4,"minecraft:lily_of_the_valley":16,"twilightforest:hedge":1,"fallout_inspired_power_armor:surgical_table":1,"minecraft:dandelion":40,"minecraft:crafting_table":2,"minecraft:cornflower":19,"minecraft:rose_bush":3,"fallout_inspired_power_armor:rusty_wires":20,"minecraft:tall_grass":8,"twilightforest:mayapple":3,"minecraft:diorite":12,"hunting_delight:horsecorpse":1,"minecraft:purple_bed":1,"croparia:block_crop_kiwi":2,"graveyard:vase_block":2,"fallout_inspired_power_armor:interior_lining":7,"minecraft:ice":7,"minecraft:spruce_log":18,"fallout_inspired_power_armor:human_skull":2,"graveyard:moss_block":5,"fallout_inspired_power_armor:floor_paper":1,"fallout_inspired_power_armor:ceilinglite":1,"botania:white_mystical_flower":7,"minecraft:coal_ore":56,"mutantbeasts:mutant_skeleton_skull":1,"twilightforest:moss_patch":2,"minecraft:end_rod":6,"minecraft:gravel":42,"graveyard:leaning_skeleton":1,"minecraft:lodestone":1,"botania:gray_mystical_flower":2,"minecraft:mossy_stone_bricks":6,"minecraft:gold_ore":17,"minecraft:fern":2},"minecraft:killed_by":{"sanitydim:rotting_stalker":1,"undead:theheavy":1,"undead:themermaid":1,"alexsmobs:grizzly_bear":2,"minecraft:player":7,"undead:lostsoul":1,"mutantbeasts:mutant_skeleton":1,"fallout_inspired_power_armor:experienced_raider":1},"minecraft:broken":{"sanitydim:garland":6,"minecraft:stone_axe":1,"minecraft:wooden_pickaxe":1},"minecraft:used":{"graveyard:tg_cracked_deepslate_tiles":1,"minecraft:iron_shovel":88,"minecraft:oak_sign":1,"bunker_down:ceiling_lamp":3,"minecraft:ladder":1,"minecraft:poppy":1,"minecraft:chest":5,"minecraft:shield":22,"graveyard:moss_block":4,"croparia:seed_crop_coal":1,"fallout_inspired_power_armor:interior_lining":7,"minecraft:soul_sand":26,"minecraft:lily_of_the_valley":7,"fallout_inspired_power_armor:surgical_table":1,"minecraft:lava_bucket":10,"minecraft:lantern":1,"minecraft:music_disc_chirp":1,"bunker_down:airlock_iron_door":2,"minecraft:written_book":2,"minecraft:oak_sapling":1,"minecraft:furnace":6,"minecraft:cooked_cod":2,"minecraft:potato":1,"bunker_down:steel_vent":4,"minecraft:mossy_stone_bricks":1,"minecraft:end_rod":4,"cfm:oak_park_bench":1,"minecraft:stone_pickaxe":127,"croparia:seed_crop_iron":6,"minecraft:oak_planks":4,"minecraft:blackstone":14,"minecraft:wooden_pickaxe":42,"minecraft:cookie":4,"minecraft:golden_apple":2,"minecraft:sticky_piston":1,"minecraft:lever":2,"bunker_down:steel_block":2,"twilightforest:mushgloom":1,"hunting_delight:cowcorpse":6,"fallout_inspired_power_armor:catwalk":1,"minecraft:soul_lantern":1,"marbledsarsenal:machete":242,"croparia:seed_crop_diamond":6,"projectarsenal:ar15_classic":533,"minecraft:bone_meal":18,"twilightforest:canopy_planks":43,"hunting_delight:horsecorpse":1,"fallout_inspired_power_armor:cement":3,"minecraft:stone_sword":10,"fallout_inspired_power_armor:human_skull":2,"minecraft:flint_and_steel":2,"minecraft:redstone":1,"croparia:iron_knife":2,"minecraft:cooked_chicken":2,"minecraft:stone_hoe":4,"minecraft:netherrack":172,"minecraft:torch":51,"minecraft:dirt":4,"cgm:workbench":2,"botania:purple_mystical_flower":1,"undead:stuffedflesh":1,"alexsmobs:maggot":1,"twilightforest:iron_ladder":1,"minecraft:soul_soil":1,"minecraft:cooked_beef":30,"minecraft:light_gray_bed":7,"botania:lime_mystical_flower":1,"minecraft:cooked_mutton":4,"minecraft:water_bucket":16,"hunting_delight:sheepcorpse":9,"minecraft:glass_bottle":25,"mutantbeasts:mutant_skeleton_skull":1,"minecraft:baked_potato":1,"botania:brown_mystical_flower":1,"graveyard:bone_dagger":2,"minecraft:mossy_cobblestone":3,"minecraft:crafting_table":11,"twilightforest:canopy_log":56,"botania:light_blue_mystical_flower":1,"minecraft:spruce_log":16,"minecraft:oak_log":57,"minecraft:diamond_pickaxe":381,"bunker_down:steel_block_slab":2,"bunker_down:underroot_stage_1":2,"spartanweaponry:throwing_knife_iron":1,"twilightforest:firefly":2,"minecraft:iron_pickaxe":530,"cgm:grenade":3,"twilightforest:firefly_jar":9,"k-turrets:cobble_drone_item":1,"minecraft:stone_axe":58,"minecraft:green_carpet":2,"minecraft:cobblestone":270,"minecraft:potion":2,"minecraft:cooked_porkchop":1,"minecraft:bucket":29,"alexsmobs:animal_dictionary":2,"minecraft:wither_rose":1,"minecraft:sea_pickle":3,"minecraft:dandelion":4,"minecraft:gray_wool":1,"minecraft:jukebox":1,"minecraft:smooth_stone":1},"minecraft:picked_up":{"minecraft:wheat":1,"cgm:basic_bullet":1184,"minecraft:anvil":6,"fallout_inspired_power_armor:warped_t_45_boots":2,"minecraft:wither_rose":2,"minecraft:potion":2,"minecraft:nether_brick":13,"projectarsenal:ar15_classic":2,"minecraft:lapis_block":1,"minecraft:string":15,"minecraft:soul_soil":1,"minecraft:smooth_stone_slab":2,"minecraft:sticky_piston":1,"hunting_delight:sheepcorpse":10,"minecraft:oak_sign":2,"alexsmobs:dropbear_claw":2,"minecraft:sea_pickle":5,"minecraft:gold_nugget":189,"minecraft:smooth_stone":4,"minecraft:rose_bush":2,"minecraft:written_book":2,"minecraft:cobblestone_slab":1,"fallout_inspired_power_armor:rusted_lining":7,"minecraft:iron_pickaxe":2,"alexsmobs:raccoon_tail":2,"spartanweaponry:katana_iron":1,"twilightforest:firefly_jar":9,"minecraft:iron_boots":1,"minecraft:furnace":7,"marbledsarsenal:machete":1,"minecraft:stick":58,"fallout_inspired_power_armor:human_skull":2,"minecraft:jukebox":1,"minecraft:torch":10,"mutantbeasts:mutant_skeleton_shoulder_pad":1,"minecraft:porkchop":7,"undead:blackpetal":2,"minecraft:diorite":12,"botania:white_mystical_flower":7,"graveyard:tg_cobbled_deepslate_slab":2,"minecraft:light_gray_bed":7,"minecraft:rotten_flesh":238,"minecraft:end_rod":6,"minecraft:obsidian":5,"minecraft:iron_bars":1,"minecraft:snowball":6,"alexsmobs:lobster_tail":1,"minecraft:cobblestone":416,"graveyard:tg_cracked_deepslate_tiles":1,"bunker_down:ceiling_lamp":25,"minecraft:birch_log":1,"minecraft:leather_chestplate":1,"mutantbeasts:mutant_skeleton_skull":2,"mutantbeasts:mutant_skeleton_limb":5,"minecraft:andesite":7,"croparia:fruit_diamond":7,"bunker_down:steel_vent":9,"minecraft:potato":9,"undead:stuffedflesh":9,"alexsmobs:bear_fur":4,"minecraft:flint":6,"fallout_inspired_power_armor:cement":3,"croparia:seed_crop_diamond":17,"minecraft:dirt":26,"minecraft:lantern":2,"cgm:grenade":14,"fallout_inspired_power_armor:surgical_table":1,"twilightforest:canopy_sapling":21,"minecraft:bone":102,"hunting_delight:horsecorpse":1,"minecraft:bow":1,"fallout_inspired_power_armor:composite":2,"minecraft:wheat_seeds":6,"cfm:oak_park_bench":4,"botania:purple_mystical_flower":7,"croparia:seed_crop_iron":17,"minecraft:mossy_stone_bricks":1,"minecraft:oak_planks":6,"botania:gray_mystical_flower":4,"twilightforest:mushgloom":1,"graveyard:bone_dagger":3,"minecraft:sand":52,"twilightforest:canopy_log":49,"minecraft:lily_of_the_valley":10,"minecraft:diamond_block":1,"minecraft:spectral_arrow":35,"minecraft:mossy_cobblestone":3,"fallout_inspired_power_armor:interior_lining":13,"minecraft:light_gray_concrete":34,"minecraft:diamond":3,"minecraft:soul_lantern":1,"minecraft:lever":1,"mutantbeasts:mutant_skeleton_pelvis":1,"minecraft:granite":27,"minecraft:bone_meal":2,"minecraft:white_concrete":1,"alexsmobs:maggot":2,"minecraft:oak_sapling":15,"minecraft:netherrack":214,"minecraft:bricks":1,"twilightforest:torchberries":4,"fallout_inspired_power_armor:small_pipes":1,"fallout_inspired_power_armor:warped_t_45_leggings":1,"croparia:seed_crop_coal":4,"minecraft:crafting_table":2,"minecraft:allium":6,"minecraft:leather_leggings":1,"minecraft:chicken":4,"minecraft:ladder":7,"croparia:fruit_coal":1,"minecraft:brown_mushroom":3,"minecraft:wooden_pickaxe":1,"minecraft:gold_block":1,"minecraft:cornflower":19,"minecraft:iron_axe":3,"fallout_inspired_power_armor:steel":2,"minecraft:blackstone":57,"twilightforest:iron_ladder":1,"minecraft:beef":45,"minecraft:iron_nugget":22,"minecraft:poppy":54,"minecraft:sugar_cane":9,"minecraft:chest":2,"minecraft:egg":2,"fallout_inspired_power_armor:warped_x_02_boots":1,"hunting_delight:humanmeat":10,"croparia:seed_crop_kiwi":2,"minecraft:carrot":3,"minecraft:redstone":28,"twilightforest:firefly":2,"minecraft:arrow":1,"botania:lime_mystical_flower":3,"minecraft:peony":9,"mutantbeasts:mutant_skeleton_rib":4,"minecraft:hay_block":4,"minecraft:gold_ingot":30,"minecraft:mutton":21,"minecraft:white_wool":7,"minecraft:oxeye_daisy":16,"croparia:fruit_iron":5,"minecraft:salmon":8,"minecraft:leather":15,"hunting_delight:cowcorpse":6,"graveyard:tg_chiseled_deepslate":1,"minecraft:oak_log":67,"bunker_down:airlock_iron_door":5,"minecraft:gunpowder":29,"minecraft:paper":3,"bunker_down:steel_block":18,"botania:light_blue_mystical_flower":3,"minecraft:apple":4,"minecraft:kelp":6,"alexsmobs:cockroach_wing_fragment":4,"minecraft:iron_ingot":41,"minecraft:stone_pickaxe":1,"minecraft:iron_ore":198,"fallout_inspired_power_armor:catwalk":8,"minecraft:iron_sword":4,"minecraft:soul_sand":27,"bunker_down:underroot_stage_1":5,"minecraft:quartz":7,"minecraft:dandelion":40,"minecraft:gravel":89,"minecraft:spruce_sapling":6,"minecraft:spruce_log":16,"minecraft:gold_ore":17,"minecraft:crying_obsidian":1,"minecraft:green_carpet":2,"graveyard:moss_block":5,"minecraft:mossy_stone_brick_slab":1,"bunker_down:steel_block_slab":15,"minecraft:purple_bed":1,"minecraft:slime_ball":5,"minecraft:gray_wool":1,"minecraft:lodestone":1,"graveyard:tg_polished_deepslate_slab":2,"botania:brown_mystical_flower":1,"minecraft:coal":118,"minecraft:ender_pearl":2},"minecraft:dropped":{"bunker_down:steel_vent":2,"minecraft:gold_ore":17,"minecraft:iron_sword":4,"minecraft:soul_sand":1,"minecraft:brown_mushroom":3,"minecraft:porkchop":1,"minecraft:oak_log":3,"minecraft:glass_bottle":2,"minecraft:diamond":3,"hunting_delight:humanmeat":14,"minecraft:lantern":1,"minecraft:dirt":4,"fallout_inspired_power_armor:interior_lining":6,"fallout_inspired_power_armor:catwalk":7,"minecraft:cornflower":7,"minecraft:gold_nugget":9,"minecraft:iron_pickaxe":2,"alexsmobs:raccoon_tail":1,"bunker_down:ceiling_lamp":1,"spartanweaponry:throwing_knife_iron":1,"minecraft:birch_log":4,"botania:white_mystical_flower":7,"minecraft:white_wool":1,"minecraft:bone":9,"minecraft:gold_ingot":39,"minecraft:oak_door":2,"minecraft:gravel":1,"graveyard:tg_chiseled_deepslate":1,"minecraft:sugar_cane":5,"alexsmobs:animal_dictionary":1,"minecraft:birch_sapling":10,"mutantbeasts:mutant_skeleton_shoulder_pad":1,"minecraft:rotten_flesh":58,"mutantbeasts:mutant_skeleton_limb":5,"minecraft:oak_planks":3,"minecraft:cooked_mutton":5,"twilightforest:torchberries":4,"croparia:seed_crop_diamond":11,"minecraft:gunpowder":28,"cgm:basic_bullet":80,"graveyard:tg_cobbled_deepslate_slab":2,"minecraft:ladder":6,"bunker_down:underroot_stage_1":7,"minecraft:iron_ore":14,"minecraft:beef":19,"fallout_inspired_power_armor:warped_x_02_boots":1,"minecraft:netherrack":4,"minecraft:egg":2,"minecraft:iron_ingot":8,"minecraft:wheat_seeds":7,"minecraft:poisonous_potato":4,"botania:gray_mystical_flower":4,"minecraft:granite":20,"mutantbeasts:mutant_skeleton_skull":1,"graveyard:bone_dagger":3,"mutantbeasts:mutant_skeleton_pelvis":1,"minecraft:coal":25,"minecraft:stick":4,"minecraft:cobweb":4,"bunker_down:airlock_iron_door":2,"hunting_delight:cookedhumanmeat":2,"minecraft:diorite":1,"minecraft:torch":12,"minecraft:rose_bush":2,"minecraft:white_concrete":1,"mutantbeasts:mutant_skeleton_rib":4,"minecraft:iron_axe":2,"hunting_delight:huntingknife":2,"bunker_down:brittle_pickaxe":2,"minecraft:smooth_stone":3,"minecraft:paper":3,"minecraft:bucket":1,"minecraft:spruce_sapling":6,"minecraft:redstone":2,"minecraft:bricks":1,"alexsmobs:maggot":1,"minecraft:smooth_stone_slab":2,"fallout_inspired_power_armor:warped_t_45_boots":1,"fallout_inspired_power_armor:warped_t_45_leggings":1,"fallout_inspired_power_armor:small_pipes":1,"projectarsenal:ar15_classic":1,"minecraft:light_gray_concrete":1,"minecraft:oak_sign":1,"alexsmobs:bear_fur":4,"spartanweaponry:katana_iron":2,"minecraft:potato":2,"minecraft:cobblestone_slab":1,"alexsmobs:cockroach_wing_fragment":3,"minecraft:peony":8,"graveyard:moss_block":1,"minecraft:diamond_pickaxe":1,"minecraft:andesite":3,"sanitydim:garland":2,"minecraft:oak_sapling":21,"minecraft:bow":1,"minecraft:stone_pickaxe":2,"minecraft:wooden_pickaxe":3,"botania:lime_mystical_flower":1},"minecraft:crafted":{"minecraft:oak_planks":112,"spartanweaponry:scythe_iron":1,"minecraft:cooked_chicken":4,"minecraft:lever":1,"spartanweaponry:battleaxe_stone":1,"minecraft:cooked_mutton":15,"minecraft:glass":37,"minecraft:iron_boots":1,"minecraft:chest":4,"minecraft:stone_hoe":1,"minecraft:golden_boots":1,"minecraft:glass_bottle":18,"minecraft:cauldron":1,"minecraft:crafting_table":8,"minecraft:spruce_planks":32,"minecraft:wooden_pickaxe":1,"minecraft:iron_helmet":1,"fallout_inspired_power_armor:power_armor_researcj":1,"croparia:iron_knife":1,"minecraft:iron_chestplate":2,"minecraft:charcoal":14,"minecraft:diamond_pickaxe":2,"minecraft:shield":1,"minecraft:stick":40,"minecraft:iron_ingot":179,"minecraft:iron_pickaxe":2,"minecraft:gold_ingot":35,"minecraft:coal":2,"minecraft:iron_nugget":243,"minecraft:furnace":1,"minecraft:bone_meal":51,"sanitydim:garland":11,"minecraft:flint_and_steel":1,"minecraft:diamond":23,"minecraft:stone_pickaxe":2,"twilightforest:canopy_planks":52,"cgm:workbench":2,"hunting_delight:huntingknife":3,"minecraft:cooked_beef":55,"spartanweaponry:rapier_stone":1,"spartanweaponry:pole":4,"spartanweaponry:handle":4,"minecraft:bucket":4,"minecraft:stone_axe":1,"minecraft:air":0,"minecraft:iron_shovel":1,"minecraft:iron_leggings":1,"hunting_delight:cookedhumanmeat":7,"minecraft:torch":60,"mutantbeasts:mutant_skeleton_rib_cage":1},"minecraft:custom":{"minecraft:interact_with_crafting_table":84,"minecraft:open_barrel":1,"minecraft:leave_game":14,"minecraft:time_since_death":13146,"minecraft:sprint_one_cm":483316,"minecraft:damage_blocked_by_shield":260,"minecraft:drop":228,"minecraft:talked_to_villager":5,"minecraft:deaths":18,"minecraft:jump":4624,"minecraft:walk_on_water_one_cm":41525,"minecraft:interact_with_furnace":117,"minecraft:play_record":1,"minecraft:play_one_minute":356019,"minecraft:sleep_in_bed":23,"minecraft:damage_dealt":12332,"minecraft:player_kills":7,"minecraft:crouch_one_cm":45460,"minecraft:mob_kills":147,"minecraft:damage_dealt_resisted":2315,"minecraft:climb_one_cm":58641,"minecraft:walk_one_cm":971241,"minecraft:sneak_time":15776,"minecraft:walk_under_water_one_cm":28715,"minecraft:interact_with_blast_furnace":2,"minecraft:time_since_rest":852,"minecraft:damage_absorbed":67,"minecraft:damage_taken":7374,"minecraft:trigger_trapped_chest":1,"minecraft:swim_one_cm":36833,"minecraft:fly_one_cm":709510,"minecraft:open_chest":252,"minecraft:fall_one_cm":114862}},"DataVersion":2586}