{"stats":{"minecraft:killed_by":{"minecraft:player":3},"minecraft:picked_up":{"minecraft:crafting_table":2,"hunting_delight:sheepcorpse":4,"minecraft:oak_sign":2,"minecraft:smooth_stone":4,"minecraft:beef":33,"minecraft:poppy":32,"spartanweaponry:katana_iron":1,"minecraft:furnace":5,"marbledsarsenal:machete":1,"minecraft:stick":15,"hunting_delight:humanmeat":5,"minecraft:torch":3,"minecraft:diorite":12,"minecraft:redstone":24,"minecraft:light_gray_bed":1,"minecraft:rotten_flesh":2,"minecraft:peony":8,"minecraft:mutton":15,"minecraft:cobblestone":259,"minecraft:white_wool":3,"bunker_down:ceiling_lamp":11,"minecraft:birch_log":1,"minecraft:andesite":7,"minecraft:salmon":8,"minecraft:leather":2,"bunker_down:steel_vent":7,"hunting_delight:cowcorpse":6,"minecraft:flint":6,"minecraft:oak_log":59,"bunker_down:airlock_iron_door":3,"minecraft:dirt":1,"bunker_down:steel_block":2,"minecraft:bone":31,"minecraft:apple":4,"minecraft:bow":1,"minecraft:iron_ore":197,"graveyard:bone_dagger":3,"minecraft:dandelion":5,"minecraft:gravel":36,"minecraft:sand":49,"minecraft:lily_of_the_valley":6,"minecraft:gold_ore":17,"bunker_down:steel_block_slab":4,"minecraft:light_gray_concrete":16,"minecraft:lever":1,"minecraft:granite":7,"minecraft:bone_meal":2,"minecraft:oak_sapling":14,"minecraft:coal":117},"minecraft:mined":{"hunting_delight:sheepcorpse":4,"minecraft:lever":1,"minecraft:granite":8,"minecraft:light_gray_bed":1,"minecraft:oak_wall_sign":1,"minecraft:smooth_stone":4,"minecraft:redstone_ore":5,"minecraft:furnace":5,"minecraft:iron_ore":140,"minecraft:andesite":12,"bunker_down:steel_vent":5,"minecraft:peony":8,"minecraft:light_gray_concrete":17,"hunting_delight:cowcorpse":6,"bunker_down:steel_block":3,"minecraft:stone":241,"bunker_down:ceiling_lamp":11,"bunker_down:airlock_iron_door":4,"minecraft:lily_of_the_valley":16,"minecraft:dandelion":5,"minecraft:crafting_table":2,"minecraft:torch":1,"minecraft:poppy":32,"minecraft:cobblestone":37,"minecraft:diorite":12,"minecraft:wall_torch":1,"minecraft:birch_log":1,"bunker_down:steel_block_slab":2,"minecraft:grass":3,"minecraft:coal_ore":56,"minecraft:oak_log":59,"minecraft:sand":49,"minecraft:gravel":42,"minecraft:dirt":1,"minecraft:gold_ore":17,"minecraft:oak_leaves":5},"minecraft:used":{"minecraft:iron_shovel":88,"toughasnails:water_purifier":1,"minecraft:oak_sign":1,"minecraft:chest":1,"minecraft:stone_hoe":4,"minecraft:torch":39,"cgm:workbench":1,"bunker_down:airlock_iron_door":1,"minecraft:furnace":4,"minecraft:cooked_mutton":2,"bunker_down:steel_vent":2,"minecraft:water_bucket":2,"hunting_delight:sheepcorpse":4,"minecraft:oak_planks":2,"minecraft:glass_bottle":19,"minecraft:stone_pickaxe":112,"minecraft:baked_potato":1,"minecraft:wooden_pickaxe":10,"graveyard:bone_dagger":2,"minecraft:crafting_table":4,"minecraft:oak_log":52,"minecraft:lever":2,"bunker_down:steel_block":2,"bunker_down:steel_block_slab":2,"minecraft:iron_pickaxe":463,"hunting_delight:cowcorpse":6,"marbledsarsenal:machete":2,"minecraft:stone_axe":46,"minecraft:cobblestone":100,"toughasnails:purified_water_bottle":7,"minecraft:bucket":4,"alexsmobs:animal_dictionary":2,"minecraft:smooth_stone":1},"minecraft:crafted":{"minecraft:oak_planks":44,"spartanweaponry:scythe_iron":1,"minecraft:furnace":1,"minecraft:lever":1,"sanitydim:garland":4,"minecraft:cooked_mutton":15,"minecraft:glass":29,"minecraft:iron_boots":1,"minecraft:stone_pickaxe":1,"minecraft:chest":1,"minecraft:stone_hoe":1,"cgm:workbench":1,"hunting_delight:huntingknife":2,"minecraft:cooked_beef":55,"minecraft:glass_bottle":15,"spartanweaponry:pole":4,"minecraft:crafting_table":2,"minecraft:wooden_pickaxe":1,"minecraft:iron_helmet":1,"minecraft:bucket":3,"minecraft:stone_axe":1,"minecraft:air":0,"minecraft:iron_chestplate":2,"minecraft:charcoal":13,"toughasnails:water_purifier":1,"minecraft:shield":1,"minecraft:stick":24,"minecraft:iron_ingot":114,"minecraft:iron_pickaxe":2,"minecraft:gold_ingot":6,"minecraft:iron_shovel":1,"minecraft:iron_leggings":1,"hunting_delight:cookedhumanmeat":7,"minecraft:torch":40},"minecraft:broken":{"sanitydim:garland":2},"minecraft:custom":{"minecraft:mob_kills":16,"minecraft:interact_with_crafting_table":40,"minecraft:leave_game":1,"minecraft:time_since_death":53343,"minecraft:climb_one_cm":23203,"minecraft:sprint_one_cm":51746,"minecraft:walk_one_cm":300210,"minecraft:drop":57,"minecraft:deaths":3,"minecraft:sneak_time":2071,"minecraft:walk_under_water_one_cm":7115,"minecraft:jump":720,"minecraft:walk_on_water_one_cm":20944,"minecraft:interact_with_furnace":102,"minecraft:play_one_minute":104275,"minecraft:sleep_in_bed":6,"minecraft:time_since_rest":14912,"minecraft:damage_taken":950,"minecraft:damage_dealt":1686,"minecraft:swim_one_cm":8125,"minecraft:fly_one_cm":37537,"minecraft:player_kills":4,"minecraft:open_chest":35,"minecraft:crouch_one_cm":5891,"minecraft:fall_one_cm":7946},"minecraft:killed":{"minecraft:skeleton":1,"minecraft:salmon":9,"minecraft:sheep":3,"undead:thestone":1,"minecraft:cow":3},"minecraft:dropped":{"bunker_down:steel_vent":2,"minecraft:gold_ore":17,"minecraft:iron_ingot":7,"minecraft:wheat_seeds":1,"minecraft:oak_log":3,"hunting_delight:humanmeat":10,"minecraft:poisonous_potato":4,"graveyard:bone_dagger":3,"minecraft:coal":25,"minecraft:stick":3,"minecraft:cobweb":4,"minecraft:dirt":1,"bunker_down:airlock_iron_door":2,"hunting_delight:cookedhumanmeat":2,"minecraft:diorite":1,"minecraft:torch":9,"hunting_delight:huntingknife":1,"bunker_down:brittle_pickaxe":2,"minecraft:smooth_stone":3,"minecraft:birch_log":4,"minecraft:bucket":1,"minecraft:white_wool":1,"minecraft:bone":2,"minecraft:oak_door":2,"minecraft:gravel":1,"alexsmobs:animal_dictionary":1,"minecraft:birch_sapling":1,"minecraft:rotten_flesh":2,"minecraft:oak_sign":1,"spartanweaponry:katana_iron":2,"minecraft:potato":2,"minecraft:peony":8,"minecraft:andesite":3,"sanitydim:garland":1,"minecraft:oak_sapling":13,"bunker_down:underroot_stage_1":4,"minecraft:iron_ore":14,"minecraft:wooden_pickaxe":1,"minecraft:bow":1,"minecraft:beef":17}},"DataVersion":2586}