{"stats":{"minecraft:dropped":{"bunker_down:steel_vent":2,"minecraft:gold_ore":17,"minecraft:iron_sword":4,"minecraft:soul_sand":1,"minecraft:brown_mushroom":1,"minecraft:porkchop":1,"minecraft:oak_log":3,"minecraft:glass_bottle":2,"minecraft:diamond":3,"hunting_delight:humanmeat":14,"minecraft:lantern":1,"minecraft:dirt":3,"fallout_inspired_power_armor:interior_lining":6,"fallout_inspired_power_armor:catwalk":7,"minecraft:gold_nugget":9,"minecraft:iron_pickaxe":2,"alexsmobs:raccoon_tail":1,"bunker_down:ceiling_lamp":1,"minecraft:birch_log":4,"botania:white_mystical_flower":7,"spartanweaponry:throwing_knife_iron":1,"minecraft:white_wool":1,"minecraft:bone":9,"minecraft:gold_ingot":39,"minecraft:oak_door":2,"minecraft:gravel":1,"graveyard:tg_chiseled_deepslate":1,"minecraft:sugar_cane":5,"alexsmobs:animal_dictionary":1,"minecraft:birch_sapling":1,"mutantbeasts:mutant_skeleton_shoulder_pad":1,"mutantbeasts:mutant_skeleton_limb":5,"minecraft:rotten_flesh":58,"minecraft:oak_planks":3,"minecraft:cooked_mutton":5,"minecraft:gunpowder":28,"cgm:basic_bullet":80,"graveyard:tg_cobbled_deepslate_slab":2,"minecraft:ladder":6,"bunker_down:underroot_stage_1":7,"minecraft:iron_ore":14,"minecraft:beef":19,"fallout_inspired_power_armor:warped_x_02_boots":1,"minecraft:netherrack":4,"minecraft:egg":2,"minecraft:iron_ingot":7,"minecraft:wheat_seeds":3,"minecraft:poisonous_potato":4,"botania:gray_mystical_flower":4,"minecraft:granite":20,"mutantbeasts:mutant_skeleton_skull":1,"graveyard:bone_dagger":3,"mutantbeasts:mutant_skeleton_pelvis":1,"minecraft:coal":25,"minecraft:stick":4,"minecraft:cobweb":4,"bunker_down:airlock_iron_door":2,"hunting_delight:cookedhumanmeat":2,"minecraft:diorite":1,"minecraft:torch":12,"mutantbeasts:mutant_skeleton_rib":4,"minecraft:iron_axe":2,"hunting_delight:huntingknife":2,"bunker_down:brittle_pickaxe":2,"minecraft:smooth_stone":3,"minecraft:paper":3,"minecraft:bucket":1,"minecraft:spruce_sapling":6,"minecraft:redstone":2,"minecraft:bricks":1,"alexsmobs:maggot":1,"fallout_inspired_power_armor:warped_t_45_boots":1,"fallout_inspired_power_armor:warped_t_45_leggings":1,"fallout_inspired_power_armor:small_pipes":1,"projectarsenal:ar15_classic":1,"minecraft:oak_sign":1,"alexsmobs:bear_fur":4,"spartanweaponry:katana_iron":2,"minecraft:potato":2,"alexsmobs:cockroach_wing_fragment":3,"minecraft:peony":8,"graveyard:moss_block":1,"minecraft:diamond_pickaxe":1,"minecraft:andesite":3,"sanitydim:garland":2,"minecraft:oak_sapling":13,"minecraft:bow":1,"minecraft:stone_pickaxe":2,"minecraft:wooden_pickaxe":3,"botania:lime_mystical_flower":1},"minecraft:custom":{"minecraft:interact_with_crafting_table":77,"minecraft:open_barrel":1,"minecraft:leave_game":10,"minecraft:time_since_death":20729,"minecraft:sprint_one_cm":352020,"minecraft:damage_blocked_by_shield":260,"minecraft:drop":208,"minecraft:talked_to_villager":5,"minecraft:deaths":13,"minecraft:jump":3639,"minecraft:walk_on_water_one_cm":30524,"minecraft:interact_with_furnace":114,"minecraft:play_record":1,"minecraft:play_one_minute":307658,"minecraft:sleep_in_bed":18,"minecraft:damage_dealt":12045,"minecraft:player_kills":5,"minecraft:crouch_one_cm":42165,"minecraft:mob_kills":105,"minecraft:damage_dealt_resisted":2315,"minecraft:climb_one_cm":50452,"minecraft:walk_one_cm":845831,"minecraft:sneak_time":13604,"minecraft:walk_under_water_one_cm":13540,"minecraft:interact_with_blast_furnace":1,"minecraft:time_since_rest":20755,"minecraft:damage_absorbed":67,"minecraft:damage_taken":5501,"minecraft:trigger_trapped_chest":1,"minecraft:swim_one_cm":10785,"minecraft:fly_one_cm":527101,"minecraft:open_chest":217,"minecraft:fall_one_cm":86391},"minecraft:picked_up":{"cgm:basic_bullet":864,"fallout_inspired_power_armor:warped_t_45_boots":2,"minecraft:wither_rose":2,"minecraft:potion":2,"minecraft:nether_brick":13,"projectarsenal:ar15_classic":2,"minecraft:string":15,"minecraft:soul_soil":1,"minecraft:sticky_piston":1,"hunting_delight:sheepcorpse":4,"minecraft:oak_sign":2,"alexsmobs:dropbear_claw":2,"minecraft:sea_pickle":4,"minecraft:gold_nugget":189,"minecraft:smooth_stone":4,"minecraft:rose_bush":2,"fallout_inspired_power_armor:rusted_lining":7,"minecraft:iron_pickaxe":2,"alexsmobs:raccoon_tail":2,"spartanweaponry:katana_iron":1,"twilightforest:firefly_jar":6,"minecraft:furnace":7,"minecraft:iron_boots":1,"marbledsarsenal:machete":1,"minecraft:stick":56,"fallout_inspired_power_armor:human_skull":2,"minecraft:jukebox":1,"minecraft:torch":9,"mutantbeasts:mutant_skeleton_shoulder_pad":1,"minecraft:porkchop":7,"undead:blackpetal":2,"minecraft:diorite":12,"botania:white_mystical_flower":7,"graveyard:tg_cobbled_deepslate_slab":2,"minecraft:light_gray_bed":6,"minecraft:rotten_flesh":161,"minecraft:obsidian":5,"minecraft:iron_bars":1,"minecraft:snowball":6,"minecraft:cobblestone":407,"graveyard:tg_cracked_deepslate_tiles":1,"bunker_down:ceiling_lamp":25,"minecraft:birch_log":1,"mutantbeasts:mutant_skeleton_skull":2,"mutantbeasts:mutant_skeleton_limb":5,"minecraft:andesite":7,"bunker_down:steel_vent":8,"minecraft:potato":9,"undead:stuffedflesh":8,"alexsmobs:bear_fur":4,"minecraft:flint":6,"fallout_inspired_power_armor:cement":3,"minecraft:dirt":22,"minecraft:lantern":2,"fallout_inspired_power_armor:surgical_table":1,"cgm:grenade":14,"twilightforest:canopy_sapling":17,"minecraft:bone":102,"hunting_delight:horsecorpse":1,"minecraft:bow":1,"fallout_inspired_power_armor:composite":2,"minecraft:wheat_seeds":4,"botania:purple_mystical_flower":7,"croparia:seed_crop_iron":17,"minecraft:mossy_stone_bricks":1,"botania:gray_mystical_flower":4,"minecraft:oak_planks":6,"twilightforest:mushgloom":1,"graveyard:bone_dagger":3,"minecraft:sand":52,"twilightforest:canopy_log":49,"minecraft:lily_of_the_valley":10,"minecraft:diamond_block":1,"minecraft:spectral_arrow":35,"minecraft:mossy_cobblestone":3,"fallout_inspired_power_armor:interior_lining":13,"minecraft:light_gray_concrete":33,"minecraft:diamond":3,"minecraft:soul_lantern":1,"minecraft:lever":1,"mutantbeasts:mutant_skeleton_pelvis":1,"minecraft:granite":27,"minecraft:bone_meal":2,"alexsmobs:maggot":1,"minecraft:oak_sapling":14,"minecraft:netherrack":214,"minecraft:bricks":1,"twilightforest:torchberries":4,"fallout_inspired_power_armor:small_pipes":1,"fallout_inspired_power_armor:warped_t_45_leggings":1,"croparia:seed_crop_coal":2,"minecraft:crafting_table":2,"minecraft:allium":6,"minecraft:chicken":4,"minecraft:ladder":7,"minecraft:brown_mushroom":3,"minecraft:wooden_pickaxe":1,"minecraft:gold_block":1,"minecraft:cornflower":19,"minecraft:iron_axe":3,"fallout_inspired_power_armor:steel":2,"minecraft:blackstone":57,"twilightforest:iron_ladder":1,"minecraft:beef":45,"minecraft:iron_nugget":22,"minecraft:poppy":42,"minecraft:sugar_cane":9,"minecraft:chest":2,"minecraft:egg":2,"fallout_inspired_power_armor:warped_x_02_boots":1,"hunting_delight:humanmeat":10,"croparia:seed_crop_kiwi":2,"minecraft:carrot":2,"minecraft:redstone":28,"twilightforest:firefly":2,"botania:lime_mystical_flower":3,"minecraft:peony":9,"mutantbeasts:mutant_skeleton_rib":4,"minecraft:hay_block":4,"minecraft:gold_ingot":30,"minecraft:mutton":15,"minecraft:white_wool":4,"croparia:fruit_iron":5,"minecraft:salmon":8,"minecraft:leather":15,"hunting_delight:cowcorpse":6,"graveyard:tg_chiseled_deepslate":1,"minecraft:oak_log":66,"bunker_down:airlock_iron_door":5,"minecraft:gunpowder":28,"minecraft:paper":3,"bunker_down:steel_block":8,"botania:light_blue_mystical_flower":3,"minecraft:apple":4,"minecraft:kelp":6,"alexsmobs:cockroach_wing_fragment":4,"minecraft:iron_ingot":38,"minecraft:stone_pickaxe":1,"minecraft:iron_ore":198,"fallout_inspired_power_armor:catwalk":8,"minecraft:iron_sword":4,"minecraft:soul_sand":27,"bunker_down:underroot_stage_1":5,"minecraft:quartz":7,"minecraft:dandelion":40,"minecraft:gravel":89,"minecraft:spruce_sapling":6,"minecraft:spruce_log":13,"minecraft:gold_ore":17,"minecraft:mossy_stone_brick_slab":1,"minecraft:crying_obsidian":1,"minecraft:green_carpet":2,"graveyard:moss_block":5,"bunker_down:steel_block_slab":4,"minecraft:slime_ball":4,"minecraft:lodestone":1,"graveyard:tg_polished_deepslate_slab":2,"botania:brown_mystical_flower":1,"minecraft:coal":118,"minecraft:ender_pearl":2},"minecraft:crafted":{"minecraft:oak_planks":108,"spartanweaponry:scythe_iron":1,"minecraft:lever":1,"minecraft:cooked_mutton":15,"minecraft:glass":32,"minecraft:iron_boots":1,"minecraft:chest":4,"minecraft:stone_hoe":1,"minecraft:golden_boots":1,"minecraft:glass_bottle":18,"minecraft:cauldron":1,"minecraft:crafting_table":6,"minecraft:spruce_planks":24,"minecraft:wooden_pickaxe":1,"minecraft:iron_helmet":1,"fallout_inspired_power_armor:power_armor_researcj":1,"minecraft:iron_chestplate":2,"minecraft:charcoal":14,"minecraft:diamond_pickaxe":2,"minecraft:shield":1,"minecraft:stick":36,"minecraft:iron_ingot":161,"minecraft:iron_pickaxe":2,"minecraft:gold_ingot":35,"minecraft:iron_nugget":135,"minecraft:furnace":1,"minecraft:bone_meal":51,"sanitydim:garland":11,"minecraft:flint_and_steel":1,"minecraft:diamond":9,"minecraft:stone_pickaxe":1,"twilightforest:canopy_planks":52,"cgm:workbench":2,"hunting_delight:huntingknife":3,"minecraft:cooked_beef":55,"spartanweaponry:pole":4,"minecraft:bucket":4,"minecraft:stone_axe":1,"minecraft:air":0,"minecraft:iron_shovel":1,"minecraft:iron_leggings":1,"hunting_delight:cookedhumanmeat":7,"minecraft:torch":60,"mutantbeasts:mutant_skeleton_rib_cage":1},"minecraft:broken":{"sanitydim:garland":6,"minecraft:stone_axe":1},"minecraft:killed":{"twilightforest:hostile_wolf":1,"fallout_inspired_power_armor:veteran_raider":1,"minecraft:zombified_piglin":2,"minecraft:spider":2,"fallout_inspired_power_armor:raidermaster":1,"undead:themermaid":9,"fallout_inspired_power_armor:raider_leader":1,"undead:thebladedancer":2,"undead:theheavy":1,"minecraft:skeleton":4,"fallout_inspired_power_armor:raider_woman":3,"alexsmobs:grizzly_bear":2,"minecraft:salmon":9,"minecraft:iron_golem":1,"fallout_inspired_power_armor:armored_raider":11,"twilightforest:skeleton_druid":2,"minecraft:sheep":3,"fallout_inspired_power_armor:experienced_raider":3,"minecraft:zombie":10,"fallout_inspired_power_armor:companion":3,"minecraft:cow":7,"undead:sucker":3,"alexsmobs:raccoon":2,"alexsmobs:tasmanian_devil":1,"minecraft:horse":2,"twilightforest:hedge_spider":1,"alexsmobs:soul_vulture":1,"undead:themoonflower":8,"undead:lostsoul":1,"alexsmobs:cockroach":2,"undead:thestone":2},"minecraft:used":{"graveyard:tg_cracked_deepslate_tiles":1,"minecraft:iron_shovel":88,"minecraft:oak_sign":1,"bunker_down:ceiling_lamp":3,"minecraft:ladder":1,"minecraft:poppy":1,"minecraft:chest":5,"minecraft:shield":22,"graveyard:moss_block":4,"fallout_inspired_power_armor:interior_lining":7,"minecraft:soul_sand":26,"minecraft:lily_of_the_valley":7,"fallout_inspired_power_armor:surgical_table":1,"minecraft:lava_bucket":10,"minecraft:lantern":1,"minecraft:music_disc_chirp":1,"bunker_down:airlock_iron_door":2,"minecraft:furnace":6,"bunker_down:steel_vent":2,"minecraft:mossy_stone_bricks":1,"minecraft:stone_pickaxe":112,"croparia:seed_crop_iron":6,"minecraft:oak_planks":4,"minecraft:wooden_pickaxe":10,"minecraft:golden_apple":2,"minecraft:sticky_piston":1,"minecraft:lever":2,"bunker_down:steel_block":2,"twilightforest:mushgloom":1,"hunting_delight:cowcorpse":6,"fallout_inspired_power_armor:catwalk":1,"marbledsarsenal:machete":242,"minecraft:soul_lantern":1,"projectarsenal:ar15_classic":328,"minecraft:bone_meal":16,"twilightforest:canopy_planks":32,"hunting_delight:horsecorpse":1,"fallout_inspired_power_armor:cement":3,"fallout_inspired_power_armor:human_skull":2,"minecraft:flint_and_steel":2,"minecraft:redstone":1,"minecraft:stone_hoe":4,"minecraft:netherrack":172,"minecraft:torch":51,"minecraft:dirt":2,"cgm:workbench":2,"botania:purple_mystical_flower":1,"twilightforest:iron_ladder":1,"minecraft:soul_soil":1,"minecraft:cooked_beef":24,"botania:lime_mystical_flower":1,"minecraft:light_gray_bed":6,"minecraft:cooked_mutton":4,"minecraft:water_bucket":16,"hunting_delight:sheepcorpse":4,"minecraft:glass_bottle":25,"mutantbeasts:mutant_skeleton_skull":1,"minecraft:baked_potato":1,"botania:brown_mystical_flower":1,"graveyard:bone_dagger":2,"minecraft:mossy_cobblestone":3,"minecraft:crafting_table":9,"twilightforest:canopy_log":56,"botania:light_blue_mystical_flower":1,"minecraft:spruce_log":16,"minecraft:oak_log":57,"minecraft:diamond_pickaxe":381,"bunker_down:steel_block_slab":2,"bunker_down:underroot_stage_1":2,"spartanweaponry:throwing_knife_iron":1,"minecraft:iron_pickaxe":526,"cgm:grenade":3,"k-turrets:cobble_drone_item":1,"minecraft:stone_axe":58,"minecraft:green_carpet":2,"minecraft:cobblestone":267,"minecraft:potion":2,"minecraft:bucket":29,"alexsmobs:animal_dictionary":2,"minecraft:wither_rose":1,"minecraft:sea_pickle":3,"minecraft:dandelion":4,"minecraft:jukebox":1,"minecraft:smooth_stone":1},"minecraft:mined":{"croparia:block_crop_iron":6,"twilightforest:iron_ladder":1,"fallout_inspired_power_armor:small_pipes":1,"minecraft:mossy_stone_brick_slab":2,"minecraft:cobblestone_stairs":1,"hunting_delight:sheepcorpse":4,"minecraft:granite":8,"minecraft:grass_block":10,"graveyard:tg_polished_deepslate_slab":5,"minecraft:light_gray_bed":6,"minecraft:soul_soil":2,"fallout_inspired_power_armor:camera":3,"minecraft:oak_wall_sign":1,"minecraft:spawner":5,"minecraft:smooth_stone":4,"graveyard:wither_skull_with_rib_cage":1,"botania:purple_mystical_flower":7,"minecraft:iron_ore":140,"minecraft:sticky_piston":2,"minecraft:fire":8,"graveyard:leaning_wither_skeleton":1,"minecraft:iron_bars":1,"minecraft:light_gray_concrete":19,"fallout_inspired_power_armor:catwalk":8,"fallout_inspired_power_armor:armored_door_closed":1,"botania:brown_mystical_flower":1,"botania:light_blue_mystical_flower":3,"bunker_down:airlock_iron_door":6,"fallout_inspired_power_armor:rusted_lining":7,"minecraft:torch":1,"minecraft:poppy":42,"botania:purple_double_flower":1,"minecraft:chest":2,"minecraft:dead_bush":1,"minecraft:nether_quartz_ore":1,"minecraft:cobblestone":67,"minecraft:oak_planks":3,"minecraft:sugar_cane":2,"bunker_down:underroot":2,"minecraft:wall_torch":2,"graveyard:wither_skeleton_hand":1,"fallout_inspired_power_armor:debri":8,"minecraft:birch_log":1,"minecraft:wheat":5,"fallout_inspired_power_armor:computer":4,"bunker_down:steel_block_slab":2,"minecraft:jukebox":1,"graveyard:skull_pile":1,"fallout_inspired_power_armor:cement":3,"minecraft:wither_rose":1,"minecraft:grass":39,"minecraft:oak_log":64,"minecraft:dirt":6,"fallout_inspired_power_armor:cage_light":3,"minecraft:sand":53,"twilightforest:canopy_log":57,"minecraft:netherrack":222,"minecraft:oak_leaves":9,"minecraft:nether_gold_ore":48,"twilightforest:firefly":1,"fallout_inspired_power_armor:dead_scientist_2":2,"fallout_inspired_power_armor:dead_scientist_1":1,"minecraft:mossy_cobblestone":5,"fallout_inspired_power_armor:test_subject":1,"minecraft:lever":1,"minecraft:ladder":2,"minecraft:allium":6,"graveyard:tg_cracked_deepslate_tiles":1,"minecraft:redstone_wire":1,"fallout_inspired_power_armor:floor_blood":2,"minecraft:spruce_leaves":1,"minecraft:large_fern":2,"minecraft:hay_block":4,"twilightforest:mushgloom":1,"minecraft:redstone_ore":5,"minecraft:furnace":7,"minecraft:andesite":12,"minecraft:diamond_block":1,"bunker_down:steel_vent":7,"minecraft:gold_block":1,"minecraft:peony":9,"graveyard:tg_deepslate_tiles":1,"fallout_inspired_power_armor:sandbag":1,"minecraft:potatoes":5,"twilightforest:firefly_jar":6,"graveyard:tg_cobbled_deepslate_slab":5,"graveyard:tg_deepslate_tile_stairs":1,"hunting_delight:cowcorpse":6,"bunker_down:steel_block":9,"minecraft:stone":241,"bunker_down:ceiling_lamp":13,"botania:lime_mystical_flower":3,"croparia:block_crop_coal":2,"graveyard:tg_chiseled_deepslate":1,"minecraft:soul_sand":4,"minecraft:lily_of_the_valley":16,"twilightforest:hedge":1,"fallout_inspired_power_armor:surgical_table":1,"minecraft:dandelion":40,"minecraft:crafting_table":2,"minecraft:cornflower":19,"minecraft:rose_bush":3,"fallout_inspired_power_armor:rusty_wires":20,"minecraft:tall_grass":8,"minecraft:diorite":12,"hunting_delight:horsecorpse":1,"croparia:block_crop_kiwi":2,"graveyard:vase_block":2,"fallout_inspired_power_armor:interior_lining":7,"minecraft:ice":7,"minecraft:spruce_log":16,"fallout_inspired_power_armor:human_skull":2,"graveyard:moss_block":5,"fallout_inspired_power_armor:floor_paper":1,"botania:white_mystical_flower":7,"minecraft:coal_ore":56,"mutantbeasts:mutant_skeleton_skull":1,"twilightforest:moss_patch":2,"minecraft:gravel":42,"graveyard:leaning_skeleton":1,"minecraft:lodestone":1,"botania:gray_mystical_flower":2,"minecraft:mossy_stone_bricks":6,"minecraft:gold_ore":17,"minecraft:fern":1},"minecraft:killed_by":{"undead:theheavy":1,"undead:themermaid":1,"alexsmobs:grizzly_bear":2,"minecraft:player":4,"undead:lostsoul":1,"mutantbeasts:mutant_skeleton":1,"fallout_inspired_power_armor:experienced_raider":1}},"DataVersion":2586}