{"stats":{"minecraft:used":{"graveyard:tg_cracked_deepslate_tiles":1,"minecraft:iron_shovel":88,"minecraft:oak_sign":1,"bunker_down:ceiling_lamp":3,"minecraft:ladder":1,"minecraft:chest":5,"minecraft:shield":22,"graveyard:moss_block":4,"fallout_inspired_power_armor:interior_lining":7,"minecraft:soul_sand":26,"fallout_inspired_power_armor:surgical_table":1,"minecraft:lava_bucket":10,"minecraft:lantern":1,"bunker_down:airlock_iron_door":2,"minecraft:furnace":6,"bunker_down:steel_vent":2,"minecraft:stone_pickaxe":112,"minecraft:oak_planks":2,"minecraft:wooden_pickaxe":10,"toughasnails:water_canteen":26,"minecraft:golden_apple":2,"minecraft:sticky_piston":1,"minecraft:lever":2,"bunker_down:steel_block":2,"hunting_delight:cowcorpse":6,"fallout_inspired_power_armor:catwalk":1,"minecraft:soul_lantern":1,"marbledsarsenal:machete":242,"projectarsenal:ar15_classic":61,"minecraft:bone_meal":3,"hunting_delight:horsecorpse":1,"fallout_inspired_power_armor:cement":3,"minecraft:flint_and_steel":2,"toughasnails:water_purifier":1,"minecraft:redstone":1,"minecraft:stone_hoe":4,"minecraft:netherrack":172,"minecraft:torch":50,"minecraft:dirt":1,"cgm:workbench":2,"toughasnails:empty_canteen":5,"botania:purple_mystical_flower":1,"minecraft:soul_soil":1,"minecraft:cooked_beef":13,"minecraft:light_gray_bed":4,"minecraft:cooked_mutton":4,"minecraft:water_bucket":9,"hunting_delight:sheepcorpse":4,"minecraft:glass_bottle":25,"mutantbeasts:mutant_skeleton_skull":1,"minecraft:baked_potato":1,"graveyard:bone_dagger":2,"minecraft:mossy_cobblestone":1,"minecraft:crafting_table":8,"minecraft:spruce_log":16,"minecraft:oak_log":57,"minecraft:diamond_pickaxe":375,"bunker_down:steel_block_slab":2,"bunker_down:underroot_stage_1":2,"spartanweaponry:throwing_knife_iron":1,"minecraft:iron_pickaxe":505,"minecraft:stone_axe":56,"minecraft:cobblestone":249,"minecraft:potion":2,"toughasnails:purified_water_bottle":11,"toughasnails:purified_water_canteen":13,"minecraft:bucket":21,"alexsmobs:animal_dictionary":2,"minecraft:wither_rose":1,"minecraft:smooth_stone":1},"minecraft:dropped":{"bunker_down:steel_vent":2,"minecraft:gold_ore":17,"minecraft:iron_sword":4,"minecraft:soul_sand":1,"minecraft:porkchop":1,"minecraft:oak_log":3,"minecraft:glass_bottle":2,"hunting_delight:humanmeat":12,"minecraft:lantern":1,"minecraft:dirt":3,"fallout_inspired_power_armor:interior_lining":6,"fallout_inspired_power_armor:catwalk":7,"minecraft:gold_nugget":9,"minecraft:iron_pickaxe":2,"alexsmobs:raccoon_tail":1,"botania:white_mystical_flower":7,"minecraft:birch_log":4,"spartanweaponry:throwing_knife_iron":1,"bunker_down:ceiling_lamp":1,"minecraft:white_wool":1,"minecraft:gold_ingot":39,"minecraft:bone":9,"minecraft:oak_door":2,"minecraft:gravel":1,"graveyard:tg_chiseled_deepslate":1,"minecraft:sugar_cane":5,"alexsmobs:animal_dictionary":1,"minecraft:birch_sapling":1,"mutantbeasts:mutant_skeleton_shoulder_pad":1,"mutantbeasts:mutant_skeleton_limb":5,"minecraft:rotten_flesh":56,"minecraft:oak_planks":3,"minecraft:cooked_mutton":5,"minecraft:gunpowder":28,"cgm:basic_bullet":80,"graveyard:tg_cobbled_deepslate_slab":2,"minecraft:ladder":6,"bunker_down:underroot_stage_1":7,"minecraft:iron_ore":14,"minecraft:beef":19,"fallout_inspired_power_armor:warped_x_02_boots":1,"minecraft:netherrack":4,"minecraft:egg":2,"minecraft:iron_ingot":7,"minecraft:wheat_seeds":3,"minecraft:poisonous_potato":4,"botania:gray_mystical_flower":4,"minecraft:granite":20,"mutantbeasts:mutant_skeleton_skull":1,"graveyard:bone_dagger":3,"mutantbeasts:mutant_skeleton_pelvis":1,"minecraft:coal":25,"minecraft:stick":4,"minecraft:cobweb":4,"bunker_down:airlock_iron_door":2,"hunting_delight:cookedhumanmeat":2,"minecraft:diorite":1,"minecraft:torch":12,"mutantbeasts:mutant_skeleton_rib":4,"minecraft:iron_axe":2,"hunting_delight:huntingknife":2,"bunker_down:brittle_pickaxe":2,"minecraft:smooth_stone":3,"minecraft:paper":3,"minecraft:bucket":1,"minecraft:spruce_sapling":6,"minecraft:redstone":2,"minecraft:bricks":1,"alexsmobs:maggot":1,"fallout_inspired_power_armor:warped_t_45_boots":1,"fallout_inspired_power_armor:warped_t_45_leggings":1,"fallout_inspired_power_armor:small_pipes":1,"projectarsenal:ar15_classic":1,"minecraft:oak_sign":1,"alexsmobs:bear_fur":4,"spartanweaponry:katana_iron":2,"minecraft:potato":2,"alexsmobs:cockroach_wing_fragment":3,"minecraft:peony":8,"graveyard:moss_block":1,"minecraft:diamond_pickaxe":1,"minecraft:andesite":3,"sanitydim:garland":2,"minecraft:oak_sapling":13,"minecraft:bow":1,"minecraft:stone_pickaxe":2,"minecraft:wooden_pickaxe":3,"botania:lime_mystical_flower":1},"minecraft:killed_by":{"alexsmobs:grizzly_bear":2,"minecraft:player":3,"undead:lostsoul":1,"mutantbeasts:mutant_skeleton":1,"fallout_inspired_power_armor:experienced_raider":1},"minecraft:mined":{"fallout_inspired_power_armor:small_pipes":1,"minecraft:mossy_stone_brick_slab":2,"minecraft:cobblestone_stairs":1,"hunting_delight:sheepcorpse":4,"minecraft:granite":8,"minecraft:grass_block":1,"graveyard:tg_polished_deepslate_slab":5,"minecraft:light_gray_bed":4,"minecraft:soul_soil":2,"fallout_inspired_power_armor:camera":3,"minecraft:oak_wall_sign":1,"minecraft:smooth_stone":4,"graveyard:wither_skull_with_rib_cage":1,"botania:purple_mystical_flower":7,"minecraft:iron_ore":140,"minecraft:sticky_piston":2,"minecraft:fire":8,"graveyard:leaning_wither_skeleton":1,"minecraft:iron_bars":1,"minecraft:light_gray_concrete":19,"fallout_inspired_power_armor:catwalk":8,"fallout_inspired_power_armor:armored_door_closed":1,"botania:light_blue_mystical_flower":2,"bunker_down:airlock_iron_door":6,"fallout_inspired_power_armor:rusted_lining":7,"minecraft:torch":1,"minecraft:poppy":42,"botania:purple_double_flower":1,"minecraft:chest":2,"minecraft:dead_bush":1,"minecraft:nether_quartz_ore":1,"minecraft:cobblestone":64,"minecraft:sugar_cane":2,"minecraft:oak_planks":1,"bunker_down:underroot":2,"minecraft:wall_torch":2,"graveyard:wither_skeleton_hand":1,"minecraft:birch_log":1,"fallout_inspired_power_armor:debri":8,"minecraft:wheat":5,"fallout_inspired_power_armor:computer":4,"bunker_down:steel_block_slab":2,"minecraft:jukebox":1,"fallout_inspired_power_armor:cement":3,"graveyard:skull_pile":1,"minecraft:wither_rose":1,"minecraft:grass":24,"minecraft:oak_log":64,"fallout_inspired_power_armor:cage_light":3,"minecraft:sand":53,"minecraft:dirt":1,"minecraft:netherrack":222,"minecraft:oak_leaves":9,"minecraft:nether_gold_ore":48,"fallout_inspired_power_armor:dead_scientist_2":2,"fallout_inspired_power_armor:dead_scientist_1":1,"minecraft:mossy_cobblestone":3,"fallout_inspired_power_armor:test_subject":1,"minecraft:lever":1,"minecraft:ladder":2,"graveyard:tg_cracked_deepslate_tiles":1,"minecraft:redstone_wire":1,"fallout_inspired_power_armor:floor_blood":2,"minecraft:spruce_leaves":1,"minecraft:large_fern":2,"minecraft:hay_block":4,"minecraft:redstone_ore":5,"minecraft:furnace":7,"minecraft:andesite":12,"minecraft:diamond_block":1,"bunker_down:steel_vent":7,"minecraft:peony":8,"minecraft:gold_block":1,"graveyard:tg_deepslate_tiles":1,"fallout_inspired_power_armor:sandbag":1,"minecraft:potatoes":5,"graveyard:tg_cobbled_deepslate_slab":5,"graveyard:tg_deepslate_tile_stairs":1,"hunting_delight:cowcorpse":6,"bunker_down:steel_block":9,"minecraft:stone":241,"bunker_down:ceiling_lamp":13,"botania:lime_mystical_flower":1,"graveyard:tg_chiseled_deepslate":1,"minecraft:soul_sand":4,"minecraft:lily_of_the_valley":16,"fallout_inspired_power_armor:surgical_table":1,"minecraft:dandelion":36,"minecraft:crafting_table":2,"minecraft:cornflower":10,"fallout_inspired_power_armor:rusty_wires":20,"minecraft:tall_grass":1,"minecraft:diorite":12,"hunting_delight:horsecorpse":1,"graveyard:vase_block":2,"fallout_inspired_power_armor:interior_lining":7,"minecraft:ice":7,"minecraft:spruce_log":16,"fallout_inspired_power_armor:human_skull":1,"graveyard:moss_block":5,"fallout_inspired_power_armor:floor_paper":1,"botania:white_mystical_flower":7,"minecraft:coal_ore":56,"mutantbeasts:mutant_skeleton_skull":1,"minecraft:gravel":42,"graveyard:leaning_skeleton":1,"minecraft:lodestone":1,"botania:gray_mystical_flower":2,"minecraft:gold_ore":17},"minecraft:crafted":{"minecraft:oak_planks":108,"spartanweaponry:scythe_iron":1,"minecraft:lever":1,"minecraft:cooked_mutton":15,"minecraft:glass":32,"minecraft:iron_boots":1,"minecraft:chest":4,"minecraft:stone_hoe":1,"minecraft:golden_boots":1,"minecraft:glass_bottle":18,"minecraft:cauldron":1,"minecraft:crafting_table":5,"minecraft:spruce_planks":24,"minecraft:wooden_pickaxe":1,"minecraft:iron_helmet":1,"fallout_inspired_power_armor:power_armor_researcj":1,"minecraft:charcoal":14,"minecraft:iron_chestplate":2,"minecraft:diamond_pickaxe":2,"toughasnails:water_purifier":1,"minecraft:shield":1,"minecraft:stick":36,"minecraft:iron_pickaxe":2,"minecraft:iron_ingot":151,"minecraft:gold_ingot":35,"toughasnails:empty_canteen":1,"minecraft:iron_nugget":54,"minecraft:furnace":1,"minecraft:bone_meal":3,"sanitydim:garland":8,"minecraft:flint_and_steel":1,"minecraft:diamond":9,"minecraft:stone_pickaxe":1,"cgm:workbench":2,"hunting_delight:huntingknife":3,"minecraft:cooked_beef":55,"spartanweaponry:pole":4,"minecraft:bucket":4,"minecraft:stone_axe":1,"minecraft:air":0,"minecraft:iron_shovel":1,"minecraft:iron_leggings":1,"hunting_delight:cookedhumanmeat":7,"minecraft:torch":60},"minecraft:picked_up":{"cgm:basic_bullet":288,"fallout_inspired_power_armor:warped_t_45_boots":2,"minecraft:wither_rose":2,"minecraft:potion":2,"minecraft:nether_brick":13,"projectarsenal:ar15_classic":1,"minecraft:string":14,"minecraft:soul_soil":1,"minecraft:sticky_piston":1,"hunting_delight:sheepcorpse":4,"minecraft:oak_sign":2,"alexsmobs:dropbear_claw":2,"minecraft:gold_nugget":189,"minecraft:smooth_stone":4,"fallout_inspired_power_armor:rusted_lining":7,"minecraft:iron_pickaxe":2,"alexsmobs:raccoon_tail":1,"spartanweaponry:katana_iron":1,"minecraft:iron_boots":1,"minecraft:furnace":7,"marbledsarsenal:machete":1,"fallout_inspired_power_armor:human_skull":1,"minecraft:stick":20,"minecraft:jukebox":1,"minecraft:torch":9,"minecraft:porkchop":7,"mutantbeasts:mutant_skeleton_shoulder_pad":1,"minecraft:diorite":12,"botania:white_mystical_flower":7,"graveyard:tg_cobbled_deepslate_slab":2,"minecraft:light_gray_bed":4,"minecraft:rotten_flesh":81,"minecraft:obsidian":5,"minecraft:iron_bars":1,"minecraft:cobblestone":403,"graveyard:tg_cracked_deepslate_tiles":1,"bunker_down:ceiling_lamp":25,"minecraft:birch_log":1,"mutantbeasts:mutant_skeleton_skull":2,"mutantbeasts:mutant_skeleton_limb":5,"minecraft:andesite":7,"bunker_down:steel_vent":8,"minecraft:potato":9,"alexsmobs:bear_fur":4,"minecraft:flint":6,"fallout_inspired_power_armor:cement":3,"minecraft:lantern":2,"minecraft:dirt":2,"fallout_inspired_power_armor:surgical_table":1,"minecraft:bone":88,"hunting_delight:horsecorpse":1,"minecraft:bow":1,"fallout_inspired_power_armor:composite":2,"minecraft:wheat_seeds":2,"botania:purple_mystical_flower":7,"botania:gray_mystical_flower":4,"minecraft:oak_planks":4,"toughasnails:purified_water_canteen":1,"graveyard:bone_dagger":3,"minecraft:sand":52,"minecraft:lily_of_the_valley":10,"minecraft:diamond_block":1,"minecraft:spectral_arrow":35,"minecraft:mossy_cobblestone":1,"fallout_inspired_power_armor:interior_lining":13,"minecraft:light_gray_concrete":33,"minecraft:soul_lantern":1,"minecraft:lever":1,"mutantbeasts:mutant_skeleton_pelvis":1,"minecraft:granite":27,"minecraft:bone_meal":2,"alexsmobs:maggot":1,"minecraft:oak_sapling":14,"minecraft:netherrack":214,"minecraft:bricks":1,"fallout_inspired_power_armor:small_pipes":1,"fallout_inspired_power_armor:warped_t_45_leggings":1,"minecraft:crafting_table":2,"minecraft:chicken":4,"minecraft:ladder":7,"minecraft:wooden_pickaxe":1,"minecraft:gold_block":1,"minecraft:cornflower":10,"minecraft:iron_axe":3,"fallout_inspired_power_armor:steel":2,"minecraft:blackstone":57,"minecraft:beef":45,"minecraft:iron_nugget":22,"minecraft:poppy":42,"minecraft:sugar_cane":6,"minecraft:chest":2,"minecraft:egg":2,"fallout_inspired_power_armor:warped_x_02_boots":1,"hunting_delight:humanmeat":8,"minecraft:carrot":2,"minecraft:redstone":28,"botania:lime_mystical_flower":1,"minecraft:peony":8,"mutantbeasts:mutant_skeleton_rib":4,"minecraft:hay_block":4,"minecraft:gold_ingot":30,"minecraft:mutton":15,"minecraft:white_wool":4,"minecraft:salmon":8,"minecraft:leather":15,"hunting_delight:cowcorpse":6,"graveyard:tg_chiseled_deepslate":1,"minecraft:oak_log":66,"bunker_down:airlock_iron_door":5,"minecraft:gunpowder":28,"minecraft:paper":3,"bunker_down:steel_block":8,"botania:light_blue_mystical_flower":2,"minecraft:apple":4,"alexsmobs:cockroach_wing_fragment":4,"minecraft:iron_ingot":38,"minecraft:stone_pickaxe":1,"minecraft:iron_ore":197,"fallout_inspired_power_armor:catwalk":8,"minecraft:iron_sword":4,"minecraft:soul_sand":27,"bunker_down:underroot_stage_1":5,"minecraft:quartz":7,"minecraft:dandelion":36,"minecraft:gravel":89,"minecraft:spruce_sapling":6,"minecraft:spruce_log":13,"minecraft:gold_ore":17,"graveyard:moss_block":5,"minecraft:crying_obsidian":1,"minecraft:mossy_stone_brick_slab":1,"bunker_down:steel_block_slab":4,"minecraft:lodestone":1,"minecraft:coal":117,"graveyard:tg_polished_deepslate_slab":2,"minecraft:ender_pearl":2},"minecraft:killed":{"fallout_inspired_power_armor:veteran_raider":1,"minecraft:zombified_piglin":2,"minecraft:spider":1,"fallout_inspired_power_armor:raidermaster":1,"fallout_inspired_power_armor:raider_leader":1,"undead:thebladedancer":2,"minecraft:skeleton":2,"fallout_inspired_power_armor:raider_woman":3,"alexsmobs:grizzly_bear":2,"minecraft:salmon":9,"minecraft:iron_golem":1,"fallout_inspired_power_armor:armored_raider":11,"minecraft:sheep":3,"fallout_inspired_power_armor:experienced_raider":3,"fallout_inspired_power_armor:companion":3,"minecraft:zombie":2,"minecraft:cow":7,"alexsmobs:raccoon":1,"alexsmobs:tasmanian_devil":1,"minecraft:horse":2,"undead:themoonflower":5,"undead:lostsoul":1,"alexsmobs:cockroach":2,"undead:thestone":1},"minecraft:broken":{"sanitydim:garland":3,"toughasnails:water_canteen":3,"toughasnails:purified_water_canteen":2},"minecraft:custom":{"minecraft:interact_with_crafting_table":71,"minecraft:open_barrel":1,"minecraft:leave_game":7,"minecraft:time_since_death":16051,"minecraft:sprint_one_cm":277850,"minecraft:damage_blocked_by_shield":260,"minecraft:drop":201,"minecraft:talked_to_villager":5,"minecraft:deaths":10,"minecraft:jump":3117,"minecraft:walk_on_water_one_cm":29245,"minecraft:interact_with_furnace":114,"minecraft:play_one_minute":242541,"minecraft:sleep_in_bed":14,"minecraft:damage_dealt":11802,"minecraft:player_kills":5,"minecraft:crouch_one_cm":30500,"minecraft:mob_kills":68,"minecraft:damage_dealt_resisted":2107,"minecraft:climb_one_cm":42492,"minecraft:walk_one_cm":702410,"minecraft:sneak_time":10186,"minecraft:walk_under_water_one_cm":13472,"minecraft:time_since_rest":0,"minecraft:damage_taken":3626,"minecraft:damage_absorbed":67,"minecraft:swim_one_cm":10033,"minecraft:fly_one_cm":445602,"minecraft:open_chest":144,"minecraft:fall_one_cm":70038}},"DataVersion":2586}