{"stats":{"minecraft:picked_up":{"minecraft:crafting_table":2,"minecraft:ladder":3,"minecraft:wooden_pickaxe":1,"minecraft:wither_rose":2,"minecraft:sticky_piston":1,"hunting_delight:sheepcorpse":4,"minecraft:oak_sign":2,"minecraft:smooth_stone":4,"minecraft:beef":35,"minecraft:poppy":42,"minecraft:iron_pickaxe":2,"alexsmobs:raccoon_tail":1,"spartanweaponry:katana_iron":1,"minecraft:chest":1,"minecraft:furnace":5,"minecraft:egg":1,"marbledsarsenal:machete":1,"minecraft:stick":17,"hunting_delight:humanmeat":5,"minecraft:torch":9,"minecraft:diorite":12,"minecraft:redstone":25,"graveyard:tg_cobbled_deepslate_slab":2,"minecraft:light_gray_bed":2,"minecraft:rotten_flesh":26,"botania:lime_mystical_flower":1,"minecraft:peony":8,"minecraft:mutton":15,"minecraft:iron_bars":1,"minecraft:white_wool":3,"minecraft:cobblestone":402,"graveyard:tg_cracked_deepslate_tiles":1,"bunker_down:ceiling_lamp":25,"minecraft:birch_log":1,"minecraft:andesite":7,"minecraft:salmon":8,"minecraft:leather":3,"bunker_down:steel_vent":8,"minecraft:potato":5,"hunting_delight:cowcorpse":6,"alexsmobs:bear_fur":4,"graveyard:tg_chiseled_deepslate":1,"minecraft:flint":6,"minecraft:oak_log":61,"bunker_down:airlock_iron_door":4,"minecraft:dirt":1,"minecraft:paper":3,"minecraft:lantern":1,"botania:light_blue_mystical_flower":2,"bunker_down:steel_block":8,"fallout_inspired_power_armor:surgical_table":1,"minecraft:bone":78,"minecraft:apple":4,"minecraft:bow":1,"minecraft:wheat_seeds":1,"minecraft:stone_pickaxe":1,"minecraft:iron_ore":197,"minecraft:oak_planks":4,"botania:gray_mystical_flower":4,"minecraft:soul_sand":1,"bunker_down:underroot_stage_1":5,"graveyard:bone_dagger":3,"minecraft:dandelion":34,"minecraft:gravel":73,"minecraft:sand":49,"minecraft:diamond_block":1,"minecraft:lily_of_the_valley":10,"minecraft:gold_ore":17,"minecraft:mossy_stone_brick_slab":1,"bunker_down:steel_block_slab":4,"fallout_inspired_power_armor:interior_lining":13,"minecraft:light_gray_concrete":33,"minecraft:lever":1,"minecraft:granite":27,"minecraft:bone_meal":2,"minecraft:oak_sapling":14,"minecraft:bricks":1,"graveyard:tg_polished_deepslate_slab":2,"minecraft:coal":117},"minecraft:custom":{"minecraft:mob_kills":30,"minecraft:interact_with_crafting_table":48,"minecraft:open_barrel":1,"minecraft:leave_game":4,"minecraft:time_since_death":2296,"minecraft:climb_one_cm":32481,"minecraft:sprint_one_cm":91081,"minecraft:walk_one_cm":478138,"minecraft:damage_blocked_by_shield":40,"minecraft:drop":117,"minecraft:talked_to_villager":3,"minecraft:deaths":6,"minecraft:sneak_time":3892,"minecraft:walk_under_water_one_cm":12950,"minecraft:jump":1366,"minecraft:walk_on_water_one_cm":25568,"minecraft:interact_with_furnace":103,"minecraft:play_one_minute":146320,"minecraft:sleep_in_bed":12,"minecraft:time_since_rest":0,"minecraft:damage_absorbed":40,"minecraft:damage_taken":1782,"minecraft:damage_dealt":5073,"minecraft:player_kills":5,"minecraft:swim_one_cm":9246,"minecraft:fly_one_cm":92490,"minecraft:open_chest":84,"minecraft:crouch_one_cm":10430,"minecraft:fall_one_cm":24025},"minecraft:killed_by":{"minecraft:player":3,"alexsmobs:grizzly_bear":2},"minecraft:dropped":{"bunker_down:steel_vent":2,"minecraft:gold_ore":17,"minecraft:iron_ingot":7,"minecraft:wheat_seeds":2,"minecraft:oak_log":3,"hunting_delight:humanmeat":10,"minecraft:poisonous_potato":4,"botania:gray_mystical_flower":4,"minecraft:lantern":1,"minecraft:granite":20,"graveyard:bone_dagger":3,"minecraft:coal":25,"minecraft:stick":4,"minecraft:cobweb":4,"minecraft:dirt":3,"bunker_down:airlock_iron_door":2,"fallout_inspired_power_armor:interior_lining":6,"hunting_delight:cookedhumanmeat":2,"minecraft:diorite":1,"minecraft:torch":12,"hunting_delight:huntingknife":2,"minecraft:iron_pickaxe":2,"bunker_down:brittle_pickaxe":2,"minecraft:smooth_stone":3,"minecraft:paper":3,"minecraft:birch_log":4,"alexsmobs:raccoon_tail":1,"bunker_down:ceiling_lamp":1,"minecraft:white_wool":1,"minecraft:bucket":1,"minecraft:oak_door":2,"minecraft:bone":9,"minecraft:gravel":1,"minecraft:bricks":1,"graveyard:tg_chiseled_deepslate":1,"minecraft:sugar_cane":5,"alexsmobs:animal_dictionary":1,"minecraft:birch_sapling":1,"minecraft:rotten_flesh":24,"minecraft:oak_planks":3,"minecraft:oak_sign":1,"alexsmobs:bear_fur":4,"spartanweaponry:katana_iron":2,"minecraft:potato":2,"minecraft:peony":8,"minecraft:diamond_pickaxe":1,"minecraft:andesite":3,"sanitydim:garland":2,"minecraft:oak_sapling":13,"graveyard:tg_cobbled_deepslate_slab":2,"minecraft:ladder":2,"bunker_down:underroot_stage_1":7,"minecraft:iron_ore":14,"minecraft:bow":1,"minecraft:stone_pickaxe":2,"minecraft:beef":19,"minecraft:wooden_pickaxe":3,"botania:lime_mystical_flower":1,"minecraft:egg":1},"minecraft:crafted":{"minecraft:oak_planks":64,"spartanweaponry:scythe_iron":1,"minecraft:furnace":1,"minecraft:lever":1,"sanitydim:garland":6,"minecraft:cooked_mutton":15,"minecraft:glass":29,"minecraft:diamond":9,"minecraft:iron_boots":1,"minecraft:stone_pickaxe":1,"minecraft:chest":2,"minecraft:stone_hoe":1,"cgm:workbench":1,"hunting_delight:huntingknife":3,"minecraft:cooked_beef":55,"minecraft:glass_bottle":15,"spartanweaponry:pole":4,"minecraft:crafting_table":3,"minecraft:wooden_pickaxe":1,"minecraft:iron_helmet":1,"minecraft:bucket":3,"minecraft:stone_axe":1,"minecraft:air":0,"minecraft:iron_chestplate":2,"minecraft:diamond_pickaxe":2,"minecraft:charcoal":13,"toughasnails:water_purifier":1,"minecraft:shield":1,"minecraft:stick":36,"minecraft:iron_ingot":114,"minecraft:iron_pickaxe":2,"minecraft:iron_shovel":1,"minecraft:iron_leggings":1,"minecraft:gold_ingot":6,"hunting_delight:cookedhumanmeat":7,"minecraft:torch":60},"minecraft:mined":{"minecraft:mossy_stone_brick_slab":2,"hunting_delight:sheepcorpse":4,"minecraft:lever":1,"minecraft:ladder":2,"minecraft:granite":8,"graveyard:tg_polished_deepslate_slab":5,"graveyard:tg_cracked_deepslate_tiles":1,"minecraft:light_gray_bed":2,"minecraft:redstone_wire":1,"minecraft:soul_soil":1,"minecraft:spruce_leaves":1,"minecraft:oak_wall_sign":1,"minecraft:large_fern":1,"graveyard:wither_skull_with_rib_cage":1,"minecraft:smooth_stone":4,"minecraft:redstone_ore":5,"minecraft:furnace":5,"minecraft:iron_ore":140,"minecraft:sticky_piston":2,"graveyard:leaning_wither_skeleton":1,"minecraft:andesite":12,"minecraft:diamond_block":1,"bunker_down:steel_vent":7,"minecraft:peony":8,"graveyard:tg_deepslate_tiles":1,"minecraft:potatoes":5,"minecraft:iron_bars":1,"graveyard:tg_cobbled_deepslate_slab":5,"minecraft:light_gray_concrete":19,"graveyard:tg_deepslate_tile_stairs":1,"hunting_delight:cowcorpse":6,"bunker_down:steel_block":9,"minecraft:stone":241,"botania:light_blue_mystical_flower":2,"bunker_down:ceiling_lamp":13,"bunker_down:airlock_iron_door":5,"botania:lime_mystical_flower":1,"graveyard:tg_chiseled_deepslate":1,"minecraft:soul_sand":1,"minecraft:lily_of_the_valley":16,"fallout_inspired_power_armor:surgical_table":1,"minecraft:dandelion":36,"minecraft:torch":1,"minecraft:crafting_table":2,"minecraft:poppy":42,"minecraft:chest":1,"minecraft:dead_bush":1,"minecraft:cobblestone":59,"minecraft:oak_planks":1,"minecraft:wall_torch":2,"bunker_down:underroot":2,"minecraft:diorite":12,"graveyard:vase_block":2,"graveyard:wither_skeleton_hand":1,"fallout_inspired_power_armor:interior_lining":7,"fallout_inspired_power_armor:debri":5,"minecraft:birch_log":1,"minecraft:wheat":5,"bunker_down:steel_block_slab":2,"minecraft:wither_rose":1,"minecraft:grass":8,"fallout_inspired_power_armor:floor_paper":1,"minecraft:coal_ore":56,"minecraft:oak_log":59,"minecraft:gravel":42,"graveyard:leaning_skeleton":1,"minecraft:dirt":1,"minecraft:sand":49,"botania:gray_mystical_flower":2,"minecraft:gold_ore":17,"minecraft:oak_leaves":9},"minecraft:used":{"graveyard:tg_cracked_deepslate_tiles":1,"minecraft:iron_shovel":88,"toughasnails:water_purifier":1,"minecraft:ladder":1,"minecraft:oak_sign":1,"minecraft:chest":2,"minecraft:shield":1,"minecraft:stone_hoe":4,"minecraft:torch":50,"fallout_inspired_power_armor:interior_lining":7,"minecraft:soul_sand":1,"cgm:workbench":1,"fallout_inspired_power_armor:surgical_table":1,"bunker_down:airlock_iron_door":2,"minecraft:furnace":4,"minecraft:light_gray_bed":2,"minecraft:cooked_mutton":4,"bunker_down:steel_vent":2,"minecraft:water_bucket":2,"minecraft:baked_potato":1,"hunting_delight:sheepcorpse":4,"minecraft:stone_pickaxe":112,"minecraft:glass_bottle":19,"minecraft:oak_planks":2,"minecraft:wooden_pickaxe":10,"graveyard:bone_dagger":2,"minecraft:golden_apple":1,"minecraft:crafting_table":6,"minecraft:sticky_piston":1,"minecraft:oak_log":52,"minecraft:lever":2,"bunker_down:steel_block":2,"minecraft:diamond_pickaxe":32,"bunker_down:steel_block_slab":2,"bunker_down:underroot_stage_1":2,"minecraft:iron_pickaxe":505,"hunting_delight:cowcorpse":6,"minecraft:stone_axe":52,"marbledsarsenal:machete":54,"minecraft:cobblestone":184,"toughasnails:purified_water_bottle":7,"minecraft:bucket":4,"alexsmobs:animal_dictionary":2,"minecraft:wither_rose":1,"minecraft:smooth_stone":1},"minecraft:killed":{"alexsmobs:raccoon":1,"alexsmobs:tasmanian_devil":1,"minecraft:skeleton":2,"undead:themoonflower":5,"alexsmobs:grizzly_bear":2,"minecraft:salmon":9,"minecraft:sheep":3,"minecraft:zombie":1,"undead:thestone":1,"minecraft:cow":5},"minecraft:broken":{"sanitydim:garland":2}},"DataVersion":2586}