{"stats":{"minecraft:custom":{"minecraft:mob_kills":23,"minecraft:interact_with_crafting_table":44,"minecraft:leave_game":2,"minecraft:time_since_death":4674,"minecraft:climb_one_cm":23203,"minecraft:sprint_one_cm":86463,"minecraft:walk_one_cm":376093,"minecraft:damage_blocked_by_shield":40,"minecraft:drop":85,"minecraft:deaths":5,"minecraft:sneak_time":3074,"minecraft:walk_under_water_one_cm":7633,"minecraft:jump":1186,"minecraft:walk_on_water_one_cm":23450,"minecraft:interact_with_furnace":102,"minecraft:play_one_minute":127582,"minecraft:sleep_in_bed":7,"minecraft:time_since_rest":4693,"minecraft:damage_taken":1504,"minecraft:damage_dealt":3514,"minecraft:swim_one_cm":9246,"minecraft:fly_one_cm":87553,"minecraft:player_kills":4,"minecraft:open_chest":43,"minecraft:crouch_one_cm":8690,"minecraft:fall_one_cm":17866},"minecraft:dropped":{"bunker_down:steel_vent":2,"minecraft:gold_ore":17,"minecraft:iron_ingot":7,"minecraft:wheat_seeds":2,"minecraft:oak_log":3,"hunting_delight:humanmeat":10,"minecraft:poisonous_potato":4,"botania:gray_mystical_flower":4,"minecraft:lantern":1,"minecraft:granite":20,"graveyard:bone_dagger":3,"minecraft:coal":25,"minecraft:stick":3,"minecraft:cobweb":4,"minecraft:dirt":3,"bunker_down:airlock_iron_door":2,"hunting_delight:cookedhumanmeat":2,"minecraft:diorite":1,"minecraft:torch":12,"minecraft:iron_pickaxe":2,"hunting_delight:huntingknife":2,"bunker_down:brittle_pickaxe":2,"minecraft:smooth_stone":3,"alexsmobs:raccoon_tail":1,"bunker_down:ceiling_lamp":1,"minecraft:birch_log":4,"minecraft:white_wool":1,"minecraft:bucket":1,"minecraft:bone":2,"minecraft:oak_door":2,"minecraft:gravel":1,"graveyard:tg_chiseled_deepslate":1,"minecraft:sugar_cane":5,"alexsmobs:animal_dictionary":1,"minecraft:birch_sapling":1,"minecraft:rotten_flesh":4,"minecraft:oak_planks":3,"minecraft:oak_sign":1,"alexsmobs:bear_fur":4,"spartanweaponry:katana_iron":2,"minecraft:potato":2,"minecraft:peony":8,"minecraft:andesite":3,"sanitydim:garland":2,"minecraft:oak_sapling":13,"bunker_down:underroot_stage_1":4,"minecraft:iron_ore":14,"minecraft:stone_pickaxe":2,"minecraft:beef":19,"minecraft:bow":1,"minecraft:wooden_pickaxe":3,"botania:lime_mystical_flower":1,"minecraft:egg":1},"minecraft:mined":{"hunting_delight:sheepcorpse":4,"minecraft:lever":1,"minecraft:granite":8,"graveyard:tg_cracked_deepslate_tiles":1,"minecraft:light_gray_bed":2,"minecraft:oak_wall_sign":1,"minecraft:large_fern":1,"minecraft:smooth_stone":4,"minecraft:redstone_ore":5,"minecraft:furnace":5,"minecraft:iron_ore":140,"minecraft:andesite":12,"minecraft:diamond_block":1,"bunker_down:steel_vent":5,"minecraft:peony":8,"graveyard:tg_deepslate_tiles":1,"graveyard:tg_deepslate_tile_stairs":1,"minecraft:light_gray_concrete":17,"hunting_delight:cowcorpse":6,"bunker_down:steel_block":3,"minecraft:stone":241,"botania:light_blue_mystical_flower":2,"bunker_down:ceiling_lamp":11,"bunker_down:airlock_iron_door":4,"botania:lime_mystical_flower":1,"graveyard:tg_chiseled_deepslate":1,"minecraft:lily_of_the_valley":16,"minecraft:dandelion":36,"minecraft:crafting_table":2,"minecraft:torch":1,"minecraft:poppy":42,"minecraft:chest":1,"minecraft:cobblestone":58,"minecraft:oak_planks":1,"minecraft:diorite":12,"minecraft:wall_torch":1,"graveyard:vase_block":1,"minecraft:birch_log":1,"bunker_down:steel_block_slab":2,"minecraft:wither_rose":1,"minecraft:grass":4,"minecraft:oak_log":59,"minecraft:coal_ore":56,"minecraft:gravel":42,"minecraft:sand":49,"minecraft:dirt":1,"botania:gray_mystical_flower":2,"minecraft:gold_ore":17,"minecraft:oak_leaves":9},"minecraft:crafted":{"minecraft:oak_planks":56,"spartanweaponry:scythe_iron":1,"minecraft:furnace":1,"minecraft:lever":1,"sanitydim:garland":6,"minecraft:cooked_mutton":15,"minecraft:glass":29,"minecraft:diamond":9,"minecraft:iron_boots":1,"minecraft:stone_pickaxe":1,"minecraft:chest":2,"minecraft:stone_hoe":1,"cgm:workbench":1,"hunting_delight:huntingknife":3,"minecraft:cooked_beef":55,"minecraft:glass_bottle":15,"spartanweaponry:pole":4,"minecraft:crafting_table":2,"minecraft:wooden_pickaxe":1,"minecraft:iron_helmet":1,"minecraft:bucket":3,"minecraft:stone_axe":1,"minecraft:air":0,"minecraft:iron_chestplate":2,"minecraft:charcoal":13,"toughasnails:water_purifier":1,"minecraft:shield":1,"minecraft:stick":28,"minecraft:iron_ingot":114,"minecraft:iron_pickaxe":2,"minecraft:iron_leggings":1,"minecraft:iron_shovel":1,"minecraft:gold_ingot":6,"hunting_delight:cookedhumanmeat":7,"minecraft:torch":44},"minecraft:broken":{"sanitydim:garland":2},"minecraft:used":{"minecraft:iron_shovel":88,"toughasnails:water_purifier":1,"minecraft:oak_sign":1,"minecraft:chest":2,"minecraft:shield":1,"minecraft:stone_hoe":4,"minecraft:torch":47,"cgm:workbench":1,"bunker_down:airlock_iron_door":1,"minecraft:furnace":4,"minecraft:light_gray_bed":1,"minecraft:cooked_mutton":4,"bunker_down:steel_vent":2,"minecraft:water_bucket":2,"hunting_delight:sheepcorpse":4,"minecraft:baked_potato":1,"minecraft:glass_bottle":19,"minecraft:stone_pickaxe":112,"minecraft:oak_planks":2,"minecraft:wooden_pickaxe":10,"graveyard:bone_dagger":2,"minecraft:crafting_table":5,"minecraft:oak_log":52,"minecraft:lever":2,"bunker_down:steel_block":2,"bunker_down:steel_block_slab":2,"minecraft:iron_pickaxe":491,"hunting_delight:cowcorpse":6,"minecraft:stone_axe":52,"marbledsarsenal:machete":22,"minecraft:cobblestone":149,"toughasnails:purified_water_bottle":7,"minecraft:bucket":4,"minecraft:wither_rose":1,"alexsmobs:animal_dictionary":2,"minecraft:smooth_stone":1},"minecraft:picked_up":{"minecraft:crafting_table":2,"minecraft:wooden_pickaxe":1,"minecraft:wither_rose":2,"hunting_delight:sheepcorpse":4,"minecraft:oak_sign":2,"minecraft:smooth_stone":4,"minecraft:beef":35,"minecraft:poppy":42,"minecraft:iron_pickaxe":2,"alexsmobs:raccoon_tail":1,"spartanweaponry:katana_iron":1,"minecraft:chest":1,"minecraft:egg":1,"minecraft:furnace":5,"marbledsarsenal:machete":1,"minecraft:stick":16,"hunting_delight:humanmeat":5,"minecraft:torch":7,"minecraft:diorite":12,"minecraft:redstone":24,"minecraft:light_gray_bed":2,"minecraft:rotten_flesh":4,"botania:lime_mystical_flower":1,"minecraft:peony":8,"minecraft:mutton":15,"graveyard:tg_cracked_deepslate_tiles":1,"minecraft:white_wool":3,"minecraft:cobblestone":401,"bunker_down:ceiling_lamp":23,"minecraft:birch_log":1,"minecraft:andesite":7,"minecraft:salmon":8,"minecraft:leather":3,"graveyard:tg_chiseled_deepslate":1,"bunker_down:steel_vent":7,"alexsmobs:bear_fur":4,"hunting_delight:cowcorpse":6,"minecraft:flint":6,"minecraft:oak_log":61,"bunker_down:airlock_iron_door":3,"minecraft:lantern":1,"minecraft:dirt":1,"botania:light_blue_mystical_flower":2,"bunker_down:steel_block":2,"minecraft:bone":67,"minecraft:apple":4,"minecraft:bow":1,"minecraft:wheat_seeds":1,"minecraft:stone_pickaxe":1,"minecraft:iron_ore":197,"botania:gray_mystical_flower":4,"minecraft:oak_planks":4,"graveyard:bone_dagger":3,"minecraft:dandelion":34,"minecraft:gravel":73,"minecraft:sand":49,"minecraft:diamond_block":1,"minecraft:lily_of_the_valley":10,"minecraft:gold_ore":17,"bunker_down:steel_block_slab":4,"minecraft:light_gray_concrete":31,"minecraft:lever":1,"minecraft:granite":27,"minecraft:bone_meal":2,"minecraft:oak_sapling":14,"minecraft:coal":117},"minecraft:killed":{"alexsmobs:raccoon":1,"minecraft:skeleton":2,"alexsmobs:grizzly_bear":2,"minecraft:salmon":9,"minecraft:sheep":3,"undead:thestone":1,"minecraft:cow":5},"minecraft:killed_by":{"minecraft:player":3,"alexsmobs:grizzly_bear":2}},"DataVersion":2586}