{"stats":{"minecraft:used":{"minecraft:birch_planks":32,"minecraft:stone_pickaxe":46,"minecraft:stone_shovel":110,"minecraft:dried_kelp":3,"minecraft:shield":4,"minecraft:birch_boat":9,"minecraft:wooden_pickaxe":10,"minecraft:sandstone":12,"minecraft:salmon":2,"minecraft:torch":3,"minecraft:dirt":3,"minecraft:sand":51,"minecraft:mutton":16,"minecraft:crafting_table":8,"minecraft:carrot":5,"minecraft:cod":3,"the_silence:bloque_sonrisa":2,"minecraft:black_wool":1,"minecraft:iron_boots":1,"minecraft:stone_axe":74,"minecraft:light_gray_wool":1,"minecraft:tripwire_hook":1,"minecraft:fishing_rod":24,"minecraft:golden_carrot":1,"minecraft:cobblestone":10,"minecraft:potion":1,"minecraft:furnace":1,"minecraft:porkchop":4,"the_silence:sad_satan":2},"minecraft:killed_by":{"minecraft:player":1},"minecraft:killed":{"minecraft:pig":4,"minecraft:sheep":12,"minecraft:horse":2},"minecraft:dropped":{"minecraft:glass_bottle":1,"minecraft:birch_sapling":1,"minecraft:pufferfish":1,"minecraft:filled_map":1,"minecraft:jungle_slab":1,"minecraft:coast_armor_trim_smithing_template":2,"minecraft:wooden_pickaxe":1,"minecraft:stone_pickaxe":1},"minecraft:crafted":{"minecraft:golden_carrot":5,"minecraft:stone_shovel":1,"minecraft:crafting_table":1,"minecraft:birch_boat":2,"minecraft:dried_kelp":3,"minecraft:wooden_pickaxe":1,"minecraft:furnace":1,"minecraft:birch_planks":76,"minecraft:stone_axe":1,"minecraft:air":0,"minecraft:iron_boots":1,"minecraft:iron_chestplate":1,"minecraft:diamond_pickaxe":1,"minecraft:gold_nugget":36,"minecraft:shield":1,"minecraft:stick":12,"minecraft:stone_pickaxe":1,"minecraft:torch":4},"minecraft:picked_up":{"minecraft:birch_log":19,"minecraft:fishing_rod":2,"minecraft:crafting_table":9,"minecraft:feather":5,"minecraft:golden_carrot":4,"minecraft:tripwire_hook":1,"minecraft:salmon":8,"minecraft:leather":3,"minecraft:potion":1,"minecraft:wooden_pickaxe":3,"minecraft:filled_map":1,"minecraft:birch_planks":96,"minecraft:shield":1,"minecraft:lapis_lazuli":5,"minecraft:dirt":3,"minecraft:pufferfish":4,"minecraft:coast_armor_trim_smithing_template":4,"the_silence:flashlightoff":2,"minecraft:kelp":18,"minecraft:gold_nugget":6,"minecraft:spruce_planks":1,"minecraft:iron_ingot":1,"minecraft:stone_pickaxe":1,"minecraft:iron_nugget":7,"minecraft:light_gray_wool":1,"minecraft:birch_sapling":1,"minecraft:iron_boots":1,"minecraft:furnace":2,"minecraft:stick":2,"minecraft:sandstone":63,"minecraft:birch_boat":9,"minecraft:torch":2,"minecraft:bowl":1,"the_silence:bloque_sonrisa":2,"the_silence:sad_satan":3,"minecraft:porkchop":14,"minecraft:sand":179,"minecraft:ink_sac":10,"minecraft:jungle_slab":2,"minecraft:tnt":3,"minecraft:rotten_flesh":2,"minecraft:stone_shovel":1,"minecraft:stone_axe":1,"minecraft:saddle":1,"minecraft:emerald":5,"minecraft:black_wool":1,"minecraft:mutton":34,"minecraft:cod":13,"minecraft:coal":1,"minecraft:white_wool":10,"minecraft:cobblestone":29},"minecraft:mined":{"minecraft:spruce_planks":1,"minecraft:jungle_slab":1,"the_silence:sad_satan":3,"the_silence:bloque_sonrisa":2,"minecraft:crafting_table":7,"minecraft:torch":3,"minecraft:grass_block":1,"minecraft:sandstone":29,"minecraft:birch_planks":23,"minecraft:furnace":1,"minecraft:birch_log":19,"minecraft:grass":7,"minecraft:coal_ore":1,"minecraft:dirt":2,"minecraft:sand":107,"minecraft:stone":25},"minecraft:custom":{"minecraft:interact_with_furnace":6,"minecraft:mob_kills":19,"minecraft:interact_with_crafting_table":16,"minecraft:leave_game":1,"minecraft:time_since_death":11913,"minecraft:time_since_rest":11936,"minecraft:sprint_one_cm":50055,"minecraft:damage_taken":1833,"minecraft:walk_one_cm":68483,"minecraft:damage_blocked_by_shield":280,"minecraft:drop":9,"minecraft:damage_dealt":2516,"minecraft:swim_one_cm":40349,"minecraft:fly_one_cm":89761,"minecraft:player_kills":4,"minecraft:open_chest":3,"minecraft:crouch_one_cm":9971,"minecraft:play_time":52702,"minecraft:deaths":4,"minecraft:sneak_time":6427,"minecraft:walk_under_water_one_cm":4124,"minecraft:boat_one_cm":401105,"minecraft:jump":704,"minecraft:walk_on_water_one_cm":7677,"minecraft:total_world_time":52702,"minecraft:fish_caught":10,"minecraft:fall_one_cm":26886}},"DataVersion":3465}