{"stats":{"minecraft:mined":{"botania:red_mystical_flower":2,"hunting_delight:sheepcorpse":3,"minecraft:granite":8,"minecraft:grass_block":27,"graveyard:tg_polished_deepslate_slab":3,"minecraft:light_gray_bed":4,"minecraft:oak_pressure_plate":1,"minecraft:coal_block":5,"minecraft:oak_wall_sign":3,"minecraft:iron_ore":56,"minecraft:fire":3,"minecraft:oak_stairs":2,"minecraft:light_gray_concrete":3,"botania:brown_mystical_flower":2,"bunker_down:airlock_iron_door":3,"minecraft:torch":10,"minecraft:cobblestone":25,"botania:blue_mystical_flower":4,"minecraft:sugar_cane":6,"minecraft:bricks":1,"minecraft:wall_torch":8,"minecraft:stone_brick_stairs":2,"minecraft:grass":22,"minecraft:oak_log":66,"minecraft:sand":6,"minecraft:dirt":23,"minecraft:oak_leaves":10,"minecraft:gray_stained_glass_pane":1,"minecraft:ladder":2,"minecraft:redstone_wire":2,"minecraft:furnace":1,"minecraft:andesite":14,"bunker_down:airlock_iron_trapdoor":1,"bunker_down:steel_vent":15,"minecraft:mossy_stone_brick_stairs":3,"minecraft:vine":1,"botania:livingrock":16,"graveyard:tg_cobbled_deepslate_slab":1,"minecraft:stripped_oak_log":4,"botania:pure_daisy":1,"hunting_delight:cowcorpse":5,"bunker_down:steel_block":15,"minecraft:stone":110,"bunker_down:ceiling_lamp":1,"minecraft:glass_pane":1,"botania:white_buried_petals":7,"minecraft:lily_of_the_valley":1,"minecraft:oak_fence":1,"minecraft:crafting_table":1,"minecraft:tall_grass":1,"minecraft:diorite":3,"botania:livingwood":20,"botania:cyan_mystical_flower":4,"k-turrets:titanium_ore":17,"fallout_inspired_power_armor:interior_lining":1,"graveyard:moss_block":1,"minecraft:coal_ore":44,"hunting_delight:chickencorpse":2,"minecraft:gravel":25,"minecraft:cobweb":2,"minecraft:stone_bricks":1,"minecraft:mossy_stone_bricks":1},"minecraft:killed":{"alexsmobs:lobster":1,"minecraft:spider":2,"undead:theheavy":1,"minecraft:skeleton":4,"undead:thepregnant":1,"minecraft:chicken":2,"undead:spitter":2,"undead:thebomber":3,"alexsmobs:grizzly_bear":1,"minecraft:zombie_villager":2,"minecraft:creeper":7,"minecraft:zombie":21,"minecraft:donkey":2,"alexsmobs:fly":4,"minecraft:cow":4,"alexsmobs:soul_vulture":2,"undead:themoonflower":18,"mutantbeasts:mutant_skeleton":1,"undead:thescreamer":1,"minecraft:villager":1},"minecraft:used":{"minecraft:iron_shovel":21,"botania:white_petal":7,"minecraft:ladder":2,"bunker_down:ceiling_lamp":1,"minecraft:oak_sign":4,"minecraft:chest":3,"minecraft:shield":4,"minecraft:stone":25,"minecraft:iron_sword":3,"k-turrets:cobble_turret_item":1,"fallout_inspired_power_armor:interior_lining":1,"marbledsarsenal:bone_saw":22,"minecraft:lava_bucket":2,"bunker_down:airlock_iron_door":1,"minecraft:furnace":4,"minecraft:egg":1,"minecraft:diorite":3,"cfm:oak_park_bench":4,"minecraft:stone_pickaxe":50,"minecraft:oak_planks":17,"minecraft:wooden_pickaxe":28,"spartanweaponry:boomerang_diamond":8,"minecraft:sugar_cane":6,"minecraft:blast_furnace":1,"bunker_down:steel_block":7,"minecraft:light_gray_concrete":3,"graveyard:tg_polished_deepslate_slab":1,"hunting_delight:cowcorpse":5,"minecraft:gravel":16,"marbledsarsenal:machete":68,"botania:pure_daisy":4,"minecraft:andesite":6,"projectarsenal:ar15_classic":360,"botania:hydroangeas":2,"cfm:stripped_oak_desk_cabinet":2,"minecraft:torch":25,"minecraft:dirt":20,"minecraft:granite":2,"hunting_delight:chickencorpse":2,"minecraft:iron_axe":55,"minecraft:cooked_beef":12,"minecraft:light_gray_bed":4,"minecraft:cooked_mutton":10,"minecraft:water_bucket":11,"hunting_delight:sheepcorpse":3,"graveyard:bone_dagger":2,"minecraft:crafting_table":5,"botania:apothecary_default":1,"minecraft:spruce_log":6,"minecraft:oak_log":85,"minecraft:diamond_pickaxe":82,"minecraft:apple":1,"spartanweaponry:katana_steel":2,"spartanweaponry:throwing_knife_iron":14,"minecraft:iron_pickaxe":243,"cgm:grenade":1,"k-turrets:cobble_drone_item":2,"hunting_delight:rot":1,"minecraft:cobblestone":48,"minecraft:bucket":17,"alexsmobs:animal_dictionary":6,"minecraft:smooth_stone":3},"minecraft:dropped":{"bunker_down:steel_vent":2,"minecraft:oak_pressure_plate":2,"minecraft:cooked_beef":1,"minecraft:oak_log":16,"minecraft:crafting_table":2,"hunting_delight:humanmeat":4,"botania:cyan_petal":4,"spartanweaponry:katana_steel":1,"minecraft:leather":1,"minecraft:mossy_stone_brick_stairs":2,"minecraft:iron_pickaxe":2,"botania:white_petal":11,"minecraft:birch_log":1,"spartanweaponry:throwing_knife_iron":2,"minecraft:bone":1,"minecraft:oak_door":2,"minecraft:gravel":1,"minecraft:rotten_flesh":4,"minecraft:oak_planks":37,"minecraft:carrot":1,"minecraft:poppy":2,"minecraft:gunpowder":28,"minecraft:ladder":2,"minecraft:stone_brick_stairs":2,"minecraft:iron_ingot":15,"minecraft:wheat_seeds":8,"minecraft:oak_fence":2,"minecraft:cobblestone":164,"minecraft:apple":3,"graveyard:bone_dagger":7,"minecraft:golden_apple":1,"minecraft:coal":11,"minecraft:stick":14,"minecraft:oak_stairs":1,"minecraft:furnace":1,"marbledsarsenal:machete":2,"minecraft:stone_sword":2,"minecraft:oak_sign":2,"minecraft:blast_furnace":2,"minecraft:cobblestone_slab":4,"minecraft:shield":1,"alexsmobs:lobster_tail":1,"minecraft:iron_chestplate":3,"sanitydim:garland":1,"minecraft:mossy_stone_bricks":1,"bunker_down:steel_block":16,"minecraft:stone_pickaxe":2,"botania:blue_petal":4},"minecraft:picked_up":{"minecraft:iron_chestplate":2,"cgm:basic_bullet":208,"minecraft:oak_stairs":3,"botania:livingwood":19,"minecraft:stone_brick_stairs":4,"projectarsenal:ar15_classic":1,"minecraft:string":3,"hunting_delight:sheepcorpse":3,"minecraft:oak_sign":4,"minecraft:smooth_stone":3,"minecraft:bucket":1,"botania:hydroangeas":2,"minecraft:cobblestone_slab":4,"minecraft:iron_pickaxe":1,"minecraft:coal_block":5,"minecraft:furnace":1,"marbledsarsenal:machete":2,"minecraft:stick":18,"minecraft:oak_fence":3,"minecraft:torch":31,"mutantbeasts:mutant_skeleton_shoulder_pad":1,"undead:blackpetal":4,"minecraft:diorite":3,"botania:white_mystical_flower":7,"graveyard:tg_cobbled_deepslate_slab":2,"minecraft:stone_sword":2,"minecraft:light_gray_bed":4,"minecraft:rotten_flesh":87,"botania:livingrock":16,"hunting_delight:chickencorpse":2,"alexsmobs:lobster_tail":1,"minecraft:cobblestone":293,"bunker_down:ceiling_lamp":1,"minecraft:birch_log":1,"minecraft:feather":10,"minecraft:cooked_beef":1,"mutantbeasts:mutant_skeleton_skull":1,"mutantbeasts:mutant_skeleton_limb":8,"minecraft:andesite":22,"bunker_down:steel_vent":15,"alexsmobs:bear_fur":2,"k-turrets:raw_titanium":17,"minecraft:dirt":50,"cgm:grenade":2,"minecraft:bone":110,"botania:cyan_mystical_flower":4,"minecraft:bow":2,"minecraft:wheat_seeds":8,"minecraft:mossy_stone_bricks":2,"botania:gray_mystical_flower":2,"minecraft:mossy_stone_brick_stairs":3,"k-turrets:cobble_drone_item":2,"botania:red_mystical_flower":2,"graveyard:bone_dagger":4,"minecraft:oak_pressure_plate":3,"minecraft:sand":12,"minecraft:lily_of_the_valley":7,"fallout_inspired_power_armor:interior_lining":1,"minecraft:light_gray_concrete":3,"hunting_delight:huntingknife":1,"mutantbeasts:mutant_skeleton_pelvis":1,"minecraft:granite":6,"minecraft:bone_meal":3,"alexsmobs:maggot":2,"minecraft:oak_sapling":17,"minecraft:diamond_pickaxe":1,"minecraft:crafting_table":2,"minecraft:azure_bluet":1,"minecraft:chicken":2,"minecraft:ladder":5,"minecraft:shield":1,"botania:pure_daisy":4,"minecraft:beef":54,"minecraft:poppy":2,"minecraft:sugar_cane":9,"minecraft:chest":1,"minecraft:egg":1,"minecraft:oak_door":2,"hunting_delight:humanmeat":11,"hunting_delight:cookedhumanmeat":2,"minecraft:redstone":1,"minecraft:arrow":5,"mutantbeasts:mutant_skeleton_rib":6,"minecraft:peony":8,"botania:blue_mystical_flower":4,"minecraft:mutton":3,"minecraft:stripped_oak_log":4,"minecraft:leather":7,"hunting_delight:cowcorpse":5,"minecraft:oak_log":65,"bunker_down:airlock_iron_door":6,"minecraft:gunpowder":38,"sanitydim:garland":2,"bunker_down:steel_block":32,"minecraft:apple":1,"minecraft:stone_bricks":1,"minecraft:iron_ingot":11,"minecraft:stone_pickaxe":1,"minecraft:iron_ore":56,"minecraft:glass_bottle":2,"minecraft:gravel":26,"hunting_delight:rot":1,"minecraft:blast_furnace":1,"botania:white_petal":10,"minecraft:gold_ore":17,"graveyard:moss_block":1,"minecraft:slime_ball":1,"minecraft:coal":44,"graveyard:tg_polished_deepslate_slab":4,"botania:brown_mystical_flower":2},"minecraft:broken":{"sanitydim:garland":1},"minecraft:custom":{"minecraft:interact_with_crafting_table":76,"minecraft:open_barrel":1,"minecraft:leave_game":14,"minecraft:time_since_death":189097,"minecraft:sprint_one_cm":239106,"minecraft:damage_blocked_by_shield":100,"minecraft:drop":112,"minecraft:talked_to_villager":5,"minecraft:deaths":9,"minecraft:jump":2975,"minecraft:walk_on_water_one_cm":14519,"minecraft:interact_with_furnace":85,"minecraft:play_one_minute":366583,"minecraft:sleep_in_bed":26,"minecraft:damage_dealt":4477,"minecraft:player_kills":8,"minecraft:crouch_one_cm":5819,"minecraft:mob_kills":91,"minecraft:damage_dealt_resisted":178,"minecraft:climb_one_cm":58071,"minecraft:walk_one_cm":956481,"minecraft:sneak_time":5832,"minecraft:walk_under_water_one_cm":3687,"minecraft:interact_with_blast_furnace":8,"minecraft:time_since_rest":6162,"minecraft:damage_taken":3867,"minecraft:fly_one_cm":348015,"minecraft:open_chest":189,"minecraft:fall_one_cm":62497},"minecraft:crafted":{"minecraft:smooth_stone":3,"minecraft:oak_planks":100,"minecraft:cobblestone_slab":6,"marbledsarsenal:steel_sheet":4,"minecraft:oak_sign":3,"botania:mana_pool":1,"minecraft:stone":28,"spartanweaponry:katana_steel":1,"minecraft:cooked_mutton":3,"minecraft:glass":5,"graveyard:bone_dagger":4,"minecraft:bow":2,"botania:twig_wand":1,"minecraft:iron_boots":1,"marbledsarsenal:machete":2,"minecraft:chest":3,"cfm:oak_park_bench":4,"botania:cyan_petal":8,"minecraft:crafting_table":4,"minecraft:spruce_planks":4,"k-turrets:cobble_turret_item":1,"minecraft:iron_helmet":1,"minecraft:wooden_pickaxe":1,"marbledsarsenal:raw_steel":5,"botania:livingwood_twig":3,"botania:lime_petal":2,"minecraft:dispenser":2,"minecraft:iron_chestplate":1,"minecraft:book":1,"minecraft:paper":3,"minecraft:charcoal":13,"spartanweaponry:boomerang_diamond":1,"minecraft:stick":24,"minecraft:iron_pickaxe":1,"minecraft:iron_ingot":60,"minecraft:gold_ingot":2,"botania:apothecary_default":1,"k-turrets:cobble_drone_item":1,"marbledsarsenal:bone_saw":1,"minecraft:iron_nugget":9,"minecraft:furnace":2,"minecraft:blast_furnace":1,"botania:blue_petal":8,"minecraft:bone_meal":24,"minecraft:iron_axe":1,"minecraft:ladder":3,"botania:white_petal":12,"cfm:stripped_oak_desk_cabinet":2,"minecraft:stone_pickaxe":1,"botania:light_blue_petal":4,"k-turrets:titanium_ingot":17,"minecraft:lead":2,"minecraft:cooked_beef":23,"minecraft:iron_sword":1,"spartanweaponry:handle":1,"botania:lexicon":1,"minecraft:bucket":1,"minecraft:air":0,"hunting_delight:medium_leather_bag":1,"marbledsarsenal:steel_ingot":5,"minecraft:iron_leggings":1,"hunting_delight:cookedhumanmeat":2,"minecraft:torch":8},"minecraft:killed_by":{"minecraft:player":7,"mutantbeasts:mutant_skeleton":1,"minecraft:skeleton":1}},"DataVersion":2586}