{"stats":{"minecraft:killed_by":{"minecraft:player":7,"minecraft:skeleton":1},"minecraft:picked_up":{"minecraft:crafting_table":2,"minecraft:iron_chestplate":2,"minecraft:chicken":2,"minecraft:ladder":2,"minecraft:shield":1,"minecraft:string":2,"hunting_delight:sheepcorpse":3,"minecraft:oak_sign":4,"minecraft:smooth_stone":3,"minecraft:bucket":1,"minecraft:beef":44,"minecraft:iron_pickaxe":1,"minecraft:chest":1,"minecraft:egg":1,"marbledsarsenal:machete":2,"minecraft:stick":14,"minecraft:oak_door":2,"hunting_delight:humanmeat":8,"minecraft:torch":30,"hunting_delight:cookedhumanmeat":2,"minecraft:diorite":3,"minecraft:stone_sword":2,"graveyard:tg_cobbled_deepslate_slab":2,"minecraft:arrow":2,"minecraft:rotten_flesh":4,"minecraft:light_gray_bed":4,"minecraft:peony":8,"hunting_delight:chickencorpse":2,"minecraft:mutton":3,"alexsmobs:lobster_tail":1,"minecraft:cobblestone":277,"bunker_down:ceiling_lamp":1,"minecraft:stripped_oak_log":4,"minecraft:birch_log":1,"minecraft:feather":10,"minecraft:cooked_beef":1,"minecraft:andesite":22,"minecraft:leather":7,"bunker_down:steel_vent":15,"hunting_delight:cowcorpse":4,"alexsmobs:bear_fur":2,"minecraft:oak_log":42,"bunker_down:airlock_iron_door":4,"sanitydim:garland":2,"minecraft:dirt":28,"bunker_down:steel_block":32,"minecraft:bone":77,"minecraft:apple":1,"minecraft:bow":1,"minecraft:iron_ingot":11,"minecraft:stone_pickaxe":1,"minecraft:iron_ore":56,"minecraft:glass_bottle":2,"botania:gray_mystical_flower":2,"graveyard:bone_dagger":4,"minecraft:gravel":26,"minecraft:sand":6,"minecraft:blast_furnace":1,"minecraft:lily_of_the_valley":7,"minecraft:gold_ore":17,"minecraft:light_gray_concrete":2,"hunting_delight:huntingknife":1,"minecraft:granite":6,"minecraft:bone_meal":3,"alexsmobs:maggot":2,"minecraft:oak_sapling":10,"graveyard:tg_polished_deepslate_slab":4,"minecraft:coal":44,"minecraft:diamond_pickaxe":1},"minecraft:mined":{"hunting_delight:sheepcorpse":3,"minecraft:gray_stained_glass_pane":1,"minecraft:ladder":2,"minecraft:granite":8,"minecraft:grass_block":7,"graveyard:tg_polished_deepslate_slab":3,"minecraft:light_gray_bed":4,"minecraft:oak_wall_sign":3,"minecraft:iron_ore":56,"minecraft:fire":3,"minecraft:andesite":14,"bunker_down:airlock_iron_trapdoor":1,"bunker_down:steel_vent":15,"minecraft:vine":1,"graveyard:tg_cobbled_deepslate_slab":1,"minecraft:light_gray_concrete":2,"minecraft:stripped_oak_log":4,"hunting_delight:cowcorpse":4,"bunker_down:steel_block":15,"minecraft:stone":106,"bunker_down:ceiling_lamp":1,"bunker_down:airlock_iron_door":1,"minecraft:lily_of_the_valley":1,"minecraft:crafting_table":1,"minecraft:torch":10,"minecraft:cobblestone":13,"minecraft:bricks":1,"minecraft:diorite":3,"minecraft:wall_torch":7,"minecraft:oak_log":43,"minecraft:coal_ore":44,"hunting_delight:chickencorpse":2,"minecraft:gravel":25,"minecraft:dirt":21,"minecraft:cobweb":2,"minecraft:oak_leaves":3},"minecraft:used":{"minecraft:oak_sign":4,"bunker_down:ceiling_lamp":1,"minecraft:chest":1,"minecraft:iron_sword":3,"cfm:stripped_oak_desk_cabinet":2,"minecraft:torch":25,"minecraft:dirt":16,"marbledsarsenal:bone_saw":22,"minecraft:granite":2,"hunting_delight:chickencorpse":2,"minecraft:lava_bucket":2,"minecraft:iron_axe":17,"minecraft:furnace":1,"minecraft:egg":1,"minecraft:cooked_beef":3,"minecraft:light_gray_bed":4,"minecraft:diorite":3,"hunting_delight:sheepcorpse":3,"cfm:oak_park_bench":4,"minecraft:stone_pickaxe":50,"minecraft:oak_planks":17,"minecraft:wooden_pickaxe":28,"spartanweaponry:boomerang_diamond":8,"graveyard:bone_dagger":1,"minecraft:crafting_table":4,"minecraft:oak_log":40,"bunker_down:steel_block":7,"minecraft:diamond_pickaxe":10,"minecraft:apple":1,"spartanweaponry:katana_steel":2,"spartanweaponry:throwing_knife_iron":1,"minecraft:light_gray_concrete":2,"minecraft:iron_pickaxe":243,"hunting_delight:cowcorpse":4,"graveyard:tg_polished_deepslate_slab":1,"minecraft:gravel":16,"marbledsarsenal:machete":43,"minecraft:cobblestone":39,"toughasnails:purified_water_bottle":3,"minecraft:andesite":6,"minecraft:bucket":3,"alexsmobs:animal_dictionary":2,"minecraft:smooth_stone":3},"minecraft:crafted":{"minecraft:oak_planks":76,"marbledsarsenal:steel_sheet":4,"minecraft:oak_sign":3,"marbledsarsenal:bone_saw":1,"minecraft:iron_nugget":9,"minecraft:furnace":1,"spartanweaponry:katana_steel":1,"minecraft:cooked_mutton":3,"graveyard:bone_dagger":4,"minecraft:iron_boots":1,"minecraft:iron_axe":1,"marbledsarsenal:machete":2,"cfm:stripped_oak_desk_cabinet":2,"minecraft:stone_pickaxe":1,"minecraft:chest":1,"cfm:oak_park_bench":4,"minecraft:cooked_beef":13,"minecraft:crafting_table":3,"marbledsarsenal:raw_steel":5,"minecraft:wooden_pickaxe":1,"minecraft:iron_helmet":1,"minecraft:iron_sword":1,"spartanweaponry:handle":1,"minecraft:air":0,"minecraft:iron_chestplate":1,"spartanweaponry:boomerang_diamond":1,"minecraft:stick":16,"minecraft:iron_ingot":54,"minecraft:iron_pickaxe":1,"marbledsarsenal:steel_ingot":5,"minecraft:iron_leggings":1,"minecraft:gold_ingot":2,"hunting_delight:cookedhumanmeat":2,"minecraft:torch":8},"minecraft:broken":{"sanitydim:garland":1},"minecraft:custom":{"minecraft:mob_kills":11,"minecraft:interact_with_crafting_table":39,"minecraft:leave_game":3,"minecraft:time_since_death":13547,"minecraft:climb_one_cm":38941,"minecraft:sprint_one_cm":82218,"minecraft:walk_one_cm":485715,"minecraft:drop":70,"minecraft:talked_to_villager":1,"minecraft:sneak_time":2990,"minecraft:deaths":8,"minecraft:walk_under_water_one_cm":3687,"minecraft:jump":1397,"minecraft:walk_on_water_one_cm":8881,"minecraft:interact_with_furnace":47,"minecraft:play_one_minute":154349,"minecraft:sleep_in_bed":8,"minecraft:time_since_rest":2719,"minecraft:damage_taken":2390,"minecraft:damage_dealt":3001,"minecraft:player_kills":8,"minecraft:fly_one_cm":92595,"minecraft:open_chest":69,"minecraft:crouch_one_cm":3000,"minecraft:fall_one_cm":28584},"minecraft:killed":{"alexsmobs:lobster":1,"minecraft:chicken":2,"alexsmobs:grizzly_bear":1,"alexsmobs:fly":3,"minecraft:cow":4},"minecraft:dropped":{"bunker_down:steel_vent":2,"minecraft:iron_ingot":15,"minecraft:cooked_beef":1,"minecraft:oak_log":16,"minecraft:crafting_table":2,"hunting_delight:humanmeat":4,"spartanweaponry:katana_steel":1,"minecraft:cobblestone":164,"minecraft:apple":3,"graveyard:bone_dagger":7,"minecraft:coal":11,"minecraft:golden_apple":1,"minecraft:stick":14,"minecraft:iron_pickaxe":2,"minecraft:oak_door":2,"minecraft:bone":1,"minecraft:gravel":1,"minecraft:furnace":1,"marbledsarsenal:machete":2,"minecraft:stone_sword":2,"minecraft:rotten_flesh":4,"minecraft:oak_planks":37,"minecraft:oak_sign":2,"minecraft:carrot":1,"minecraft:blast_furnace":2,"minecraft:shield":1,"alexsmobs:lobster_tail":1,"minecraft:iron_chestplate":3,"sanitydim:garland":1,"minecraft:ladder":2,"bunker_down:steel_block":16,"minecraft:stone_pickaxe":2}},"DataVersion":2586}