{"stats":{"minecraft:killed_by":{"minecraft:player":6},"minecraft:picked_up":{"minecraft:crafting_table":2,"minecraft:iron_chestplate":2,"minecraft:chicken":2,"minecraft:ladder":2,"minecraft:shield":1,"minecraft:string":2,"hunting_delight:sheepcorpse":3,"minecraft:oak_sign":4,"minecraft:smooth_stone":3,"minecraft:bucket":1,"minecraft:beef":44,"minecraft:chest":1,"minecraft:egg":1,"marbledsarsenal:machete":2,"minecraft:stick":14,"minecraft:oak_door":2,"hunting_delight:humanmeat":6,"minecraft:torch":30,"hunting_delight:cookedhumanmeat":2,"minecraft:diorite":3,"minecraft:stone_sword":2,"minecraft:arrow":2,"minecraft:light_gray_bed":1,"minecraft:rotten_flesh":4,"minecraft:peony":8,"minecraft:mutton":3,"hunting_delight:chickencorpse":2,"alexsmobs:lobster_tail":1,"minecraft:cobblestone":270,"bunker_down:ceiling_lamp":1,"minecraft:stripped_oak_log":4,"minecraft:feather":10,"minecraft:andesite":22,"minecraft:leather":7,"bunker_down:steel_vent":15,"hunting_delight:cowcorpse":4,"minecraft:oak_log":42,"bunker_down:airlock_iron_door":4,"sanitydim:garland":1,"minecraft:dirt":28,"bunker_down:steel_block":32,"minecraft:bone":77,"minecraft:apple":1,"minecraft:bow":1,"minecraft:iron_ingot":11,"minecraft:stone_pickaxe":1,"minecraft:iron_ore":51,"minecraft:glass_bottle":2,"graveyard:bone_dagger":4,"minecraft:gravel":17,"minecraft:sand":6,"minecraft:blast_furnace":1,"minecraft:lily_of_the_valley":6,"minecraft:gold_ore":17,"minecraft:light_gray_concrete":2,"hunting_delight:huntingknife":1,"minecraft:granite":6,"minecraft:bone_meal":3,"alexsmobs:maggot":2,"minecraft:oak_sapling":10,"minecraft:coal":21},"minecraft:mined":{"hunting_delight:sheepcorpse":3,"minecraft:ladder":2,"minecraft:granite":2,"minecraft:grass_block":6,"minecraft:light_gray_bed":1,"minecraft:oak_wall_sign":3,"minecraft:iron_ore":51,"minecraft:andesite":14,"bunker_down:airlock_iron_trapdoor":1,"bunker_down:steel_vent":15,"minecraft:light_gray_concrete":2,"minecraft:stripped_oak_log":4,"hunting_delight:cowcorpse":4,"bunker_down:steel_block":15,"minecraft:stone":103,"bunker_down:ceiling_lamp":1,"bunker_down:airlock_iron_door":1,"minecraft:lily_of_the_valley":1,"minecraft:crafting_table":1,"minecraft:torch":10,"minecraft:cobblestone":13,"minecraft:diorite":3,"minecraft:wall_torch":7,"minecraft:oak_log":43,"minecraft:coal_ore":21,"hunting_delight:chickencorpse":2,"minecraft:gravel":17,"minecraft:dirt":21,"minecraft:cobweb":2},"minecraft:used":{"bunker_down:ceiling_lamp":1,"minecraft:oak_sign":4,"minecraft:chest":1,"minecraft:iron_sword":3,"cfm:stripped_oak_desk_cabinet":2,"minecraft:torch":24,"minecraft:dirt":16,"marbledsarsenal:bone_saw":22,"minecraft:granite":2,"hunting_delight:chickencorpse":2,"minecraft:iron_axe":17,"minecraft:furnace":1,"minecraft:egg":1,"minecraft:cooked_beef":1,"minecraft:diorite":3,"hunting_delight:sheepcorpse":3,"cfm:oak_park_bench":4,"minecraft:stone_pickaxe":50,"minecraft:wooden_pickaxe":28,"graveyard:bone_dagger":1,"minecraft:crafting_table":3,"minecraft:oak_log":40,"bunker_down:steel_block":7,"minecraft:apple":1,"spartanweaponry:katana_steel":2,"minecraft:light_gray_concrete":2,"minecraft:iron_pickaxe":198,"hunting_delight:cowcorpse":4,"minecraft:gravel":16,"marbledsarsenal:machete":41,"minecraft:cobblestone":30,"toughasnails:purified_water_bottle":1,"minecraft:bucket":1,"minecraft:andesite":6,"alexsmobs:animal_dictionary":2,"minecraft:smooth_stone":3},"minecraft:crafted":{"minecraft:oak_planks":44,"marbledsarsenal:steel_sheet":4,"minecraft:oak_sign":3,"marbledsarsenal:bone_saw":1,"minecraft:iron_nugget":9,"minecraft:furnace":1,"spartanweaponry:katana_steel":1,"minecraft:cooked_mutton":3,"graveyard:bone_dagger":4,"minecraft:iron_boots":1,"minecraft:iron_axe":1,"marbledsarsenal:machete":2,"cfm:stripped_oak_desk_cabinet":2,"minecraft:stone_pickaxe":1,"minecraft:chest":1,"cfm:oak_park_bench":4,"minecraft:cooked_beef":13,"minecraft:crafting_table":2,"minecraft:wooden_pickaxe":1,"marbledsarsenal:raw_steel":5,"minecraft:iron_helmet":1,"minecraft:iron_sword":1,"spartanweaponry:handle":1,"minecraft:air":0,"minecraft:iron_chestplate":1,"minecraft:stick":16,"minecraft:iron_pickaxe":1,"minecraft:iron_ingot":54,"minecraft:gold_ingot":2,"marbledsarsenal:steel_ingot":5,"minecraft:iron_leggings":1,"hunting_delight:cookedhumanmeat":2,"minecraft:torch":8},"minecraft:custom":{"minecraft:mob_kills":11,"minecraft:interact_with_crafting_table":36,"minecraft:leave_game":1,"minecraft:time_since_death":33926,"minecraft:climb_one_cm":36821,"minecraft:sprint_one_cm":27686,"minecraft:walk_one_cm":372266,"minecraft:drop":62,"minecraft:deaths":6,"minecraft:sneak_time":1942,"minecraft:walk_under_water_one_cm":3339,"minecraft:jump":742,"minecraft:walk_on_water_one_cm":5219,"minecraft:interact_with_furnace":47,"minecraft:play_one_minute":112124,"minecraft:sleep_in_bed":4,"minecraft:time_since_rest":33954,"minecraft:damage_taken":1908,"minecraft:damage_dealt":2895,"minecraft:fly_one_cm":11359,"minecraft:player_kills":8,"minecraft:open_chest":43,"minecraft:crouch_one_cm":1259,"minecraft:fall_one_cm":10434},"minecraft:killed":{"alexsmobs:lobster":1,"minecraft:chicken":2,"alexsmobs:fly":3,"minecraft:cow":4},"minecraft:dropped":{"bunker_down:steel_vent":2,"minecraft:iron_ingot":15,"minecraft:oak_log":16,"minecraft:crafting_table":2,"hunting_delight:humanmeat":4,"spartanweaponry:katana_steel":1,"minecraft:cobblestone":164,"minecraft:apple":3,"graveyard:bone_dagger":7,"minecraft:coal":11,"minecraft:golden_apple":1,"minecraft:stick":14,"minecraft:bone":1,"minecraft:oak_door":2,"minecraft:furnace":1,"marbledsarsenal:machete":2,"minecraft:stone_sword":2,"minecraft:rotten_flesh":4,"minecraft:oak_planks":28,"minecraft:oak_sign":2,"minecraft:carrot":1,"minecraft:blast_furnace":2,"minecraft:shield":1,"minecraft:iron_chestplate":3,"sanitydim:garland":1,"bunker_down:steel_block":16,"minecraft:stone_pickaxe":2}},"DataVersion":2586}