{"stats":{"minecraft:mined":{"minecraft:spruce_planks":46,"minecraft:farmland":1,"botania:red_mystical_flower":9,"hunting_delight:sheepcorpse":3,"minecraft:obsidian":1,"minecraft:brewing_stand":1,"minecraft:granite":11,"minecraft:grass_block":166,"graveyard:tg_polished_deepslate_slab":3,"minecraft:light_gray_bed":4,"minecraft:oak_pressure_plate":1,"minecraft:coal_block":5,"minecraft:oak_wall_sign":3,"graveyard:moss_carpet":1,"botania:apothecary_default":1,"minecraft:iron_ore":132,"minecraft:fire":6,"minecraft:azure_bluet":5,"minecraft:oak_stairs":2,"minecraft:light_gray_concrete":3,"minecraft:green_carpet":1,"botania:brown_mystical_flower":6,"bunker_down:airlock_iron_door":3,"minecraft:torch":19,"botania:hydroangeas":3,"minecraft:chest":1,"minecraft:cobblestone":40,"botania:blue_mystical_flower":7,"minecraft:sugar_cane":23,"minecraft:bricks":1,"botania:blue_double_flower":1,"minecraft:wall_torch":11,"minecraft:stone_brick_stairs":4,"minecraft:grass":88,"minecraft:oak_log":95,"minecraft:sand":6,"minecraft:dirt":86,"minecraft:oak_leaves":10,"minecraft:diamond_ore":4,"minecraft:mossy_cobblestone":2,"minecraft:gray_stained_glass_pane":1,"minecraft:ladder":2,"hunting_delight:pigcorpse":2,"minecraft:redstone_wire":2,"minecraft:spruce_leaves":1,"minecraft:large_fern":1,"minecraft:hay_block":16,"minecraft:furnace":1,"minecraft:andesite":24,"minecraft:stripped_spruce_log":206,"bunker_down:airlock_iron_trapdoor":1,"bunker_down:steel_vent":15,"minecraft:mossy_stone_brick_stairs":5,"minecraft:vine":1,"botania:livingrock":25,"graveyard:tg_cobbled_deepslate_slab":1,"botania:pure_daisy":7,"hunting_delight:cowcorpse":5,"minecraft:stripped_oak_log":4,"bunker_down:steel_block":15,"minecraft:stone":356,"minecraft:bone_block":18,"bunker_down:ceiling_lamp":1,"botania:lime_mystical_flower":1,"croparia:block_crop_coal":24,"minecraft:glass_pane":1,"botania:white_buried_petals":7,"minecraft:soul_sand":1,"minecraft:lily_of_the_valley":1,"minecraft:dandelion":6,"minecraft:oak_fence":1,"minecraft:crafting_table":1,"minecraft:tall_grass":8,"minecraft:lapis_ore":4,"minecraft:diorite":3,"hunting_delight:horsecorpse":2,"botania:livingwood":133,"botania:cyan_mystical_flower":6,"k-turrets:titanium_ore":17,"fallout_inspired_power_armor:interior_lining":1,"minecraft:spruce_log":111,"graveyard:moss_block":1,"minecraft:grass_path":27,"minecraft:coal_ore":76,"hunting_delight:chickencorpse":2,"minecraft:gravel":31,"minecraft:cobweb":2,"minecraft:stone_bricks":1,"minecraft:mossy_stone_bricks":1},"minecraft:custom":{"minecraft:interact_with_crafting_table":147,"minecraft:open_barrel":1,"minecraft:leave_game":27,"minecraft:time_since_death":67432,"minecraft:sprint_one_cm":491004,"minecraft:damage_blocked_by_shield":200,"minecraft:drop":250,"minecraft:talked_to_villager":5,"minecraft:deaths":13,"minecraft:interact_with_brewingstand":10,"minecraft:jump":5847,"minecraft:walk_on_water_one_cm":20430,"minecraft:interact_with_furnace":126,"minecraft:play_record":1,"minecraft:play_one_minute":728741,"minecraft:sleep_in_bed":59,"minecraft:damage_dealt":6218,"minecraft:player_kills":8,"minecraft:crouch_one_cm":9402,"minecraft:mob_kills":148,"minecraft:damage_dealt_resisted":347,"minecraft:climb_one_cm":66945,"minecraft:walk_one_cm":1840742,"minecraft:sneak_time":8915,"minecraft:walk_under_water_one_cm":3687,"minecraft:interact_with_blast_furnace":14,"minecraft:interact_with_stonecutter":5,"minecraft:time_since_rest":901,"minecraft:damage_taken":6381,"minecraft:fly_one_cm":845034,"minecraft:open_chest":486,"minecraft:fall_one_cm":130568},"minecraft:killed":{"alexsmobs:lobster":1,"minecraft:spider":9,"undead:theheavy":2,"minecraft:skeleton":5,"undead:thepregnant":1,"minecraft:chicken":2,"undead:spitter":3,"undead:thebomber":3,"minecraft:pig":2,"alexsmobs:grizzly_bear":1,"minecraft:zombie_villager":2,"minecraft:creeper":12,"minecraft:sheep":1,"minecraft:zombie":39,"minecraft:donkey":2,"alexsmobs:fly":6,"minecraft:cow":5,"alexsmobs:raccoon":1,"alexsmobs:soul_vulture":7,"undead:themoonflower":22,"mutantbeasts:mutant_skeleton":1,"undead:thescreamer":1,"undead:thestone":1,"alexsmobs:crow":2,"minecraft:villager":1,"minecraft:enderman":1},"minecraft:picked_up":{"minecraft:iron_chestplate":2,"cgm:basic_bullet":464,"k-turrets:arrow_drone_item":1,"minecraft:oak_stairs":3,"botania:livingwood":137,"minecraft:stone_brick_stairs":5,"minecraft:brewing_stand":1,"projectarsenal:ar15_classic":1,"botania:mana_tablet":5,"minecraft:string":5,"hunting_delight:sheepcorpse":3,"minecraft:oak_sign":4,"minecraft:smooth_stone":3,"minecraft:bucket":2,"minecraft:spruce_planks":181,"botania:hydroangeas":5,"minecraft:cobblestone_slab":4,"hunting_delight:pigcorpse":2,"minecraft:iron_pickaxe":1,"minecraft:coal_block":5,"minecraft:furnace":1,"marbledsarsenal:machete":2,"minecraft:stick":53,"minecraft:oak_fence":3,"minecraft:torch":46,"mutantbeasts:mutant_skeleton_shoulder_pad":1,"minecraft:porkchop":6,"undead:blackpetal":4,"minecraft:diorite":3,"botania:white_mystical_flower":7,"graveyard:tg_cobbled_deepslate_slab":2,"botania:manasteel_ingot":33,"minecraft:stone_sword":2,"minecraft:light_gray_bed":4,"minecraft:rotten_flesh":197,"botania:livingrock":37,"botania:manasteel_hoe":1,"minecraft:obsidian":1,"hunting_delight:chickencorpse":2,"alexsmobs:lobster_tail":1,"minecraft:cobblestone":589,"bunker_down:ceiling_lamp":1,"minecraft:birch_log":1,"minecraft:feather":11,"minecraft:cooked_beef":2,"mutantbeasts:mutant_skeleton_skull":1,"mutantbeasts:mutant_skeleton_limb":8,"minecraft:andesite":32,"bunker_down:steel_vent":15,"alexsmobs:bear_fur":2,"minecraft:flint":1,"k-turrets:raw_titanium":17,"minecraft:lapis_lazuli":28,"minecraft:dirt":338,"cgm:grenade":2,"botania:mana_diamond":1,"minecraft:bone":170,"botania:cyan_mystical_flower":6,"hunting_delight:horsecorpse":2,"minecraft:bow":2,"minecraft:wheat_seeds":20,"botania:manasteel_axe":1,"croparia:seed_crop_iron":1,"minecraft:mossy_stone_bricks":2,"botania:gray_mystical_flower":2,"minecraft:mossy_stone_brick_stairs":5,"k-turrets:cobble_drone_item":2,"botania:red_mystical_flower":5,"graveyard:bone_dagger":4,"minecraft:oak_pressure_plate":3,"minecraft:sand":12,"hunting_delight:horsemeat":15,"minecraft:stripped_spruce_log":190,"minecraft:lily_of_the_valley":7,"minecraft:mossy_cobblestone":2,"fallout_inspired_power_armor:interior_lining":1,"cgm:shell":120,"minecraft:light_gray_concrete":3,"minecraft:diamond":5,"hunting_delight:huntingknife":1,"mutantbeasts:mutant_skeleton_pelvis":1,"minecraft:granite":9,"minecraft:bone_meal":3,"alexsmobs:maggot":5,"minecraft:oak_sapling":17,"minecraft:diamond_pickaxe":1,"croparia:seed_crop_coal":57,"minecraft:crafting_table":2,"minecraft:azure_bluet":6,"minecraft:chicken":2,"minecraft:ladder":7,"croparia:fruit_coal":21,"minecraft:shield":2,"botania:endoflame":4,"cgm:shotgun":1,"minecraft:iron_shovel":1,"botania:pure_daisy":10,"minecraft:beef":55,"minecraft:iron_nugget":18,"minecraft:poppy":2,"minecraft:sugar_cane":32,"minecraft:chest":2,"minecraft:egg":1,"minecraft:oak_door":3,"hunting_delight:humanmeat":15,"hunting_delight:cookedhumanmeat":2,"minecraft:redstone":1,"botania:mana_ring":2,"botania:brown_petal":3,"botania:lime_mystical_flower":1,"minecraft:arrow":11,"minecraft:peony":8,"mutantbeasts:mutant_skeleton_rib":6,"botania:apothecary_default":1,"minecraft:hay_block":16,"botania:blue_mystical_flower":7,"minecraft:mutton":3,"minecraft:bone_block":18,"minecraft:oxeye_daisy":1,"minecraft:stripped_oak_log":4,"botania:twig_wand":1,"minecraft:leather":9,"hunting_delight:cowcorpse":5,"botania:red_petal":1,"minecraft:oak_log":94,"bunker_down:airlock_iron_door":6,"minecraft:gunpowder":51,"minecraft:cobblestone_stairs":1,"sanitydim:garland":2,"bunker_down:steel_block":32,"botania:light_gray_petal":1,"minecraft:apple":1,"minecraft:stone_bricks":1,"minecraft:iron_ingot":14,"minecraft:stone_pickaxe":1,"minecraft:iron_ore":132,"minecraft:glass_bottle":3,"minecraft:soul_sand":1,"minecraft:music_disc_chirp":2,"minecraft:dandelion":6,"minecraft:gravel":31,"hunting_delight:rot":1,"minecraft:spruce_sapling":105,"minecraft:blast_furnace":1,"botania:white_petal":10,"minecraft:spruce_log":89,"minecraft:gold_ore":17,"minecraft:green_carpet":1,"graveyard:moss_block":1,"minecraft:slime_ball":1,"graveyard:tg_polished_deepslate_slab":4,"botania:brown_mystical_flower":6,"minecraft:coal":89,"hunting_delight:tainted_flesh":1},"minecraft:killed_by":{"minecraft:zombie":1,"minecraft:player":8,"minecraft:enderman":1,"mutantbeasts:mutant_skeleton":1,"minecraft:skeleton":1,"undead:themoonflower":1},"minecraft:broken":{"minecraft:iron_shovel":1,"sanitydim:garland":2,"minecraft:iron_axe":1},"minecraft:crafted":{"minecraft:smooth_stone":9,"minecraft:oak_planks":152,"minecraft:oak_sign":3,"minecraft:cobblestone_slab":6,"marbledsarsenal:steel_sheet":4,"k-turrets:arrow_drone_item":1,"botania:manasteel_boots":1,"minecraft:blaze_powder":2,"botania:mana_pool":1,"minecraft:stone":42,"spartanweaponry:katana_steel":1,"minecraft:cooked_mutton":3,"botania:red_petal":6,"minecraft:glass":5,"graveyard:bone_dagger":4,"minecraft:iron_boots":1,"botania:twig_wand":1,"minecraft:bow":3,"bountifulbaubles:gloves_digging_iron":1,"marbledsarsenal:machete":2,"villagertools:badge":1,"minecraft:chest":7,"hunting_delight:cookedhorsemeat":15,"cfm:oak_park_bench":4,"botania:light_gray_petal":8,"botania:manasteel_helmet":1,"botania:cyan_petal":8,"minecraft:cooked_porkchop":12,"minecraft:crafting_table":4,"minecraft:spruce_planks":584,"k-turrets:cobble_turret_item":1,"farmersdelight:flint_knife":1,"marbledsarsenal:raw_steel":5,"minecraft:wooden_pickaxe":1,"minecraft:iron_helmet":1,"botania:mana_ring":1,"botania:livingwood_twig":9,"botania:lime_petal":2,"minecraft:dispenser":3,"botania:manasteel_hoe":1,"minecraft:book":1,"croparia:iron_knife":1,"minecraft:iron_chestplate":1,"minecraft:paper":9,"minecraft:charcoal":38,"botania:mana_tablet":1,"spartanweaponry:boomerang_diamond":1,"minecraft:stick":60,"minecraft:iron_ingot":136,"minecraft:iron_pickaxe":1,"sereneseasons:calendar":1,"minecraft:gold_ingot":2,"botania:apothecary_default":1,"k-turrets:cobble_drone_item":1,"botania:brown_petal":12,"botania:manasteel_leggings":1,"minecraft:coal":87,"marbledsarsenal:bone_saw":1,"minecraft:iron_nugget":54,"minecraft:furnace":2,"minecraft:blast_furnace":1,"botania:blue_petal":8,"minecraft:bone_meal":240,"minecraft:flint_and_steel":1,"croparia:elematilius":1,"minecraft:iron_axe":1,"minecraft:ladder":3,"botania:white_petal":12,"botania:manasteel_chestplate":1,"cfm:stripped_oak_desk_cabinet":2,"minecraft:stone_pickaxe":1,"croparia:wood_pestle":1,"villagertools:restock":10,"botania:light_blue_petal":4,"k-turrets:titanium_ingot":17,"minecraft:lead":2,"minecraft:wheat":180,"minecraft:cooked_beef":28,"botania:mana_spreader":1,"minecraft:iron_sword":1,"spartanweaponry:handle":1,"botania:lexicon":1,"minecraft:bucket":1,"croparia:infusor":1,"minecraft:bread":60,"minecraft:air":0,"undead:soulpartyhorn":1,"hunting_delight:medium_leather_bag":1,"minecraft:gold_nugget":9,"minecraft:white_dye":1,"botania:manasteel_axe":1,"marbledsarsenal:steel_ingot":5,"minecraft:iron_shovel":1,"minecraft:iron_leggings":1,"minecraft:stonecutter":1,"hunting_delight:cookedhumanmeat":10,"minecraft:torch":8,"villagertools:darkness":1},"minecraft:used":{"minecraft:iron_shovel":196,"botania:white_petal":7,"minecraft:chest":8,"minecraft:ladder":2,"minecraft:bone_block":2,"bunker_down:ceiling_lamp":1,"minecraft:oak_sign":4,"minecraft:iron_sword":3,"minecraft:shield":8,"minecraft:stone":25,"k-turrets:cobble_turret_item":1,"fallout_inspired_power_armor:interior_lining":1,"croparia:seed_crop_coal":25,"botania:livingwood":90,"marbledsarsenal:bone_saw":22,"minecraft:stripped_spruce_log":257,"minecraft:obsidian":12,"minecraft:lava_bucket":3,"cgm:shotgun":39,"minecraft:music_disc_chirp":1,"bountifulbaubles:gloves_digging_iron":10,"bunker_down:airlock_iron_door":1,"hunting_delight:pigcorpse":2,"minecraft:furnace":4,"minecraft:egg":1,"minecraft:diorite":3,"cfm:oak_park_bench":4,"minecraft:stone_pickaxe":50,"minecraft:oak_planks":17,"minecraft:wooden_pickaxe":28,"spartanweaponry:boomerang_diamond":19,"minecraft:sugar_cane":8,"minecraft:blast_furnace":1,"hunting_delight:cookedhorsemeat":2,"bunker_down:steel_block":7,"minecraft:light_gray_concrete":3,"minecraft:bread":5,"hunting_delight:cowcorpse":5,"graveyard:tg_polished_deepslate_slab":1,"minecraft:gravel":16,"marbledsarsenal:machete":105,"botania:pure_daisy":10,"botania:manasteel_hoe":13,"minecraft:andesite":10,"projectarsenal:ar15_classic":575,"hunting_delight:huntingknife":1,"minecraft:bone_meal":46,"botania:hydroangeas":5,"hunting_delight:horsecorpse":2,"minecraft:flint_and_steel":6,"minecraft:spruce_planks":195,"cfm:stripped_oak_desk_cabinet":2,"minecraft:oak_door":1,"minecraft:torch":59,"minecraft:dirt":246,"minecraft:brewing_stand":1,"botania:twig_wand":20,"minecraft:granite":4,"hunting_delight:chickencorpse":2,"minecraft:iron_axe":119,"botania:mana_pool":1,"croparia:infusor":1,"minecraft:cooked_beef":24,"minecraft:light_gray_bed":4,"minecraft:cooked_mutton":11,"minecraft:water_bucket":90,"hunting_delight:sheepcorpse":3,"botania:endoflame":4,"minecraft:glass_bottle":3,"botania:mana_spreader":1,"k-turrets:arrow_drone_item":2,"minecraft:stonecutter":1,"graveyard:bone_dagger":2,"minecraft:crafting_table":5,"botania:apothecary_default":2,"botania:red_mystical_flower":2,"minecraft:spruce_log":157,"minecraft:oak_log":98,"minecraft:diamond_pickaxe":527,"minecraft:oxeye_daisy":1,"minecraft:apple":1,"spartanweaponry:katana_steel":2,"spartanweaponry:throwing_knife_iron":14,"minecraft:iron_pickaxe":243,"cgm:grenade":8,"botania:manasteel_axe":173,"k-turrets:cobble_drone_item":2,"hunting_delight:rot":1,"minecraft:potion":3,"minecraft:cobblestone":207,"minecraft:cooked_porkchop":4,"minecraft:bucket":101,"alexsmobs:animal_dictionary":6,"minecraft:dandelion":2,"minecraft:smooth_stone":3},"minecraft:dropped":{"bunker_down:steel_vent":2,"minecraft:oak_pressure_plate":2,"minecraft:cooked_beef":2,"minecraft:oak_log":16,"minecraft:diamond":3,"minecraft:crafting_table":2,"botania:mana_ring":2,"hunting_delight:humanmeat":4,"botania:cyan_petal":4,"spartanweaponry:katana_steel":1,"botania:livingrock":12,"minecraft:leather":1,"minecraft:mossy_stone_brick_stairs":4,"minecraft:dirt":13,"minecraft:iron_pickaxe":2,"botania:white_petal":11,"minecraft:birch_log":1,"spartanweaponry:throwing_knife_iron":2,"minecraft:bone":1,"minecraft:oak_door":2,"minecraft:gravel":1,"minecraft:rotten_flesh":9,"minecraft:oak_planks":37,"minecraft:carrot":1,"minecraft:poppy":2,"botania:livingwood":5,"minecraft:gunpowder":32,"minecraft:charcoal":33,"minecraft:ladder":2,"minecraft:stone_brick_stairs":2,"botania:brown_petal":11,"minecraft:iron_ingot":51,"minecraft:wheat_seeds":12,"botania:red_petal":5,"minecraft:oak_fence":2,"minecraft:cobblestone":169,"minecraft:apple":3,"graveyard:bone_dagger":7,"minecraft:coal":134,"minecraft:golden_apple":1,"minecraft:stick":24,"botania:manasteel_axe":1,"minecraft:oak_stairs":1,"minecraft:iron_shovel":1,"minecraft:bucket":1,"minecraft:spruce_sapling":32,"minecraft:dandelion":1,"minecraft:furnace":1,"marbledsarsenal:machete":2,"minecraft:stone_sword":2,"botania:light_gray_petal":5,"botania:mana_tablet":5,"minecraft:oak_sign":2,"minecraft:blast_furnace":2,"croparia:seed_crop_coal":1,"minecraft:cobblestone_slab":4,"minecraft:shield":1,"alexsmobs:lobster_tail":1,"minecraft:spruce_planks":561,"minecraft:iron_chestplate":3,"minecraft:mossy_stone_bricks":1,"sanitydim:garland":1,"botania:twig_wand":1,"bunker_down:steel_block":16,"minecraft:stone_pickaxe":2,"botania:blue_petal":4}},"DataVersion":2586}