{"stats":{"minecraft:custom":{"minecraft:interact_with_furnace":10,"minecraft:interact_with_crafting_table":4,"minecraft:play_one_minute":67996,"minecraft:leave_game":8,"minecraft:time_since_death":33799,"minecraft:sleep_in_bed":4,"minecraft:climb_one_cm":24493,"minecraft:time_since_rest":33828,"minecraft:sprint_one_cm":2707,"minecraft:damage_taken":1612,"minecraft:walk_one_cm":149382,"minecraft:drop":16,"minecraft:damage_dealt":945,"minecraft:fly_one_cm":3332,"minecraft:player_kills":6,"minecraft:open_chest":11,"minecraft:crouch_one_cm":2044,"minecraft:deaths":6,"minecraft:sneak_time":724,"minecraft:walk_under_water_one_cm":1148,"minecraft:jump":276,"minecraft:walk_on_water_one_cm":711,"minecraft:fall_one_cm":4987},"minecraft:dropped":{"bunker_down:steel_vent":1,"marbledsarsenal:machete":1,"graveyard:bone_dagger":1,"minecraft:shield":1,"minecraft:light_gray_bed":1,"bunker_down:steel_block":8,"minecraft:sand":6,"minecraft:beef":8,"minecraft:bone":1},"minecraft:mined":{"bunker_down:airlock_iron_door":1,"toughasnails:water_purifier":1,"minecraft:chest":1,"minecraft:rose_bush":1,"minecraft:light_gray_bed":1,"minecraft:cobblestone":2,"minecraft:oak_planks":1,"minecraft:oak_wall_sign":2,"minecraft:wall_torch":1,"minecraft:iron_ore":6,"minecraft:andesite":8,"minecraft:oak_log":15,"minecraft:coal_ore":44,"minecraft:light_gray_concrete":2,"bunker_down:steel_block":1,"minecraft:stone":109,"minecraft:oak_leaves":5},"minecraft:crafted":{"minecraft:oak_planks":16,"minecraft:crafting_table":1,"minecraft:stone_axe":1,"minecraft:iron_chestplate":1,"minecraft:shield":1,"minecraft:stick":4,"minecraft:iron_pickaxe":1},"minecraft:used":{"minecraft:cooked_mutton":1,"bunker_down:steel_vent":2,"minecraft:diorite":3,"minecraft:rose_bush":1,"toughasnails:water_purifier":1,"minecraft:stone_pickaxe":78,"minecraft:oak_sign":3,"minecraft:oak_door":2,"minecraft:torch":2,"minecraft:crafting_table":1,"minecraft:oak_log":15,"bunker_down:steel_block":1,"minecraft:light_gray_concrete":2,"minecraft:iron_pickaxe":99,"hunting_delight:cowcorpse":1,"bunker_down:airlock_iron_door":1,"marbledsarsenal:machete":4,"minecraft:stone_axe":13,"bunker_down:airlock_iron_trapdoor":1,"minecraft:cobblestone":1,"minecraft:beef":1,"minecraft:andesite":8,"alexsmobs:animal_dictionary":1,"minecraft:light_gray_bed":1},"minecraft:broken":{"minecraft:stone_pickaxe":1},"minecraft:picked_up":{"minecraft:charcoal":9,"minecraft:andesite":8,"bunker_down:steel_vent":3,"hunting_delight:cowcorpse":1,"minecraft:oak_log":31,"bunker_down:airlock_iron_door":1,"bunker_down:steel_block":9,"minecraft:bone":1,"minecraft:oak_sign":3,"minecraft:beef":17,"minecraft:iron_ingot":14,"minecraft:stone_pickaxe":1,"minecraft:rose_bush":1,"minecraft:iron_ore":6,"spartanweaponry:katana_steel":1,"minecraft:oak_planks":1,"minecraft:stick":3,"bunker_down:airlock_iron_trapdoor":1,"minecraft:oak_door":2,"hunting_delight:humanmeat":6,"minecraft:torch":2,"graveyard:bone_dagger":2,"minecraft:sand":6,"minecraft:diorite":3,"minecraft:light_gray_concrete":2,"minecraft:light_gray_bed":3,"toughasnails:water_purifier":1,"minecraft:coal":52,"minecraft:cobblestone":94},"minecraft:killed_by":{"minecraft:player":5}},"DataVersion":2586}