{"stats":{"minecraft:used":{"the_silence:bloque_sonrisa":2,"minecraft:birch_planks":6,"the_silence:tele":1,"minecraft:wooden_pickaxe":4,"the_silence:la_cosa_real_spawn_egg":3,"minecraft:fishing_rod":21,"the_silence:the_silence_principal_spawn_egg":2,"minecraft:torch":3,"minecraft:sand":21,"minecraft:bow":1,"minecraft:cod":2,"the_silence:sad_satan":1},"minecraft:killed_by":{"minecraft:player":4,"minecraft:skeleton":1,"minecraft:creeper":2,"minecraft:spider":1},"minecraft:dropped":{"minecraft:birch_planks":1,"the_silence:flashlightoff":4,"minecraft:ink_sac":10,"minecraft:torch":3,"minecraft:coast_armor_trim_smithing_template":2,"the_silence:sad_satan":1,"minecraft:sand":9,"minecraft:wooden_pickaxe":1,"minecraft:fishing_rod":2,"minecraft:pufferfish":1},"minecraft:picked_up":{"minecraft:fishing_rod":1,"minecraft:salmon":6,"minecraft:bowl":1,"minecraft:torch":3,"minecraft:wooden_pickaxe":2,"minecraft:birch_planks":8,"the_silence:sad_satan":1,"minecraft:sand":33,"minecraft:ink_sac":10,"minecraft:pufferfish":2,"minecraft:coast_armor_trim_smithing_template":2,"the_silence:flashlightoff":1,"minecraft:cod":9},"minecraft:mined":{"minecraft:birch_planks":1},"minecraft:custom":{"minecraft:time_since_rest":24141,"minecraft:sprint_one_cm":23154,"minecraft:damage_taken":2837,"minecraft:walk_one_cm":31378,"minecraft:drop":25,"minecraft:damage_dealt":555,"minecraft:swim_one_cm":15622,"minecraft:fly_one_cm":91224,"minecraft:player_kills":1,"minecraft:crouch_one_cm":3922,"minecraft:play_time":82104,"minecraft:deaths":11,"minecraft:sneak_time":1546,"minecraft:walk_under_water_one_cm":5138,"minecraft:jump":412,"minecraft:leave_game":1,"minecraft:time_since_death":24114,"minecraft:walk_on_water_one_cm":4891,"minecraft:total_world_time":82104,"minecraft:fish_caught":16,"minecraft:fall_one_cm":30850}},"DataVersion":3465}