{"stats":{"minecraft:custom":{"minecraft:interact_with_furnace":63,"minecraft:mob_kills":12,"minecraft:interact_with_crafting_table":25,"minecraft:play_one_minute":126573,"minecraft:leave_game":5,"minecraft:time_since_death":65634,"minecraft:sleep_in_bed":6,"minecraft:climb_one_cm":18158,"minecraft:time_since_rest":12005,"minecraft:sprint_one_cm":44478,"minecraft:damage_taken":1505,"minecraft:walk_one_cm":569941,"minecraft:damage_blocked_by_shield":440,"minecraft:drop":22,"minecraft:damage_dealt":2124,"minecraft:swim_one_cm":859,"minecraft:fly_one_cm":26010,"minecraft:open_chest":13,"minecraft:crouch_one_cm":26,"minecraft:deaths":4,"minecraft:sneak_time":18,"minecraft:walk_under_water_one_cm":1261,"minecraft:boat_one_cm":76466,"minecraft:jump":1302,"minecraft:interact_with_blast_furnace":1,"minecraft:walk_on_water_one_cm":12019,"minecraft:fall_one_cm":11786},"minecraft:dropped":{"minecraft:gravel":3,"minecraft:iron_ingot":44,"spartanweaponry:scythe_iron":3,"alexsmobs:animal_dictionary":1,"spartanweaponry:glaive_iron":1,"minecraft:glass_bottle":1,"minecraft:granite":4,"spartanweaponry:katana_iron":1,"minecraft:poppy":3,"minecraft:peony":2,"minecraft:torch":1,"minecraft:oak_sapling":1,"minecraft:spider_eye":1,"minecraft:glass":9,"minecraft:bow":1,"minecraft:smooth_stone":2,"minecraft:bone":4},"minecraft:mined":{"minecraft:crafting_table":4,"minecraft:granite":4,"minecraft:grass_block":3,"minecraft:light_gray_bed":5,"minecraft:cobblestone":11,"minecraft:diorite":9,"minecraft:seagrass":1,"minecraft:smooth_stone":2,"minecraft:birch_log":20,"minecraft:iron_ore":37,"fallout_inspired_power_armor:debri":1,"minecraft:andesite":10,"minecraft:birch_leaves":2,"minecraft:grass":6,"minecraft:oak_log":71,"minecraft:coal_ore":78,"minecraft:gravel":6,"minecraft:dirt":3,"fallout_inspired_power_armor:armored_door_closed":1,"minecraft:stone":182,"minecraft:oak_leaves":13,"bunker_down:ceiling_lamp":1},"minecraft:crafted":{"minecraft:oak_planks":212,"minecraft:crafting_table":1,"spartanweaponry:glaive_iron":1,"spartanweaponry:scythe_iron":2,"minecraft:wooden_pickaxe":2,"minecraft:iron_helmet":1,"minecraft:iron_sword":1,"minecraft:furnace":1,"minecraft:cooked_salmon":7,"minecraft:birch_planks":36,"minecraft:stone_axe":2,"minecraft:shield":2,"minecraft:stick":76,"minecraft:iron_ingot":41,"minecraft:iron_pickaxe":2,"minecraft:stone_pickaxe":3,"minecraft:stone_sword":1,"minecraft:torch":12},"minecraft:used":{"minecraft:water_bucket":6,"minecraft:diorite":15,"minecraft:stone_sword":8,"spartanweaponry:katana_iron":12,"minecraft:glass_bottle":13,"minecraft:stone_pickaxe":239,"minecraft:wooden_pickaxe":36,"minecraft:shield":14,"minecraft:iron_sword":13,"minecraft:cooked_salmon":4,"minecraft:rotten_flesh":1,"minecraft:torch":2,"minecraft:crafting_table":3,"minecraft:granite":1,"minecraft:oak_log":68,"minecraft:apple":3,"hunting_delight:cookedhumanmeat":1,"minecraft:iron_pickaxe":75,"minecraft:stone_axe":19,"minecraft:cobblestone":115,"minecraft:potion":13,"minecraft:bow":4,"minecraft:furnace":1,"minecraft:bucket":6,"minecraft:birch_log":18,"minecraft:skeleton_skull":1,"alexsmobs:animal_dictionary":4,"minecraft:light_gray_bed":2,"spartanweaponry:scythe_iron":14},"minecraft:broken":{"minecraft:stone_pickaxe":1,"minecraft:iron_pickaxe":1},"minecraft:picked_up":{"bunker_down:ceiling_lamp":1,"minecraft:birch_log":9,"minecraft:crafting_table":3,"spartanweaponry:hammer_stone":1,"minecraft:andesite":10,"minecraft:oak_log":71,"minecraft:dirt":4,"minecraft:string":2,"minecraft:bone":10,"minecraft:apple":12,"minecraft:bow":2,"minecraft:smooth_stone":2,"minecraft:iron_ingot":42,"minecraft:stone_pickaxe":2,"minecraft:iron_ore":36,"minecraft:glass_bottle":1,"spartanweaponry:katana_iron":2,"minecraft:birch_sapling":1,"spartanweaponry:scythe_iron":3,"minecraft:stick":32,"hunting_delight:humanmeat":6,"graveyard:bone_dagger":1,"minecraft:torch":2,"hunting_delight:cookedhumanmeat":1,"minecraft:gravel":5,"minecraft:diorite":10,"minecraft:spider_eye":1,"minecraft:arrow":7,"minecraft:light_gray_bed":4,"minecraft:rotten_flesh":6,"minecraft:peony":2,"minecraft:granite":6,"minecraft:oak_sapling":18,"minecraft:coal":116,"minecraft:skeleton_skull":1,"minecraft:cobblestone":212},"minecraft:killed_by":{"minecraft:skeleton":3},"minecraft:killed":{"alexsmobs:raccoon":2,"minecraft:spider":1,"minecraft:skeleton":4,"minecraft:zombie":3,"undead:themoonflower":1}},"DataVersion":2586}