{"stats":{"minecraft:killed_by":{"minecraft:creeper":2,"minecraft:ravager":2,"sanitydim:rotting_stalker":23,"minecraft:vindicator":4,"fallout_inspired_power_armor:veteran_raider":3,"undead:sucker":5,"undead:theheavy":3,"undead:themermaid":7,"minecraft:zombie":4,"mutantbeasts:mutant_creeper":1,"alexsmobs:grizzly_bear":1,"fallout_inspired_power_armor:raider_leader":1,"fallout_inspired_power_armor:enclave_x_02soldier":8,"fallout_inspired_power_armor:sentry":1,"fallout_inspired_power_armor:enclavex_01soldier":2,"minecraft:vex":2,"minecraft:player":8,"minecraft:spider":1,"minecraft:enderman":1,"mutantbeasts:mutant_skeleton":9,"fallout_inspired_power_armor:companion":1,"fallout_inspired_power_armor:enclave_ap_soldier":2,"mutantbeasts:mutant_zombie":1,"fallout_inspired_power_armor:experienced_raider":1,"alexsmobs:centipede_head":1,"minecraft:skeleton":6,"undead:themoonflower":5},"minecraft:killed":{"fallout_inspired_power_armor:veteran_raider":1,"minecraft:witch":2,"minecraft:spider":9,"fallout_inspired_power_armor:raidermaster":1,"undead:themermaid":1,"undead:zombiecow":1,"fallout_inspired_power_armor:enclave_ap_soldier":1,"fallout_inspired_power_armor:raider_leader":1,"minecraft:skeleton":26,"minecraft:bee":1,"fallout_inspired_power_armor:raider_woman":2,"minecraft:chicken":3,"undead:spitter":2,"minecraft:pig":5,"undead:therod":1,"alexsmobs:grizzly_bear":1,"minecraft:zombie_villager":3,"fallout_inspired_power_armor:armored_raider":5,"minecraft:creeper":3,"minecraft:sheep":3,"minecraft:trader_llama":2,"minecraft:pillager":12,"minecraft:zombie":32,"twilightforest:wild_boar":3,"alexsmobs:fly":5,"minecraft:cow":11,"undead:sucker":10,"alexsmobs:raccoon":7,"minecraft:vindicator":6,"sanitydim:rotting_stalker":1,"minecraft:horse":2,"undead:themoonflower":32,"twilightforest:kobold":2,"minecraft:wandering_trader":1,"minecraft:ravager":1,"fallout_inspired_power_armor:enclavex_01soldier":1,"undead:thescreamer":1,"alexsmobs:cockroach":1,"undead:thestone":2,"alexsmobs:crow":1,"minecraft:wither_skeleton":1,"minecraft:villager":2,"minecraft:enderman":2},"minecraft:broken":{"minecraft:iron_shovel":1,"minecraft:diamond_helmet":1,"minecraft:iron_boots":1,"minecraft:iron_chestplate":2,"minecraft:iron_leggings":2,"fallout_inspired_power_armor:advanced_power_armor_leggings":1,"minecraft:stone_pickaxe":1,"fallout_inspired_power_armor:frag_grenade":1,"spartanweaponry:scythe_iron":2,"minecraft:stone_shovel":1,"minecraft:flint_and_steel":1,"minecraft:shield":3,"minecraft:leather_boots":1,"minecraft:iron_pickaxe":2,"minecraft:iron_helmet":3,"spartanweaponry:hammer_stone":1},"minecraft:dropped":{"minecraft:porkchop":2,"minecraft:oak_pressure_plate":1,"minecraft:baked_potato":6,"minecraft:glass_bottle":2,"minecraft:diamond":2,"hunting_delight:humanmeat":1,"minecraft:leather":3,"minecraft:cracked_stone_bricks":1,"minecraft:saddle":1,"minecraft:cobblestone_stairs":5,"minecraft:dirt":168,"hunting_delight:tainted_flesh":21,"fallout_inspired_power_armor:fusion_core":1,"twilightforest:firefly":1,"minecraft:mutton":1,"fallout_inspired_power_armor:gold_10mm":1,"minecraft:bone_meal":64,"minecraft:sand":55,"hunting_delight:sheepcorpse":1,"minecraft:iron_pickaxe":1,"minecraft:birch_log":23,"bunker_down:ceiling_lamp":2,"minecraft:white_wool":1,"hunting_delight:rot":2,"minecraft:bone":89,"minecraft:oak_door":7,"minecraft:gravel":3,"minecraft:stone_axe":2,"minecraft:sugar_cane":6,"alexsmobs:animal_dictionary":1,"minecraft:wheat":6,"minecraft:obsidian":3,"minecraft:rotten_flesh":216,"minecraft:oak_planks":220,"minecraft:birch_wood":1,"fallout_inspired_power_armor:rusty_fence":20,"undead:blackpetal":4,"minecraft:poppy":3,"fallout_inspired_power_armor:locker":1,"minecraft:gunpowder":1,"cgm:basic_bullet":18,"travelersbackpack:white_sleeping_bag":1,"minecraft:charcoal":13,"minecraft:leather_boots":1,"bunker_down:underroot_stage_1":6,"minecraft:arrow":9,"cgm:heavy_rifle":6,"minecraft:glass":21,"minecraft:egg":1,"fallout_inspired_power_armor:pipe":4,"minecraft:bread":10,"minecraft:water_bucket":1,"minecraft:iron_ingot":45,"minecraft:stripped_spruce_log":27,"minecraft:wheat_seeds":69,"twilightforest:canopy_sapling":6,"minecraft:oak_fence":1,"minecraft:lead":2,"minecraft:cobblestone":69,"minecraft:apple":2,"minecraft:granite":4,"hunting_delight:cowcorpse":2,"spartanweaponry:greatsword_steel":1,"graveyard:bone_dagger":1,"minecraft:stick":1,"minecraft:oxeye_daisy":3,"spartanweaponry:halberd_diamond":1,"minecraft:wooden_hoe":1,"minecraft:torch":3,"minecraft:wooden_axe":1,"minecraft:iron_door":2,"minecraft:zombie_head":1,"minecraft:smooth_stone":2,"minecraft:paper":3,"minecraft:string":19,"minecraft:spruce_sapling":20,"minecraft:redstone":14,"cgm:advanced_bullet":122,"alexsmobs:maggot":3,"spartanweaponry:scythe_iron":6,"spartanweaponry:glaive_iron":1,"minecraft:smooth_stone_slab":2,"spartanweaponry:katana_iron":2,"fallout_inspired_power_armor:xo_1_chestplate":1,"fallout_inspired_power_armor:steel":3,"minecraft:potato":1,"minecraft:sea_pickle":1,"alexsmobs:cockroach_wing_fragment":1,"botania:lexicon":1,"minecraft:peony":2,"minecraft:iron_chestplate":1,"minecraft:diamond_pickaxe":1,"minecraft:andesite":28,"minecraft:oak_sapling":19,"minecraft:spider_eye":3,"minecraft:bow":2,"minecraft:stone_pickaxe":3,"graveyard:dark_iron_bars":32},"minecraft:custom":{"minecraft:interact_with_crafting_table":96,"minecraft:bell_ring":3,"minecraft:leave_game":21,"minecraft:time_since_death":8358,"minecraft:sprint_one_cm":1213101,"minecraft:damage_blocked_by_shield":8098,"minecraft:drop":414,"minecraft:talked_to_villager":4,"minecraft:deaths":113,"minecraft:jump":14913,"minecraft:walk_on_water_one_cm":128582,"minecraft:interact_with_furnace":282,"minecraft:play_one_minute":997327,"minecraft:sleep_in_bed":51,"minecraft:damage_dealt":64086,"minecraft:player_kills":15,"minecraft:crouch_one_cm":1893,"minecraft:use_cauldron":2,"minecraft:horse_one_cm":44454,"minecraft:interact_with_anvil":5,"minecraft:mob_kills":224,"minecraft:climb_one_cm":38258,"minecraft:walk_one_cm":4355788,"minecraft:raid_win":1,"minecraft:sneak_time":1755,"minecraft:walk_under_water_one_cm":71596,"minecraft:boat_one_cm":361904,"minecraft:interact_with_blast_furnace":2,"minecraft:raid_trigger":1,"minecraft:interact_with_grindstone":1,"minecraft:time_since_rest":8396,"minecraft:damage_taken":37984,"minecraft:swim_one_cm":57892,"minecraft:fly_one_cm":1836479,"minecraft:open_chest":171,"minecraft:fall_one_cm":279983},"minecraft:picked_up":{"hunting_delight:tainted_flesh":31,"minecraft:iron_chestplate":1,"minecraft:wheat":33,"cgm:basic_bullet":18,"minecraft:lead":2,"minecraft:diamond_sword":2,"minecraft:oak_stairs":1,"minecraft:wither_rose":14,"minecraft:string":46,"minecraft:soul_soil":1,"minecraft:smooth_stone_slab":3,"minecraft:iron_leggings":2,"minecraft:sticky_piston":1,"minecraft:zombie_head":2,"hunting_delight:sheepcorpse":1,"minecraft:oak_sign":1,"minecraft:sea_pickle":1,"minecraft:smooth_stone":2,"minecraft:written_book":1,"hunting_delight:pigcorpse":1,"minecraft:iron_pickaxe":2,"spartanweaponry:katana_iron":2,"cgm:advanced_bullet":131,"minecraft:iron_boots":1,"minecraft:furnace":3,"botania:lexicon":1,"minecraft:stick":137,"minecraft:oak_fence":2,"minecraft:torch":11,"minecraft:porkchop":9,"undead:blackpetal":5,"minecraft:diorite":10,"graveyard:tg_cobbled_deepslate_slab":2,"minecraft:light_gray_bed":5,"minecraft:rotten_flesh":327,"minecraft:obsidian":3,"minecraft:cobblestone":487,"bunker_down:ceiling_lamp":2,"minecraft:birch_log":50,"minecraft:feather":1,"minecraft:cooked_beef":15,"spartanweaponry:handle":5,"minecraft:iron_door":2,"minecraft:water_bucket":2,"minecraft:andesite":26,"minecraft:potato":7,"cgm:heavy_rifle":6,"minecraft:dirt":384,"twilightforest:canopy_sapling":12,"minecraft:leather_boots":1,"minecraft:bone":62,"botania:cyan_mystical_flower":2,"minecraft:bow":4,"minecraft:wheat_seeds":165,"minecraft:birch_wood":1,"fallout_inspired_power_armor:gold_10mm":1,"minecraft:diamond_helmet":1,"spartanweaponry:saber_iron":1,"minecraft:oak_planks":332,"graveyard:bone_dagger":2,"minecraft:oak_pressure_plate":1,"minecraft:sand":105,"twilightforest:canopy_log":7,"minecraft:stripped_spruce_log":34,"minecraft:grass_block":1,"minecraft:mossy_cobblestone":1,"travelersbackpack:white_sleeping_bag":3,"fallout_inspired_power_armor:pipe":4,"minecraft:diamond":35,"minecraft:granite":6,"minecraft:bone_meal":64,"minecraft:bread":7,"alexsmobs:maggot":8,"minecraft:oak_sapling":37,"minecraft:diamond_pickaxe":1,"minecraft:charcoal":7,"minecraft:crafting_table":8,"minecraft:chicken":2,"minecraft:ladder":2,"fallout_inspired_power_armor:locker":1,"fallout_inspired_power_armor:micro_fusion_cell":7,"fallout_inspired_power_armor:advanced_power_armor_leggings":1,"minecraft:shield":3,"fallout_inspired_power_armor:steel":3,"minecraft:cracked_stone_bricks":1,"fallout_inspired_power_armor:fusion_core":1,"minecraft:beef":18,"minecraft:sugar_cane":8,"minecraft:birch_sapling":4,"fallout_inspired_power_armor:frag_grenade":1,"minecraft:egg":1,"minecraft:oak_door":9,"hunting_delight:humanmeat":96,"hunting_delight:cookedhumanmeat":13,"graveyard:dark_iron_bars":34,"minecraft:carrot":19,"minecraft:redstone":18,"twilightforest:firefly":2,"minecraft:arrow":28,"spartanweaponry:illager_head":1,"minecraft:peony":2,"minecraft:diamond_boots":2,"minecraft:hay_block":5,"minecraft:saddle":1,"minecraft:mutton":1,"minecraft:skeleton_skull":1,"minecraft:white_wool":4,"minecraft:oxeye_daisy":6,"fallout_inspired_power_armor:rusty_fence":159,"spartanweaponry:hammer_stone":2,"minecraft:leather":3,"hunting_delight:cowcorpse":4,"minecraft:oak_log":138,"minecraft:yellow_bed":14,"minecraft:gunpowder":2,"minecraft:cobblestone_stairs":5,"fallout_inspired_power_armor:xo_1_chestplate":1,"minecraft:paper":3,"bunker_down:steel_block":2,"minecraft:apple":19,"alexsmobs:cockroach_wing_fragment":2,"minecraft:iron_ingot":113,"minecraft:stone_pickaxe":2,"minecraft:iron_ore":105,"minecraft:glass_bottle":1,"minecraft:polished_andesite_slab":1,"minecraft:iron_sword":1,"spartanweaponry:scythe_iron":7,"undead:acidgoo":1,"bunker_down:underroot_stage_1":7,"minecraft:dandelion":1,"minecraft:gravel":5,"minecraft:lava_bucket":1,"hunting_delight:rot":3,"spartanweaponry:greatsword_steel":1,"minecraft:spruce_sapling":22,"minecraft:white_bed":3,"minecraft:mossy_stone_brick_slab":6,"minecraft:spider_eye":3,"bunker_down:steel_block_slab":1,"minecraft:stone_axe":1,"minecraft:iron_helmet":2,"minecraft:coal":258},"minecraft:used":{"minecraft:iron_shovel":248,"minecraft:ladder":18,"minecraft:chest":1,"minecraft:shield":184,"minecraft:iron_sword":171,"spartanweaponry:halberd_diamond":209,"minecraft:mossy_stone_brick_slab":6,"minecraft:rotten_flesh":37,"minecraft:carrot":38,"minecraft:stripped_spruce_log":7,"minecraft:glass":50,"minecraft:lava_bucket":1,"minecraft:grass_block":1,"hunting_delight:cookedhumanmeat":15,"minecraft:bow":22,"minecraft:furnace":9,"hunting_delight:pigcorpse":1,"minecraft:skeleton_skull":1,"cgm:heavy_rifle":10,"minecraft:diorite":15,"spartanweaponry:katana_iron":156,"minecraft:oak_planks":274,"minecraft:stone_pickaxe":257,"minecraft:wooden_pickaxe":44,"graveyard:dark_iron_bars":2,"minecraft:sand":4,"minecraft:sticky_piston":1,"minecraft:zombie_head":1,"minecraft:string":4,"minecraft:bread":14,"hunting_delight:cowcorpse":2,"minecraft:polished_andesite_slab":1,"spartanweaponry:saber_iron":17,"spartanweaponry:greatsword_steel":400,"minecraft:birch_log":30,"minecraft:smooth_stone_slab":1,"spartanweaponry:scythe_iron":658,"twilightforest:canopy_planks":14,"minecraft:bone_meal":87,"minecraft:stone_sword":8,"minecraft:flint_and_steel":33,"minecraft:stone_shovel":131,"minecraft:cooked_salmon":7,"minecraft:oak_door":11,"minecraft:torch":44,"minecraft:dirt":11,"minecraft:granite":1,"fallout_inspired_power_armor:rusty_fence":139,"minecraft:wooden_axe":48,"alexsmobs:maggot":5,"minecraft:beef":3,"minecraft:cooked_beef":19,"minecraft:light_gray_bed":3,"minecraft:cooked_mutton":5,"minecraft:wheat_seeds":38,"spartanweaponry:hammer_stone":133,"minecraft:water_bucket":17,"minecraft:birch_planks":32,"minecraft:glass_bottle":44,"minecraft:mossy_cobblestone":1,"minecraft:crafting_table":16,"hunting_delight:humanmeat":43,"minecraft:white_bed":4,"minecraft:oak_log":133,"minecraft:wooden_hoe":3,"minecraft:diamond_pickaxe":274,"minecraft:apple":16,"twilightforest:firefly":1,"minecraft:chicken":2,"minecraft:iron_pickaxe":519,"travelersbackpack:white_sleeping_bag":1,"minecraft:stone_axe":61,"hunting_delight:rot":1,"minecraft:potion":45,"minecraft:cobblestone":218,"minecraft:porkchop":4,"minecraft:cooked_porkchop":5,"minecraft:bucket":16,"spartanweaponry:hammer_diamond":152,"alexsmobs:animal_dictionary":4,"minecraft:yellow_bed":14,"spartanweaponry:glaive_stone":13,"minecraft:wither_rose":10},"minecraft:mined":{"minecraft:white_bed":2,"minecraft:cobblestone_stairs":4,"minecraft:obsidian":1,"minecraft:granite":7,"minecraft:grass_block":281,"minecraft:light_gray_bed":5,"fallout_inspired_power_armor:toolbox":1,"fallout_inspired_power_armor:camera":2,"minecraft:spawner":1,"minecraft:smooth_stone":2,"minecraft:iron_ore":108,"minecraft:fire":4,"minecraft:target":1,"minecraft:light_gray_concrete":1,"fallout_inspired_power_armor:armored_door_closed":2,"fallout_inspired_power_armor:rusty_fence":154,"minecraft:tripwire":3,"botania:green_mystical_flower":1,"bunker_down:airlock_iron_door":2,"fallout_inspired_power_armor:vaultdoor":1,"minecraft:kelp_plant":1,"minecraft:soul_fire":2,"fallout_inspired_power_armor:rusted_lining":4,"fallout_inspired_power_armor:holderchain":1,"minecraft:torch":1,"botania:green_double_flower":1,"minecraft:poppy":2,"minecraft:glass":1,"minecraft:cobblestone":58,"minecraft:oak_planks":15,"minecraft:sugar_cane":6,"minecraft:iron_door":1,"minecraft:wall_torch":5,"minecraft:seagrass":1,"fallout_inspired_power_armor:debri":1,"minecraft:birch_log":45,"minecraft:wheat":58,"fallout_inspired_power_armor:computer":5,"twilightforest:root":2,"minecraft:smooth_stone_slab":5,"minecraft:stone_brick_stairs":1,"fallout_inspired_power_armor:cement":2,"minecraft:wither_rose":14,"minecraft:grass":104,"botania:gray_mushroom":1,"minecraft:oak_log":153,"minecraft:beetroots":8,"fallout_inspired_power_armor:cage_light":20,"minecraft:sand":118,"minecraft:dirt":70,"minecraft:oak_leaves":18,"minecraft:redstone_lamp":3,"twilightforest:firefly":1,"minecraft:diamond_ore":5,"minecraft:mossy_cobblestone":3,"minecraft:oak_door":3,"minecraft:dark_oak_log":1,"hunting_delight:pigcorpse":1,"minecraft:redstone_wire":1,"fallout_inspired_power_armor:floor_blood":1,"travelersbackpack:white_sleeping_bag":1,"minecraft:spruce_leaves":1,"fallout_inspired_power_armor:locker":1,"minecraft:sandstone":9,"minecraft:large_fern":2,"minecraft:hay_block":5,"minecraft:carrots":18,"minecraft:furnace":3,"minecraft:andesite":27,"minecraft:stripped_spruce_log":2,"bunker_down:airlock_iron_trapdoor":1,"bunker_down:steel_vent":1,"minecraft:mossy_stone_brick_stairs":1,"minecraft:potatoes":11,"hunting_delight:cowcorpse":3,"bunker_down:steel_block":3,"minecraft:stone":378,"bunker_down:ceiling_lamp":1,"croparia:block_crop_coal":1,"minecraft:glass_pane":2,"minecraft:stone_brick_slab":1,"minecraft:dandelion":2,"minecraft:oak_fence":1,"minecraft:crafting_table":9,"minecraft:tall_grass":23,"fallout_inspired_power_armor:blueprint":1,"minecraft:diorite":10,"botania:cyan_mystical_flower":2,"minecraft:birch_planks":1,"minecraft:gray_concrete_powder":1,"k-turrets:titanium_ore":1,"fallout_inspired_power_armor:interior_lining":2,"minecraft:sweet_berry_bush":1,"minecraft:birch_leaves":2,"minecraft:bee_nest":1,"minecraft:yellow_bed":10,"minecraft:grass_path":1,"fallout_inspired_power_armor:floor_paper":2,"minecraft:coal_ore":194,"minecraft:mycelium":3,"minecraft:gravel":6,"minecraft:cobweb":11,"minecraft:cracked_stone_bricks":3,"minecraft:fern":2,"fallout_inspired_power_armor:metal_chair":1},"minecraft:crafted":{"minecraft:oak_planks":668,"spartanweaponry:glaive_iron":1,"spartanweaponry:scythe_iron":2,"spartanweaponry:battleaxe_iron":1,"minecraft:glass":62,"minecraft:iron_boots":1,"minecraft:chest":1,"minecraft:cooked_porkchop":3,"minecraft:crafting_table":9,"minecraft:wooden_pickaxe":3,"minecraft:iron_helmet":1,"minecraft:baked_potato":6,"minecraft:birch_planks":172,"spartanweaponry:halberd_diamond":1,"minecraft:iron_chestplate":3,"minecraft:wooden_hoe":1,"minecraft:diamond_pickaxe":2,"minecraft:charcoal":5,"minecraft:shield":5,"minecraft:stick":160,"minecraft:iron_ingot":114,"minecraft:iron_pickaxe":3,"minecraft:stone_sword":1,"minecraft:oak_door":9,"minecraft:stone_shovel":1,"spartanweaponry:hammer_diamond":1,"minecraft:furnace":6,"minecraft:bone_meal":294,"minecraft:ladder":18,"minecraft:stone_pickaxe":4,"twilightforest:canopy_planks":28,"spartanweaponry:glaive_stone":2,"minecraft:wheat":45,"minecraft:cooked_beef":26,"minecraft:diamond_sword":1,"spartanweaponry:pole":9,"minecraft:iron_sword":1,"spartanweaponry:handle":1,"minecraft:cooked_salmon":7,"minecraft:stone_axe":2,"spartanweaponry:saber_iron":1,"minecraft:bread":24,"minecraft:wooden_axe":2,"minecraft:iron_shovel":1,"minecraft:iron_leggings":1,"minecraft:white_bed":1,"hunting_delight:cookedhumanmeat":51,"minecraft:torch":60}},"DataVersion":2586}