{"stats":{"minecraft:killed_by":{"minecraft:player":3,"minecraft:creeper":1,"minecraft:enderman":1,"minecraft:ravager":2,"mutantbeasts:mutant_skeleton":4,"sanitydim:rotting_stalker":3,"minecraft:vindicator":4,"undead:sucker":4,"undead:theheavy":3,"alexsmobs:centipede_head":1,"minecraft:skeleton":5,"mutantbeasts:mutant_creeper":1,"undead:themoonflower":2,"minecraft:vex":2},"minecraft:picked_up":{"hunting_delight:tainted_flesh":31,"minecraft:iron_chestplate":1,"minecraft:crafting_table":8,"minecraft:wheat":25,"cgm:basic_bullet":18,"minecraft:ladder":2,"minecraft:diamond_sword":1,"minecraft:oak_stairs":1,"minecraft:shield":1,"minecraft:string":7,"minecraft:iron_leggings":1,"minecraft:sticky_piston":1,"minecraft:zombie_head":1,"hunting_delight:sheepcorpse":1,"minecraft:smooth_stone":2,"minecraft:beef":16,"minecraft:iron_pickaxe":2,"spartanweaponry:katana_iron":2,"minecraft:birch_sapling":1,"minecraft:iron_boots":1,"minecraft:furnace":1,"minecraft:stick":100,"minecraft:oak_door":2,"minecraft:oak_fence":2,"hunting_delight:humanmeat":28,"minecraft:torch":8,"hunting_delight:cookedhumanmeat":2,"minecraft:porkchop":3,"undead:blackpetal":2,"minecraft:diorite":10,"minecraft:carrot":19,"minecraft:redstone":16,"minecraft:arrow":19,"minecraft:light_gray_bed":5,"minecraft:rotten_flesh":117,"spartanweaponry:illager_head":1,"minecraft:peony":2,"minecraft:saddle":1,"minecraft:birch_log":9,"minecraft:cobblestone":259,"minecraft:obsidian":1,"minecraft:skeleton_skull":1,"minecraft:white_wool":1,"bunker_down:ceiling_lamp":2,"minecraft:oxeye_daisy":6,"spartanweaponry:handle":1,"minecraft:cooked_beef":15,"minecraft:feather":1,"minecraft:water_bucket":1,"spartanweaponry:hammer_stone":2,"minecraft:andesite":23,"minecraft:leather":3,"minecraft:potato":6,"hunting_delight:cowcorpse":4,"minecraft:oak_log":90,"minecraft:yellow_bed":1,"minecraft:dirt":14,"bunker_down:steel_block":2,"minecraft:bone":25,"minecraft:apple":14,"minecraft:bow":3,"minecraft:wheat_seeds":147,"alexsmobs:cockroach_wing_fragment":2,"minecraft:iron_ingot":77,"minecraft:stone_pickaxe":2,"minecraft:iron_ore":53,"minecraft:glass_bottle":1,"spartanweaponry:saber_iron":1,"minecraft:iron_sword":1,"minecraft:oak_planks":307,"spartanweaponry:scythe_iron":7,"minecraft:lava_bucket":1,"graveyard:bone_dagger":2,"minecraft:gravel":5,"hunting_delight:rot":3,"minecraft:spruce_sapling":2,"minecraft:grass_block":1,"minecraft:spider_eye":1,"minecraft:mossy_cobblestone":1,"bunker_down:steel_block_slab":1,"travelersbackpack:white_sleeping_bag":3,"minecraft:diamond":5,"minecraft:stone_axe":1,"minecraft:iron_helmet":2,"minecraft:granite":6,"minecraft:bread":7,"alexsmobs:maggot":5,"minecraft:oak_sapling":27,"minecraft:coal":216,"minecraft:diamond_pickaxe":1},"minecraft:broken":{"minecraft:iron_chestplate":1,"minecraft:stone_pickaxe":1,"minecraft:shield":1,"minecraft:iron_pickaxe":1,"minecraft:iron_helmet":1},"minecraft:dropped":{"minecraft:iron_ingot":45,"minecraft:wheat_seeds":1,"minecraft:baked_potato":6,"minecraft:glass_bottle":2,"minecraft:oak_fence":1,"minecraft:cobblestone":47,"minecraft:leather":3,"minecraft:granite":4,"hunting_delight:cowcorpse":2,"minecraft:oxeye_daisy":3,"minecraft:dirt":3,"minecraft:torch":2,"minecraft:zombie_head":1,"minecraft:sand":19,"hunting_delight:sheepcorpse":1,"minecraft:iron_pickaxe":1,"minecraft:smooth_stone":2,"minecraft:string":2,"bunker_down:ceiling_lamp":2,"minecraft:white_wool":1,"minecraft:redstone":12,"hunting_delight:rot":2,"minecraft:bone":6,"minecraft:oak_door":4,"minecraft:gravel":3,"minecraft:stone_axe":1,"alexsmobs:maggot":2,"spartanweaponry:scythe_iron":5,"alexsmobs:animal_dictionary":1,"spartanweaponry:glaive_iron":1,"minecraft:wheat":4,"minecraft:obsidian":1,"minecraft:rotten_flesh":55,"minecraft:oak_planks":8,"undead:blackpetal":1,"minecraft:poppy":3,"spartanweaponry:katana_iron":2,"cgm:basic_bullet":18,"alexsmobs:cockroach_wing_fragment":1,"minecraft:peony":2,"minecraft:charcoal":1,"minecraft:andesite":26,"minecraft:oak_sapling":10,"minecraft:spider_eye":1,"minecraft:bow":1,"minecraft:glass":9,"minecraft:stone_pickaxe":2},"minecraft:mined":{"minecraft:diamond_ore":5,"minecraft:mossy_cobblestone":1,"minecraft:obsidian":1,"minecraft:granite":5,"minecraft:grass_block":8,"minecraft:light_gray_bed":5,"travelersbackpack:white_sleeping_bag":1,"minecraft:spruce_leaves":1,"minecraft:large_fern":1,"minecraft:smooth_stone":2,"minecraft:carrots":13,"minecraft:furnace":1,"minecraft:iron_ore":56,"minecraft:fire":4,"minecraft:andesite":11,"minecraft:potatoes":7,"hunting_delight:cowcorpse":3,"fallout_inspired_power_armor:armored_door_closed":1,"bunker_down:steel_block":1,"minecraft:stone":207,"botania:green_mystical_flower":1,"bunker_down:ceiling_lamp":1,"minecraft:oak_fence":1,"minecraft:crafting_table":8,"botania:green_double_flower":1,"minecraft:poppy":1,"minecraft:tall_grass":5,"minecraft:cobblestone":18,"minecraft:oak_planks":4,"minecraft:diorite":10,"minecraft:wall_torch":3,"minecraft:seagrass":1,"minecraft:sweet_berry_bush":1,"minecraft:birch_log":20,"fallout_inspired_power_armor:debri":1,"minecraft:wheat":53,"minecraft:birch_leaves":2,"minecraft:bee_nest":1,"minecraft:yellow_bed":1,"minecraft:grass":29,"minecraft:oak_log":92,"minecraft:coal_ore":155,"minecraft:beetroots":4,"minecraft:gravel":6,"minecraft:dirt":6,"minecraft:oak_leaves":13,"minecraft:fern":1},"minecraft:crafted":{"minecraft:oak_door":3,"minecraft:oak_planks":480,"spartanweaponry:glaive_iron":1,"spartanweaponry:scythe_iron":2,"minecraft:furnace":3,"minecraft:bone_meal":87,"minecraft:iron_boots":1,"minecraft:ladder":18,"minecraft:stone_pickaxe":3,"minecraft:cooked_beef":15,"minecraft:diamond_sword":1,"minecraft:cooked_porkchop":3,"minecraft:crafting_table":3,"minecraft:iron_helmet":1,"minecraft:wooden_pickaxe":2,"minecraft:baked_potato":6,"minecraft:iron_sword":1,"minecraft:cooked_salmon":7,"minecraft:birch_planks":100,"minecraft:stone_axe":2,"spartanweaponry:saber_iron":1,"minecraft:bread":7,"minecraft:iron_chestplate":1,"minecraft:diamond_pickaxe":1,"minecraft:shield":3,"minecraft:stick":144,"minecraft:iron_ingot":52,"minecraft:iron_pickaxe":2,"minecraft:stone_sword":1,"minecraft:iron_leggings":1,"hunting_delight:cookedhumanmeat":7,"minecraft:torch":12},"minecraft:used":{"minecraft:stone_sword":8,"minecraft:ladder":18,"minecraft:shield":61,"minecraft:iron_sword":13,"minecraft:cooked_salmon":7,"minecraft:rotten_flesh":6,"minecraft:oak_door":1,"minecraft:torch":5,"minecraft:dirt":3,"minecraft:carrot":27,"minecraft:granite":1,"alexsmobs:maggot":3,"minecraft:grass_block":1,"hunting_delight:cookedhumanmeat":9,"minecraft:bow":22,"minecraft:beef":1,"minecraft:furnace":4,"minecraft:skeleton_skull":1,"minecraft:light_gray_bed":3,"minecraft:wheat_seeds":38,"spartanweaponry:hammer_stone":1,"minecraft:water_bucket":10,"minecraft:diorite":15,"spartanweaponry:katana_iron":156,"minecraft:stone_pickaxe":239,"minecraft:glass_bottle":44,"minecraft:oak_planks":29,"minecraft:wooden_pickaxe":36,"minecraft:mossy_cobblestone":1,"minecraft:crafting_table":9,"minecraft:sticky_piston":1,"minecraft:oak_log":89,"minecraft:diamond_pickaxe":50,"minecraft:apple":13,"minecraft:bread":2,"minecraft:iron_pickaxe":171,"minecraft:string":1,"travelersbackpack:white_sleeping_bag":1,"hunting_delight:cowcorpse":2,"minecraft:stone_axe":61,"hunting_delight:rot":1,"spartanweaponry:saber_iron":17,"minecraft:potion":45,"minecraft:cobblestone":143,"minecraft:cooked_porkchop":3,"minecraft:bucket":10,"minecraft:birch_log":18,"minecraft:yellow_bed":1,"alexsmobs:animal_dictionary":4,"spartanweaponry:scythe_iron":241,"minecraft:bone_meal":87},"minecraft:killed":{"minecraft:witch":2,"undead:sucker":8,"alexsmobs:raccoon":3,"minecraft:vindicator":6,"minecraft:spider":1,"undead:zombiecow":1,"minecraft:skeleton":9,"minecraft:bee":1,"undead:spitter":1,"undead:themoonflower":14,"minecraft:pig":2,"minecraft:zombie_villager":2,"minecraft:ravager":1,"minecraft:sheep":2,"minecraft:pillager":12,"alexsmobs:cockroach":1,"minecraft:zombie":14,"undead:thestone":1,"alexsmobs:fly":2,"alexsmobs:crow":1,"minecraft:villager":2,"minecraft:enderman":1,"minecraft:cow":10},"minecraft:custom":{"minecraft:interact_with_anvil":2,"minecraft:mob_kills":101,"minecraft:interact_with_crafting_table":44,"minecraft:bell_ring":3,"minecraft:leave_game":8,"minecraft:time_since_death":11473,"minecraft:climb_one_cm":30138,"minecraft:sprint_one_cm":297159,"minecraft:walk_one_cm":1577686,"minecraft:damage_blocked_by_shield":2127,"minecraft:drop":76,"minecraft:talked_to_villager":3,"minecraft:raid_win":1,"minecraft:deaths":41,"minecraft:sneak_time":251,"minecraft:walk_under_water_one_cm":20246,"minecraft:boat_one_cm":76466,"minecraft:jump":5153,"minecraft:interact_with_blast_furnace":2,"minecraft:walk_on_water_one_cm":72421,"minecraft:interact_with_furnace":149,"minecraft:play_one_minute":347254,"minecraft:raid_trigger":1,"minecraft:interact_with_grindstone":1,"minecraft:sleep_in_bed":18,"minecraft:time_since_rest":11519,"minecraft:damage_taken":13668,"minecraft:damage_dealt":19793,"minecraft:player_kills":4,"minecraft:swim_one_cm":3971,"minecraft:fly_one_cm":410795,"minecraft:open_chest":51,"minecraft:crouch_one_cm":877,"minecraft:fall_one_cm":93463}},"DataVersion":2586}