{"stats":{"minecraft:killed_by":{"minecraft:skeleton":3},"minecraft:picked_up":{"bunker_down:ceiling_lamp":1,"minecraft:birch_log":9,"minecraft:crafting_table":2,"spartanweaponry:hammer_stone":1,"minecraft:andesite":10,"minecraft:oak_log":50,"minecraft:dirt":4,"minecraft:string":1,"minecraft:bone":10,"minecraft:apple":7,"minecraft:bow":2,"minecraft:smooth_stone":2,"minecraft:iron_ingot":42,"minecraft:stone_pickaxe":2,"minecraft:iron_ore":36,"minecraft:glass_bottle":1,"spartanweaponry:katana_iron":2,"minecraft:birch_sapling":1,"spartanweaponry:scythe_iron":2,"minecraft:stick":18,"hunting_delight:humanmeat":6,"graveyard:bone_dagger":1,"minecraft:torch":2,"hunting_delight:cookedhumanmeat":1,"minecraft:gravel":5,"minecraft:diorite":10,"minecraft:spider_eye":1,"minecraft:arrow":7,"minecraft:light_gray_bed":3,"minecraft:rotten_flesh":6,"minecraft:granite":6,"minecraft:oak_sapling":17,"minecraft:coal":116,"minecraft:skeleton_skull":1,"minecraft:cobblestone":209},"minecraft:mined":{"minecraft:crafting_table":3,"minecraft:granite":4,"minecraft:grass_block":3,"minecraft:light_gray_bed":3,"minecraft:cobblestone":9,"minecraft:diorite":9,"minecraft:seagrass":1,"minecraft:smooth_stone":2,"minecraft:birch_log":8,"minecraft:iron_ore":37,"minecraft:andesite":10,"minecraft:birch_leaves":2,"minecraft:grass":1,"minecraft:oak_log":53,"minecraft:coal_ore":78,"minecraft:gravel":6,"minecraft:dirt":1,"minecraft:stone":182,"minecraft:oak_leaves":5,"bunker_down:ceiling_lamp":1},"minecraft:crafted":{"minecraft:oak_planks":212,"minecraft:crafting_table":1,"spartanweaponry:glaive_iron":1,"spartanweaponry:scythe_iron":2,"minecraft:wooden_pickaxe":2,"minecraft:iron_helmet":1,"minecraft:iron_sword":1,"minecraft:furnace":1,"minecraft:cooked_salmon":7,"minecraft:birch_planks":36,"minecraft:stone_axe":1,"minecraft:shield":2,"minecraft:stick":76,"minecraft:iron_ingot":41,"minecraft:iron_pickaxe":2,"minecraft:stone_pickaxe":3,"minecraft:stone_sword":1},"minecraft:used":{"minecraft:water_bucket":5,"minecraft:diorite":5,"minecraft:stone_sword":8,"spartanweaponry:katana_iron":1,"minecraft:glass_bottle":8,"minecraft:stone_pickaxe":239,"minecraft:wooden_pickaxe":36,"minecraft:shield":12,"minecraft:iron_sword":13,"minecraft:cooked_salmon":3,"minecraft:rotten_flesh":1,"minecraft:crafting_table":2,"minecraft:granite":1,"minecraft:oak_log":50,"minecraft:apple":3,"hunting_delight:cookedhumanmeat":1,"minecraft:iron_pickaxe":70,"minecraft:stone_axe":12,"minecraft:cobblestone":28,"minecraft:potion":9,"minecraft:bow":4,"minecraft:furnace":1,"minecraft:bucket":5,"minecraft:birch_log":6,"minecraft:skeleton_skull":1,"alexsmobs:animal_dictionary":4,"minecraft:light_gray_bed":1,"spartanweaponry:scythe_iron":14},"minecraft:broken":{"minecraft:stone_pickaxe":1,"minecraft:iron_pickaxe":1},"minecraft:custom":{"minecraft:interact_with_furnace":63,"minecraft:mob_kills":10,"minecraft:interact_with_crafting_table":24,"minecraft:play_one_minute":102933,"minecraft:leave_game":4,"minecraft:time_since_death":41994,"minecraft:sleep_in_bed":5,"minecraft:climb_one_cm":17344,"minecraft:time_since_rest":9623,"minecraft:sprint_one_cm":31042,"minecraft:damage_taken":1466,"minecraft:walk_one_cm":455811,"minecraft:damage_blocked_by_shield":400,"minecraft:drop":17,"minecraft:damage_dealt":1987,"minecraft:fly_one_cm":11514,"minecraft:open_chest":12,"minecraft:deaths":4,"minecraft:sneak_time":4,"minecraft:walk_under_water_one_cm":821,"minecraft:jump":1048,"minecraft:interact_with_blast_furnace":1,"minecraft:walk_on_water_one_cm":9301,"minecraft:fall_one_cm":9843},"minecraft:killed":{"minecraft:spider":1,"minecraft:skeleton":4,"minecraft:zombie":3,"undead:themoonflower":1},"minecraft:dropped":{"minecraft:gravel":3,"minecraft:iron_ingot":44,"spartanweaponry:scythe_iron":3,"spartanweaponry:glaive_iron":1,"minecraft:glass_bottle":1,"minecraft:granite":4,"spartanweaponry:katana_iron":1,"minecraft:poppy":3,"minecraft:torch":1,"minecraft:spider_eye":1,"minecraft:bow":1,"minecraft:smooth_stone":2,"minecraft:bone":4}},"DataVersion":2586}