{"stats":{"minecraft:mined":{"minecraft:cobblestone_stairs":1,"minecraft:obsidian":1,"minecraft:granite":5,"minecraft:grass_block":16,"minecraft:light_gray_bed":5,"fallout_inspired_power_armor:toolbox":1,"minecraft:spawner":1,"minecraft:smooth_stone":2,"minecraft:iron_ore":61,"minecraft:fire":4,"fallout_inspired_power_armor:armored_door_closed":2,"botania:green_mystical_flower":1,"fallout_inspired_power_armor:vaultdoor":1,"minecraft:kelp_plant":1,"minecraft:soul_fire":2,"fallout_inspired_power_armor:rusted_lining":4,"fallout_inspired_power_armor:holderchain":1,"botania:green_double_flower":1,"minecraft:poppy":1,"minecraft:cobblestone":36,"minecraft:oak_planks":4,"minecraft:iron_door":1,"minecraft:wall_torch":3,"minecraft:seagrass":1,"minecraft:birch_log":20,"fallout_inspired_power_armor:debri":1,"minecraft:wheat":58,"fallout_inspired_power_armor:computer":5,"fallout_inspired_power_armor:cement":2,"minecraft:wither_rose":6,"minecraft:stone_brick_stairs":1,"minecraft:smooth_stone_slab":2,"minecraft:grass":41,"minecraft:oak_log":92,"minecraft:beetroots":8,"minecraft:sand":1,"fallout_inspired_power_armor:cage_light":6,"minecraft:dirt":17,"minecraft:oak_leaves":18,"minecraft:redstone_lamp":1,"minecraft:diamond_ore":5,"minecraft:mossy_cobblestone":2,"minecraft:dark_oak_log":1,"fallout_inspired_power_armor:floor_blood":1,"travelersbackpack:white_sleeping_bag":1,"minecraft:spruce_leaves":1,"fallout_inspired_power_armor:locker":1,"minecraft:large_fern":2,"minecraft:hay_block":5,"minecraft:furnace":1,"minecraft:carrots":18,"minecraft:andesite":11,"minecraft:stripped_spruce_log":2,"minecraft:mossy_stone_brick_stairs":1,"minecraft:potatoes":11,"hunting_delight:cowcorpse":3,"bunker_down:steel_block":1,"minecraft:stone":211,"bunker_down:ceiling_lamp":1,"minecraft:stone_brick_slab":1,"minecraft:oak_fence":1,"minecraft:crafting_table":9,"minecraft:tall_grass":8,"fallout_inspired_power_armor:blueprint":1,"minecraft:diorite":10,"minecraft:gray_concrete_powder":1,"k-turrets:titanium_ore":1,"minecraft:sweet_berry_bush":1,"minecraft:birch_leaves":2,"minecraft:bee_nest":1,"minecraft:yellow_bed":10,"fallout_inspired_power_armor:floor_paper":2,"minecraft:coal_ore":155,"minecraft:gravel":6,"minecraft:cobweb":6,"minecraft:cracked_stone_bricks":3,"minecraft:fern":2},"minecraft:used":{"minecraft:ladder":18,"minecraft:shield":88,"minecraft:iron_sword":13,"minecraft:mossy_stone_brick_slab":6,"minecraft:rotten_flesh":6,"minecraft:carrot":27,"minecraft:stripped_spruce_log":7,"minecraft:lava_bucket":1,"minecraft:grass_block":1,"hunting_delight:cookedhumanmeat":9,"minecraft:bow":22,"minecraft:furnace":6,"minecraft:skeleton_skull":1,"cgm:heavy_rifle":2,"minecraft:diorite":15,"spartanweaponry:katana_iron":156,"minecraft:stone_pickaxe":239,"minecraft:oak_planks":29,"minecraft:wooden_pickaxe":36,"graveyard:dark_iron_bars":2,"minecraft:sticky_piston":1,"minecraft:zombie_head":1,"minecraft:string":1,"minecraft:bread":14,"hunting_delight:cowcorpse":2,"minecraft:polished_andesite_slab":1,"spartanweaponry:saber_iron":17,"spartanweaponry:greatsword_steel":64,"minecraft:birch_log":18,"spartanweaponry:scythe_iron":519,"minecraft:bone_meal":87,"minecraft:stone_sword":8,"minecraft:cooked_salmon":7,"minecraft:oak_door":1,"minecraft:torch":5,"minecraft:dirt":8,"minecraft:granite":1,"alexsmobs:maggot":5,"minecraft:beef":3,"minecraft:cooked_beef":9,"minecraft:light_gray_bed":3,"minecraft:cooked_mutton":5,"minecraft:wheat_seeds":38,"spartanweaponry:hammer_stone":71,"minecraft:water_bucket":17,"minecraft:glass_bottle":44,"minecraft:mossy_cobblestone":1,"minecraft:crafting_table":11,"hunting_delight:humanmeat":2,"minecraft:white_bed":1,"minecraft:oak_log":89,"minecraft:diamond_pickaxe":110,"minecraft:apple":16,"minecraft:iron_pickaxe":191,"travelersbackpack:white_sleeping_bag":1,"minecraft:stone_axe":61,"hunting_delight:rot":1,"minecraft:potion":45,"minecraft:cobblestone":145,"minecraft:cooked_porkchop":3,"minecraft:bucket":16,"minecraft:yellow_bed":13,"alexsmobs:animal_dictionary":4},"minecraft:killed":{"fallout_inspired_power_armor:veteran_raider":1,"minecraft:witch":2,"minecraft:spider":3,"fallout_inspired_power_armor:raidermaster":1,"undead:zombiecow":1,"fallout_inspired_power_armor:enclave_ap_soldier":1,"fallout_inspired_power_armor:raider_leader":1,"minecraft:skeleton":15,"minecraft:bee":1,"fallout_inspired_power_armor:raider_woman":2,"undead:spitter":1,"minecraft:pig":5,"minecraft:zombie_villager":2,"fallout_inspired_power_armor:armored_raider":5,"minecraft:sheep":3,"minecraft:trader_llama":2,"minecraft:pillager":12,"minecraft:zombie":20,"alexsmobs:fly":4,"minecraft:cow":11,"undead:sucker":8,"alexsmobs:raccoon":6,"minecraft:vindicator":6,"minecraft:horse":2,"undead:themoonflower":16,"minecraft:wandering_trader":1,"minecraft:ravager":1,"undead:thescreamer":1,"alexsmobs:cockroach":1,"undead:thestone":2,"alexsmobs:crow":1,"minecraft:wither_skeleton":1,"minecraft:villager":2,"minecraft:enderman":1},"minecraft:dropped":{"minecraft:porkchop":2,"minecraft:oak_pressure_plate":1,"minecraft:baked_potato":6,"minecraft:glass_bottle":2,"minecraft:leather":3,"minecraft:cracked_stone_bricks":1,"minecraft:saddle":1,"minecraft:cobblestone_stairs":2,"minecraft:dirt":25,"hunting_delight:tainted_flesh":21,"fallout_inspired_power_armor:fusion_core":1,"minecraft:mutton":1,"minecraft:sand":19,"hunting_delight:sheepcorpse":1,"minecraft:iron_pickaxe":1,"minecraft:birch_log":18,"bunker_down:ceiling_lamp":2,"minecraft:white_wool":1,"hunting_delight:rot":2,"minecraft:bone":76,"minecraft:gravel":3,"minecraft:oak_door":4,"minecraft:stone_axe":2,"alexsmobs:animal_dictionary":1,"minecraft:wheat":4,"minecraft:obsidian":3,"minecraft:rotten_flesh":77,"minecraft:oak_planks":44,"minecraft:birch_wood":1,"undead:blackpetal":1,"minecraft:poppy":3,"fallout_inspired_power_armor:locker":1,"minecraft:gunpowder":1,"cgm:basic_bullet":18,"travelersbackpack:white_sleeping_bag":1,"minecraft:charcoal":1,"minecraft:leather_boots":1,"minecraft:arrow":4,"cgm:heavy_rifle":4,"minecraft:glass":9,"minecraft:egg":1,"fallout_inspired_power_armor:pipe":4,"minecraft:iron_ingot":45,"minecraft:bread":10,"minecraft:stripped_spruce_log":27,"minecraft:wheat_seeds":1,"minecraft:oak_fence":1,"minecraft:lead":2,"minecraft:cobblestone":49,"minecraft:apple":2,"minecraft:granite":4,"hunting_delight:cowcorpse":2,"graveyard:bone_dagger":1,"minecraft:oxeye_daisy":3,"minecraft:torch":3,"minecraft:iron_door":1,"minecraft:zombie_head":1,"minecraft:smooth_stone":2,"minecraft:string":17,"minecraft:paper":3,"minecraft:spruce_sapling":20,"minecraft:redstone":14,"alexsmobs:maggot":3,"spartanweaponry:scythe_iron":6,"spartanweaponry:glaive_iron":1,"minecraft:smooth_stone_slab":2,"spartanweaponry:katana_iron":2,"fallout_inspired_power_armor:steel":3,"minecraft:potato":1,"alexsmobs:cockroach_wing_fragment":1,"minecraft:peony":2,"minecraft:andesite":26,"minecraft:oak_sapling":14,"minecraft:spider_eye":2,"minecraft:bow":2,"minecraft:stone_pickaxe":2,"graveyard:dark_iron_bars":17},"minecraft:picked_up":{"hunting_delight:tainted_flesh":31,"minecraft:iron_chestplate":1,"minecraft:wheat":31,"cgm:basic_bullet":18,"minecraft:lead":2,"minecraft:diamond_sword":2,"minecraft:oak_stairs":1,"minecraft:wither_rose":6,"minecraft:string":12,"minecraft:soul_soil":1,"minecraft:smooth_stone_slab":2,"minecraft:iron_leggings":2,"minecraft:sticky_piston":1,"minecraft:zombie_head":2,"hunting_delight:sheepcorpse":1,"minecraft:oak_sign":1,"minecraft:smooth_stone":2,"minecraft:iron_pickaxe":2,"spartanweaponry:katana_iron":2,"cgm:advanced_bullet":77,"minecraft:furnace":1,"minecraft:iron_boots":1,"minecraft:stick":110,"minecraft:oak_fence":2,"minecraft:torch":8,"minecraft:porkchop":5,"undead:blackpetal":2,"minecraft:diorite":10,"graveyard:tg_cobbled_deepslate_slab":2,"minecraft:light_gray_bed":5,"minecraft:rotten_flesh":120,"minecraft:obsidian":3,"minecraft:cobblestone":280,"bunker_down:ceiling_lamp":2,"minecraft:birch_log":27,"minecraft:cooked_beef":15,"minecraft:feather":1,"spartanweaponry:handle":1,"minecraft:iron_door":2,"minecraft:water_bucket":1,"minecraft:andesite":23,"minecraft:potato":7,"cgm:heavy_rifle":4,"minecraft:dirt":41,"minecraft:leather_boots":1,"minecraft:bone":34,"minecraft:bow":3,"minecraft:wheat_seeds":155,"minecraft:birch_wood":1,"spartanweaponry:saber_iron":1,"minecraft:oak_planks":309,"graveyard:bone_dagger":2,"minecraft:oak_pressure_plate":1,"minecraft:stripped_spruce_log":34,"minecraft:grass_block":1,"minecraft:mossy_cobblestone":1,"travelersbackpack:white_sleeping_bag":3,"fallout_inspired_power_armor:pipe":4,"minecraft:diamond":5,"minecraft:granite":6,"minecraft:bread":7,"alexsmobs:maggot":8,"minecraft:oak_sapling":31,"minecraft:diamond_pickaxe":1,"minecraft:crafting_table":8,"minecraft:ladder":2,"fallout_inspired_power_armor:locker":1,"minecraft:shield":2,"fallout_inspired_power_armor:steel":3,"minecraft:cracked_stone_bricks":1,"fallout_inspired_power_armor:fusion_core":1,"minecraft:beef":18,"minecraft:birch_sapling":1,"fallout_inspired_power_armor:frag_grenade":1,"minecraft:egg":1,"minecraft:oak_door":3,"hunting_delight:humanmeat":46,"hunting_delight:cookedhumanmeat":2,"graveyard:dark_iron_bars":34,"minecraft:carrot":19,"minecraft:redstone":16,"minecraft:arrow":23,"spartanweaponry:illager_head":1,"minecraft:peony":2,"minecraft:diamond_boots":1,"minecraft:hay_block":5,"minecraft:saddle":1,"minecraft:mutton":1,"minecraft:skeleton_skull":1,"minecraft:white_wool":1,"minecraft:oxeye_daisy":6,"spartanweaponry:hammer_stone":2,"minecraft:leather":3,"hunting_delight:cowcorpse":4,"minecraft:oak_log":90,"minecraft:yellow_bed":13,"minecraft:gunpowder":2,"minecraft:cobblestone_stairs":3,"minecraft:paper":3,"bunker_down:steel_block":2,"minecraft:apple":19,"alexsmobs:cockroach_wing_fragment":2,"minecraft:iron_ingot":97,"minecraft:stone_pickaxe":2,"minecraft:iron_ore":58,"minecraft:glass_bottle":1,"minecraft:polished_andesite_slab":1,"minecraft:iron_sword":1,"spartanweaponry:scythe_iron":7,"minecraft:gravel":5,"minecraft:lava_bucket":1,"hunting_delight:rot":3,"spartanweaponry:greatsword_steel":1,"minecraft:spruce_sapling":22,"minecraft:white_bed":1,"minecraft:mossy_stone_brick_slab":6,"minecraft:spider_eye":2,"bunker_down:steel_block_slab":1,"minecraft:stone_axe":1,"minecraft:iron_helmet":2,"minecraft:coal":216},"minecraft:broken":{"minecraft:iron_boots":1,"minecraft:iron_chestplate":2,"minecraft:iron_leggings":1,"minecraft:stone_pickaxe":1,"fallout_inspired_power_armor:frag_grenade":1,"spartanweaponry:scythe_iron":1,"minecraft:shield":1,"minecraft:iron_pickaxe":1,"minecraft:iron_helmet":2},"minecraft:custom":{"minecraft:interact_with_crafting_table":52,"minecraft:bell_ring":3,"minecraft:leave_game":11,"minecraft:time_since_death":25757,"minecraft:sprint_one_cm":592506,"minecraft:damage_blocked_by_shield":3812,"minecraft:drop":167,"minecraft:talked_to_villager":4,"minecraft:deaths":57,"minecraft:jump":7889,"minecraft:walk_on_water_one_cm":101846,"minecraft:interact_with_furnace":183,"minecraft:play_one_minute":500945,"minecraft:sleep_in_bed":27,"minecraft:damage_dealt":34084,"minecraft:player_kills":7,"minecraft:crouch_one_cm":932,"minecraft:use_cauldron":2,"minecraft:horse_one_cm":44454,"minecraft:interact_with_anvil":2,"minecraft:mob_kills":151,"minecraft:climb_one_cm":30466,"minecraft:walk_one_cm":2257370,"minecraft:raid_win":1,"minecraft:sneak_time":537,"minecraft:walk_under_water_one_cm":53457,"minecraft:boat_one_cm":361904,"minecraft:interact_with_blast_furnace":2,"minecraft:raid_trigger":1,"minecraft:interact_with_grindstone":1,"minecraft:time_since_rest":21599,"minecraft:damage_taken":19663,"minecraft:swim_one_cm":56016,"minecraft:fly_one_cm":798429,"minecraft:open_chest":97,"minecraft:fall_one_cm":150467},"minecraft:crafted":{"minecraft:oak_planks":480,"spartanweaponry:glaive_iron":1,"spartanweaponry:scythe_iron":2,"minecraft:iron_boots":1,"minecraft:cooked_porkchop":3,"minecraft:crafting_table":4,"minecraft:wooden_pickaxe":2,"minecraft:iron_helmet":1,"minecraft:baked_potato":6,"minecraft:birch_planks":100,"minecraft:iron_chestplate":1,"minecraft:diamond_pickaxe":1,"minecraft:shield":4,"minecraft:stick":144,"minecraft:iron_ingot":68,"minecraft:iron_pickaxe":2,"minecraft:stone_sword":1,"minecraft:oak_door":3,"minecraft:furnace":5,"minecraft:bone_meal":210,"minecraft:ladder":18,"minecraft:stone_pickaxe":3,"minecraft:wheat":45,"minecraft:cooked_beef":26,"minecraft:diamond_sword":1,"minecraft:iron_sword":1,"minecraft:cooked_salmon":7,"minecraft:stone_axe":2,"spartanweaponry:saber_iron":1,"minecraft:bread":24,"minecraft:iron_leggings":1,"hunting_delight:cookedhumanmeat":37,"minecraft:torch":12},"minecraft:killed_by":{"minecraft:creeper":2,"minecraft:ravager":2,"sanitydim:rotting_stalker":7,"minecraft:vindicator":4,"fallout_inspired_power_armor:veteran_raider":3,"undead:sucker":4,"undead:theheavy":3,"mutantbeasts:mutant_creeper":1,"fallout_inspired_power_armor:raider_leader":1,"fallout_inspired_power_armor:sentry":1,"minecraft:vex":2,"minecraft:player":3,"minecraft:enderman":1,"mutantbeasts:mutant_skeleton":4,"fallout_inspired_power_armor:companion":1,"fallout_inspired_power_armor:enclave_ap_soldier":2,"fallout_inspired_power_armor:experienced_raider":1,"alexsmobs:centipede_head":1,"minecraft:skeleton":5,"undead:themoonflower":2}},"DataVersion":2586}