{"stats":{"minecraft:killed_by":{"minecraft:player":1,"minecraft:creeper":1,"minecraft:enderman":1,"mutantbeasts:mutant_skeleton":4,"undead:sucker":4,"undead:theheavy":3,"alexsmobs:centipede_head":1,"minecraft:skeleton":4,"undead:themoonflower":2},"minecraft:picked_up":{"minecraft:crafting_table":6,"minecraft:wheat":25,"cgm:basic_bullet":18,"minecraft:ladder":2,"minecraft:oak_stairs":1,"minecraft:string":4,"minecraft:sticky_piston":1,"minecraft:zombie_head":1,"hunting_delight:sheepcorpse":1,"minecraft:smooth_stone":2,"minecraft:beef":15,"minecraft:iron_pickaxe":1,"spartanweaponry:katana_iron":2,"minecraft:birch_sapling":1,"minecraft:furnace":1,"minecraft:stick":37,"minecraft:oak_door":2,"minecraft:oak_fence":2,"hunting_delight:humanmeat":22,"minecraft:torch":5,"hunting_delight:cookedhumanmeat":2,"minecraft:porkchop":3,"undead:blackpetal":2,"minecraft:diorite":10,"minecraft:carrot":19,"minecraft:redstone":12,"minecraft:arrow":19,"minecraft:light_gray_bed":5,"minecraft:rotten_flesh":56,"minecraft:peony":2,"minecraft:birch_log":9,"minecraft:cobblestone":237,"minecraft:obsidian":1,"bunker_down:ceiling_lamp":2,"minecraft:skeleton_skull":1,"minecraft:white_wool":1,"minecraft:oxeye_daisy":6,"minecraft:feather":1,"spartanweaponry:hammer_stone":1,"minecraft:andesite":23,"minecraft:leather":2,"hunting_delight:cowcorpse":4,"minecraft:potato":6,"minecraft:oak_log":90,"minecraft:yellow_bed":1,"minecraft:dirt":8,"bunker_down:steel_block":2,"minecraft:bone":21,"minecraft:apple":14,"minecraft:bow":2,"minecraft:wheat_seeds":89,"alexsmobs:cockroach_wing_fragment":2,"minecraft:stone_pickaxe":2,"minecraft:iron_ingot":43,"minecraft:iron_ore":42,"minecraft:glass_bottle":1,"minecraft:oak_planks":12,"spartanweaponry:scythe_iron":4,"graveyard:bone_dagger":1,"minecraft:gravel":5,"hunting_delight:rot":3,"minecraft:grass_block":1,"minecraft:spider_eye":1,"minecraft:mossy_cobblestone":1,"bunker_down:steel_block_slab":1,"travelersbackpack:white_sleeping_bag":2,"minecraft:diamond":5,"minecraft:iron_helmet":1,"minecraft:granite":6,"alexsmobs:maggot":5,"minecraft:oak_sapling":27,"minecraft:coal":137},"minecraft:broken":{"minecraft:stone_pickaxe":1,"minecraft:iron_pickaxe":1,"minecraft:iron_helmet":1},"minecraft:dropped":{"minecraft:iron_ingot":44,"minecraft:wheat_seeds":1,"minecraft:baked_potato":6,"minecraft:glass_bottle":2,"minecraft:oak_fence":1,"minecraft:leather":2,"minecraft:granite":4,"hunting_delight:cowcorpse":2,"minecraft:oxeye_daisy":3,"minecraft:torch":1,"minecraft:zombie_head":1,"minecraft:sand":19,"hunting_delight:sheepcorpse":1,"minecraft:iron_pickaxe":1,"minecraft:smooth_stone":2,"minecraft:string":2,"bunker_down:ceiling_lamp":2,"minecraft:white_wool":1,"minecraft:redstone":12,"minecraft:bone":6,"hunting_delight:rot":2,"minecraft:oak_door":4,"minecraft:gravel":3,"minecraft:stone_axe":1,"alexsmobs:maggot":2,"spartanweaponry:scythe_iron":4,"alexsmobs:animal_dictionary":1,"spartanweaponry:glaive_iron":1,"minecraft:wheat":4,"minecraft:obsidian":1,"minecraft:rotten_flesh":55,"minecraft:oak_planks":8,"undead:blackpetal":1,"minecraft:poppy":3,"spartanweaponry:katana_iron":2,"alexsmobs:cockroach_wing_fragment":1,"minecraft:peony":2,"minecraft:charcoal":1,"minecraft:andesite":26,"minecraft:oak_sapling":10,"minecraft:spider_eye":1,"minecraft:bow":1,"minecraft:glass":9,"minecraft:stone_pickaxe":2},"minecraft:mined":{"minecraft:diamond_ore":5,"minecraft:mossy_cobblestone":1,"minecraft:obsidian":1,"minecraft:granite":4,"minecraft:grass_block":6,"minecraft:light_gray_bed":5,"travelersbackpack:white_sleeping_bag":1,"minecraft:large_fern":1,"minecraft:smooth_stone":2,"minecraft:carrots":13,"minecraft:furnace":1,"minecraft:iron_ore":45,"minecraft:fire":4,"minecraft:andesite":11,"minecraft:potatoes":7,"hunting_delight:cowcorpse":3,"fallout_inspired_power_armor:armored_door_closed":1,"bunker_down:steel_block":1,"minecraft:stone":203,"bunker_down:ceiling_lamp":1,"botania:green_mystical_flower":1,"minecraft:oak_fence":1,"minecraft:crafting_table":7,"botania:green_double_flower":1,"minecraft:tall_grass":3,"minecraft:cobblestone":17,"minecraft:oak_planks":1,"minecraft:diorite":9,"minecraft:wall_torch":1,"minecraft:seagrass":1,"minecraft:birch_log":20,"fallout_inspired_power_armor:debri":1,"minecraft:wheat":53,"minecraft:birch_leaves":2,"minecraft:yellow_bed":1,"minecraft:grass":27,"minecraft:oak_log":92,"minecraft:coal_ore":101,"minecraft:beetroots":4,"minecraft:gravel":6,"minecraft:dirt":6,"minecraft:oak_leaves":13},"minecraft:crafted":{"minecraft:oak_door":3,"minecraft:oak_planks":480,"spartanweaponry:glaive_iron":1,"spartanweaponry:scythe_iron":2,"minecraft:furnace":3,"minecraft:bone_meal":87,"minecraft:ladder":18,"minecraft:stone_pickaxe":3,"minecraft:cooked_beef":15,"minecraft:diamond_sword":1,"minecraft:cooked_porkchop":3,"minecraft:crafting_table":2,"minecraft:iron_helmet":1,"minecraft:wooden_pickaxe":2,"minecraft:baked_potato":6,"minecraft:iron_sword":1,"minecraft:cooked_salmon":7,"minecraft:birch_planks":100,"minecraft:stone_axe":2,"spartanweaponry:saber_iron":1,"minecraft:bread":7,"minecraft:diamond_pickaxe":1,"minecraft:shield":3,"minecraft:stick":144,"minecraft:iron_ingot":52,"minecraft:iron_pickaxe":2,"minecraft:stone_sword":1,"hunting_delight:cookedhumanmeat":7,"minecraft:torch":12},"minecraft:used":{"minecraft:stone_sword":8,"minecraft:ladder":18,"minecraft:shield":46,"minecraft:iron_sword":13,"minecraft:cooked_salmon":7,"minecraft:rotten_flesh":2,"minecraft:oak_door":1,"minecraft:torch":5,"minecraft:dirt":3,"minecraft:carrot":27,"minecraft:granite":1,"alexsmobs:maggot":3,"minecraft:grass_block":1,"hunting_delight:cookedhumanmeat":1,"minecraft:bow":18,"minecraft:furnace":4,"minecraft:skeleton_skull":1,"minecraft:light_gray_bed":3,"minecraft:wheat_seeds":38,"spartanweaponry:hammer_stone":1,"minecraft:water_bucket":10,"minecraft:diorite":15,"spartanweaponry:katana_iron":156,"minecraft:stone_pickaxe":239,"minecraft:glass_bottle":44,"minecraft:oak_planks":26,"minecraft:wooden_pickaxe":36,"minecraft:mossy_cobblestone":1,"minecraft:crafting_table":8,"minecraft:sticky_piston":1,"minecraft:oak_log":89,"minecraft:diamond_pickaxe":7,"minecraft:apple":11,"minecraft:string":1,"minecraft:iron_pickaxe":142,"travelersbackpack:white_sleeping_bag":1,"hunting_delight:cowcorpse":2,"minecraft:stone_axe":57,"hunting_delight:rot":1,"spartanweaponry:saber_iron":1,"minecraft:cobblestone":143,"minecraft:potion":45,"minecraft:cooked_porkchop":1,"minecraft:bucket":10,"minecraft:birch_log":18,"minecraft:yellow_bed":1,"alexsmobs:animal_dictionary":4,"spartanweaponry:scythe_iron":135,"minecraft:bone_meal":87},"minecraft:killed":{"undead:sucker":6,"alexsmobs:raccoon":3,"minecraft:spider":1,"minecraft:skeleton":9,"undead:themoonflower":9,"minecraft:pig":2,"minecraft:sheep":2,"minecraft:zombie":12,"alexsmobs:cockroach":1,"undead:thestone":1,"alexsmobs:fly":2,"alexsmobs:crow":1,"minecraft:villager":2,"minecraft:enderman":1,"minecraft:cow":7},"minecraft:custom":{"minecraft:interact_with_anvil":1,"minecraft:mob_kills":62,"minecraft:interact_with_crafting_table":38,"minecraft:leave_game":7,"minecraft:time_since_death":24944,"minecraft:climb_one_cm":30138,"minecraft:sprint_one_cm":190184,"minecraft:walk_one_cm":1261863,"minecraft:damage_blocked_by_shield":1597,"minecraft:drop":67,"minecraft:talked_to_villager":3,"minecraft:deaths":26,"minecraft:sneak_time":246,"minecraft:walk_under_water_one_cm":19158,"minecraft:boat_one_cm":76466,"minecraft:jump":3913,"minecraft:interact_with_blast_furnace":2,"minecraft:walk_on_water_one_cm":69858,"minecraft:interact_with_furnace":149,"minecraft:play_one_minute":287854,"minecraft:sleep_in_bed":12,"minecraft:time_since_rest":24971,"minecraft:damage_taken":7971,"minecraft:damage_dealt":12119,"minecraft:player_kills":2,"minecraft:swim_one_cm":2482,"minecraft:fly_one_cm":293206,"minecraft:open_chest":44,"minecraft:crouch_one_cm":826,"minecraft:fall_one_cm":62759}},"DataVersion":2586}