{"stats":{"minecraft:used":{"minecraft:stone_sword":8,"minecraft:ladder":18,"minecraft:shield":25,"minecraft:iron_sword":13,"minecraft:cooked_salmon":7,"minecraft:rotten_flesh":2,"minecraft:oak_door":1,"minecraft:torch":5,"minecraft:dirt":3,"minecraft:carrot":23,"minecraft:granite":1,"alexsmobs:maggot":1,"hunting_delight:cookedhumanmeat":1,"minecraft:bow":5,"minecraft:furnace":3,"minecraft:skeleton_skull":1,"minecraft:light_gray_bed":3,"minecraft:water_bucket":10,"minecraft:diorite":15,"spartanweaponry:katana_iron":156,"minecraft:stone_pickaxe":239,"minecraft:glass_bottle":44,"minecraft:oak_planks":26,"minecraft:wooden_pickaxe":36,"minecraft:mossy_cobblestone":1,"minecraft:crafting_table":7,"minecraft:sticky_piston":1,"minecraft:oak_log":68,"minecraft:diamond_pickaxe":7,"minecraft:apple":5,"minecraft:iron_pickaxe":142,"hunting_delight:rot":1,"minecraft:stone_axe":49,"minecraft:cobblestone":143,"minecraft:potion":45,"minecraft:bucket":10,"minecraft:birch_log":18,"alexsmobs:animal_dictionary":4,"spartanweaponry:scythe_iron":14},"minecraft:dropped":{"minecraft:iron_ingot":44,"minecraft:baked_potato":6,"minecraft:glass_bottle":1,"minecraft:oak_fence":1,"minecraft:leather":2,"minecraft:granite":4,"minecraft:oxeye_daisy":3,"minecraft:torch":1,"minecraft:sand":19,"minecraft:smooth_stone":2,"minecraft:string":2,"bunker_down:ceiling_lamp":2,"minecraft:white_wool":1,"minecraft:redstone":12,"hunting_delight:rot":2,"minecraft:bone":5,"minecraft:gravel":3,"minecraft:stone_axe":1,"alexsmobs:maggot":2,"spartanweaponry:scythe_iron":3,"alexsmobs:animal_dictionary":1,"spartanweaponry:glaive_iron":1,"minecraft:obsidian":1,"minecraft:rotten_flesh":31,"minecraft:poppy":3,"spartanweaponry:katana_iron":2,"alexsmobs:cockroach_wing_fragment":1,"minecraft:peony":2,"minecraft:charcoal":1,"minecraft:andesite":26,"minecraft:oak_sapling":1,"minecraft:spider_eye":1,"minecraft:bow":1,"minecraft:glass":9,"minecraft:stone_pickaxe":1},"minecraft:killed_by":{"minecraft:creeper":1,"minecraft:enderman":1,"mutantbeasts:mutant_skeleton":2,"undead:sucker":1,"alexsmobs:centipede_head":1,"minecraft:skeleton":4},"minecraft:mined":{"minecraft:diamond_ore":5,"minecraft:mossy_cobblestone":1,"minecraft:obsidian":1,"minecraft:granite":4,"minecraft:grass_block":6,"minecraft:light_gray_bed":5,"minecraft:large_fern":1,"minecraft:smooth_stone":2,"minecraft:furnace":1,"minecraft:carrots":13,"minecraft:iron_ore":45,"minecraft:fire":4,"minecraft:andesite":11,"minecraft:potatoes":7,"fallout_inspired_power_armor:armored_door_closed":1,"bunker_down:steel_block":1,"minecraft:stone":203,"bunker_down:ceiling_lamp":1,"botania:green_mystical_flower":1,"minecraft:oak_fence":1,"minecraft:crafting_table":7,"minecraft:tall_grass":3,"minecraft:cobblestone":17,"minecraft:oak_planks":1,"minecraft:diorite":9,"minecraft:wall_torch":1,"minecraft:seagrass":1,"minecraft:birch_log":20,"fallout_inspired_power_armor:debri":1,"minecraft:wheat":27,"minecraft:birch_leaves":2,"minecraft:grass":21,"minecraft:oak_log":71,"minecraft:coal_ore":101,"minecraft:beetroots":4,"minecraft:gravel":6,"minecraft:dirt":6,"minecraft:oak_leaves":13},"minecraft:crafted":{"minecraft:oak_door":3,"minecraft:oak_planks":212,"spartanweaponry:glaive_iron":1,"spartanweaponry:scythe_iron":2,"minecraft:furnace":3,"minecraft:ladder":18,"minecraft:stone_pickaxe":3,"minecraft:cooked_beef":15,"minecraft:diamond_sword":1,"minecraft:cooked_porkchop":3,"minecraft:crafting_table":2,"minecraft:iron_helmet":1,"minecraft:wooden_pickaxe":2,"minecraft:baked_potato":6,"minecraft:iron_sword":1,"minecraft:cooked_salmon":7,"minecraft:birch_planks":100,"minecraft:stone_axe":2,"minecraft:diamond_pickaxe":1,"minecraft:shield":2,"minecraft:stick":120,"minecraft:iron_ingot":41,"minecraft:iron_pickaxe":2,"minecraft:stone_sword":1,"hunting_delight:cookedhumanmeat":2,"minecraft:torch":12},"minecraft:picked_up":{"minecraft:crafting_table":6,"minecraft:ladder":2,"minecraft:string":3,"minecraft:sticky_piston":1,"minecraft:smooth_stone":2,"minecraft:beef":15,"spartanweaponry:katana_iron":2,"minecraft:birch_sapling":1,"minecraft:furnace":1,"minecraft:stick":32,"minecraft:oak_fence":2,"hunting_delight:humanmeat":8,"minecraft:torch":4,"hunting_delight:cookedhumanmeat":1,"minecraft:porkchop":3,"minecraft:diorite":10,"minecraft:carrot":19,"minecraft:redstone":12,"minecraft:arrow":13,"minecraft:light_gray_bed":5,"minecraft:rotten_flesh":31,"minecraft:peony":2,"bunker_down:ceiling_lamp":2,"minecraft:cobblestone":237,"minecraft:obsidian":1,"minecraft:skeleton_skull":1,"minecraft:white_wool":1,"minecraft:oxeye_daisy":6,"minecraft:birch_log":9,"minecraft:feather":1,"spartanweaponry:hammer_stone":1,"minecraft:andesite":23,"minecraft:leather":2,"minecraft:potato":6,"minecraft:oak_log":71,"minecraft:dirt":8,"bunker_down:steel_block":2,"minecraft:bone":13,"minecraft:apple":12,"minecraft:bow":2,"minecraft:wheat_seeds":26,"alexsmobs:cockroach_wing_fragment":1,"minecraft:stone_pickaxe":2,"minecraft:iron_ingot":42,"minecraft:iron_ore":42,"minecraft:glass_bottle":1,"minecraft:oak_planks":1,"spartanweaponry:scythe_iron":3,"graveyard:bone_dagger":1,"minecraft:gravel":5,"hunting_delight:rot":3,"minecraft:spider_eye":1,"minecraft:mossy_cobblestone":1,"bunker_down:steel_block_slab":1,"minecraft:diamond":5,"minecraft:iron_helmet":1,"minecraft:granite":6,"alexsmobs:maggot":3,"minecraft:oak_sapling":18,"minecraft:coal":137},"minecraft:killed":{"undead:sucker":3,"alexsmobs:raccoon":3,"minecraft:spider":1,"minecraft:skeleton":7,"undead:themoonflower":1,"minecraft:pig":2,"minecraft:sheep":2,"alexsmobs:cockroach":1,"minecraft:zombie":4,"alexsmobs:fly":1,"alexsmobs:crow":1,"minecraft:villager":2,"minecraft:cow":7},"minecraft:broken":{"minecraft:stone_pickaxe":1,"minecraft:iron_pickaxe":1},"minecraft:custom":{"minecraft:mob_kills":37,"minecraft:interact_with_crafting_table":31,"minecraft:leave_game":7,"minecraft:time_since_death":4653,"minecraft:climb_one_cm":30138,"minecraft:sprint_one_cm":130082,"minecraft:walk_one_cm":991278,"minecraft:damage_blocked_by_shield":850,"minecraft:drop":48,"minecraft:talked_to_villager":3,"minecraft:deaths":15,"minecraft:sneak_time":57,"minecraft:walk_under_water_one_cm":19158,"minecraft:boat_one_cm":76466,"minecraft:jump":3029,"minecraft:interact_with_blast_furnace":1,"minecraft:walk_on_water_one_cm":68563,"minecraft:interact_with_furnace":130,"minecraft:play_one_minute":230143,"minecraft:sleep_in_bed":11,"minecraft:time_since_rest":3999,"minecraft:damage_taken":4731,"minecraft:damage_dealt":5826,"minecraft:swim_one_cm":2482,"minecraft:fly_one_cm":189652,"minecraft:open_chest":27,"minecraft:crouch_one_cm":31,"minecraft:fall_one_cm":41715}},"DataVersion":2586}