{"stats":{"minecraft:killed_by":{"minecraft:creeper":1,"minecraft:ravager":2,"sanitydim:rotting_stalker":6,"minecraft:vindicator":4,"undead:sucker":4,"undead:theheavy":3,"mutantbeasts:mutant_creeper":1,"minecraft:vex":2,"minecraft:player":3,"minecraft:enderman":1,"mutantbeasts:mutant_skeleton":4,"alexsmobs:centipede_head":1,"minecraft:skeleton":5,"undead:themoonflower":2},"minecraft:picked_up":{"hunting_delight:tainted_flesh":31,"minecraft:iron_chestplate":1,"minecraft:wheat":25,"cgm:basic_bullet":18,"minecraft:diamond_sword":1,"minecraft:oak_stairs":1,"minecraft:wither_rose":6,"minecraft:string":12,"minecraft:soul_soil":1,"minecraft:iron_leggings":1,"minecraft:sticky_piston":1,"minecraft:zombie_head":1,"hunting_delight:sheepcorpse":1,"minecraft:smooth_stone":2,"minecraft:iron_pickaxe":2,"spartanweaponry:katana_iron":2,"minecraft:furnace":1,"minecraft:iron_boots":1,"minecraft:stick":103,"minecraft:oak_fence":2,"minecraft:torch":8,"minecraft:porkchop":3,"undead:blackpetal":2,"minecraft:diorite":10,"graveyard:tg_cobbled_deepslate_slab":2,"minecraft:light_gray_bed":5,"minecraft:rotten_flesh":119,"minecraft:obsidian":1,"minecraft:cobblestone":262,"bunker_down:ceiling_lamp":2,"minecraft:birch_log":15,"minecraft:cooked_beef":15,"minecraft:feather":1,"spartanweaponry:handle":1,"minecraft:water_bucket":1,"minecraft:andesite":23,"minecraft:potato":6,"minecraft:dirt":25,"minecraft:bone":31,"minecraft:bow":3,"minecraft:wheat_seeds":147,"minecraft:birch_wood":1,"spartanweaponry:saber_iron":1,"minecraft:oak_planks":309,"graveyard:bone_dagger":2,"minecraft:stripped_spruce_log":32,"minecraft:grass_block":1,"minecraft:mossy_cobblestone":1,"travelersbackpack:white_sleeping_bag":3,"minecraft:diamond":5,"minecraft:granite":6,"minecraft:bread":7,"alexsmobs:maggot":6,"minecraft:oak_sapling":27,"minecraft:diamond_pickaxe":1,"minecraft:crafting_table":8,"minecraft:ladder":2,"minecraft:shield":1,"minecraft:cracked_stone_bricks":1,"minecraft:beef":16,"minecraft:birch_sapling":1,"minecraft:egg":1,"minecraft:oak_door":2,"hunting_delight:humanmeat":34,"hunting_delight:cookedhumanmeat":2,"graveyard:dark_iron_bars":34,"minecraft:carrot":19,"minecraft:redstone":16,"minecraft:arrow":21,"spartanweaponry:illager_head":1,"minecraft:peony":2,"minecraft:diamond_boots":1,"minecraft:hay_block":5,"minecraft:saddle":1,"minecraft:white_wool":1,"minecraft:skeleton_skull":1,"minecraft:oxeye_daisy":6,"spartanweaponry:hammer_stone":2,"minecraft:leather":3,"hunting_delight:cowcorpse":4,"minecraft:oak_log":90,"minecraft:yellow_bed":10,"minecraft:cobblestone_stairs":2,"bunker_down:steel_block":2,"minecraft:apple":16,"alexsmobs:cockroach_wing_fragment":2,"minecraft:iron_ingot":77,"minecraft:stone_pickaxe":2,"minecraft:iron_ore":58,"minecraft:glass_bottle":1,"minecraft:polished_andesite_slab":1,"minecraft:iron_sword":1,"spartanweaponry:scythe_iron":7,"minecraft:lava_bucket":1,"minecraft:gravel":5,"hunting_delight:rot":3,"minecraft:spruce_sapling":22,"minecraft:mossy_stone_brick_slab":6,"minecraft:spider_eye":2,"bunker_down:steel_block_slab":1,"minecraft:stone_axe":1,"minecraft:iron_helmet":2,"minecraft:coal":216},"minecraft:broken":{"minecraft:iron_chestplate":1,"minecraft:stone_pickaxe":1,"spartanweaponry:scythe_iron":1,"minecraft:shield":1,"minecraft:iron_pickaxe":1,"minecraft:iron_helmet":2},"minecraft:dropped":{"minecraft:baked_potato":6,"minecraft:glass_bottle":2,"minecraft:leather":3,"minecraft:cracked_stone_bricks":1,"minecraft:saddle":1,"minecraft:cobblestone_stairs":2,"minecraft:dirt":3,"hunting_delight:tainted_flesh":21,"minecraft:sand":19,"hunting_delight:sheepcorpse":1,"minecraft:iron_pickaxe":1,"bunker_down:ceiling_lamp":2,"minecraft:white_wool":1,"hunting_delight:rot":2,"minecraft:bone":76,"minecraft:gravel":3,"minecraft:oak_door":4,"minecraft:stone_axe":2,"alexsmobs:animal_dictionary":1,"minecraft:wheat":4,"minecraft:obsidian":1,"minecraft:rotten_flesh":77,"minecraft:oak_planks":44,"minecraft:birch_wood":1,"undead:blackpetal":1,"minecraft:poppy":3,"cgm:basic_bullet":18,"travelersbackpack:white_sleeping_bag":1,"minecraft:charcoal":1,"minecraft:glass":9,"minecraft:egg":1,"minecraft:iron_ingot":45,"minecraft:bread":10,"minecraft:stripped_spruce_log":27,"minecraft:wheat_seeds":1,"minecraft:oak_fence":1,"minecraft:cobblestone":47,"minecraft:granite":4,"hunting_delight:cowcorpse":2,"minecraft:oxeye_daisy":3,"minecraft:torch":3,"minecraft:zombie_head":1,"minecraft:smooth_stone":2,"minecraft:string":17,"minecraft:spruce_sapling":20,"minecraft:redstone":14,"alexsmobs:maggot":2,"spartanweaponry:scythe_iron":5,"spartanweaponry:glaive_iron":1,"spartanweaponry:katana_iron":2,"alexsmobs:cockroach_wing_fragment":1,"minecraft:peony":2,"minecraft:andesite":26,"minecraft:oak_sapling":10,"minecraft:spider_eye":2,"minecraft:bow":1,"minecraft:stone_pickaxe":2,"graveyard:dark_iron_bars":17},"minecraft:mined":{"minecraft:obsidian":1,"minecraft:granite":5,"minecraft:grass_block":12,"minecraft:light_gray_bed":5,"minecraft:spawner":1,"minecraft:smooth_stone":2,"minecraft:iron_ore":61,"minecraft:fire":4,"fallout_inspired_power_armor:armored_door_closed":1,"botania:green_mystical_flower":1,"minecraft:kelp_plant":1,"minecraft:soul_fire":2,"botania:green_double_flower":1,"minecraft:poppy":1,"minecraft:cobblestone":18,"minecraft:oak_planks":4,"minecraft:wall_torch":3,"minecraft:seagrass":1,"minecraft:birch_log":20,"fallout_inspired_power_armor:debri":1,"minecraft:wheat":53,"minecraft:wither_rose":6,"minecraft:stone_brick_stairs":1,"minecraft:grass":38,"minecraft:oak_log":92,"minecraft:beetroots":4,"minecraft:sand":1,"minecraft:dirt":16,"minecraft:oak_leaves":13,"minecraft:diamond_ore":5,"minecraft:mossy_cobblestone":1,"fallout_inspired_power_armor:floor_blood":1,"travelersbackpack:white_sleeping_bag":1,"minecraft:spruce_leaves":1,"minecraft:large_fern":2,"minecraft:hay_block":5,"minecraft:furnace":1,"minecraft:carrots":13,"minecraft:andesite":11,"minecraft:mossy_stone_brick_stairs":1,"minecraft:potatoes":7,"hunting_delight:cowcorpse":3,"bunker_down:steel_block":1,"minecraft:stone":208,"bunker_down:ceiling_lamp":1,"minecraft:stone_brick_slab":1,"minecraft:oak_fence":1,"minecraft:crafting_table":9,"minecraft:tall_grass":8,"minecraft:diorite":10,"minecraft:gray_concrete_powder":1,"k-turrets:titanium_ore":1,"minecraft:sweet_berry_bush":1,"minecraft:birch_leaves":2,"minecraft:bee_nest":1,"minecraft:yellow_bed":9,"minecraft:coal_ore":155,"minecraft:gravel":6,"minecraft:cobweb":6,"minecraft:cracked_stone_bricks":3,"minecraft:fern":2},"minecraft:crafted":{"minecraft:oak_planks":480,"spartanweaponry:glaive_iron":1,"spartanweaponry:scythe_iron":2,"minecraft:iron_boots":1,"minecraft:cooked_porkchop":3,"minecraft:crafting_table":3,"minecraft:wooden_pickaxe":2,"minecraft:iron_helmet":1,"minecraft:baked_potato":6,"minecraft:birch_planks":100,"minecraft:diamond_pickaxe":1,"minecraft:iron_chestplate":1,"minecraft:shield":3,"minecraft:stick":144,"minecraft:iron_pickaxe":2,"minecraft:iron_ingot":52,"minecraft:stone_sword":1,"minecraft:oak_door":3,"minecraft:furnace":3,"minecraft:bone_meal":87,"minecraft:ladder":18,"minecraft:stone_pickaxe":3,"minecraft:wheat":45,"minecraft:cooked_beef":15,"minecraft:diamond_sword":1,"minecraft:iron_sword":1,"minecraft:cooked_salmon":7,"minecraft:stone_axe":2,"spartanweaponry:saber_iron":1,"minecraft:bread":17,"minecraft:iron_leggings":1,"hunting_delight:cookedhumanmeat":7,"minecraft:torch":12},"minecraft:used":{"minecraft:ladder":18,"minecraft:shield":71,"minecraft:iron_sword":13,"minecraft:mossy_stone_brick_slab":6,"minecraft:rotten_flesh":6,"minecraft:carrot":27,"minecraft:stripped_spruce_log":2,"minecraft:lava_bucket":1,"minecraft:grass_block":1,"hunting_delight:cookedhumanmeat":9,"minecraft:bow":22,"minecraft:furnace":4,"minecraft:skeleton_skull":1,"minecraft:diorite":15,"spartanweaponry:katana_iron":156,"minecraft:stone_pickaxe":239,"minecraft:oak_planks":29,"minecraft:wooden_pickaxe":36,"graveyard:dark_iron_bars":2,"minecraft:sticky_piston":1,"minecraft:bread":7,"minecraft:string":1,"hunting_delight:cowcorpse":2,"minecraft:polished_andesite_slab":1,"spartanweaponry:saber_iron":17,"minecraft:birch_log":18,"spartanweaponry:scythe_iron":423,"minecraft:bone_meal":87,"minecraft:stone_sword":8,"minecraft:cooked_salmon":7,"minecraft:oak_door":1,"minecraft:torch":5,"minecraft:dirt":3,"minecraft:granite":1,"alexsmobs:maggot":4,"minecraft:beef":1,"minecraft:cooked_beef":6,"minecraft:light_gray_bed":3,"minecraft:cooked_mutton":1,"minecraft:wheat_seeds":38,"spartanweaponry:hammer_stone":1,"minecraft:water_bucket":10,"minecraft:glass_bottle":44,"minecraft:mossy_cobblestone":1,"minecraft:crafting_table":10,"minecraft:oak_log":89,"minecraft:diamond_pickaxe":70,"minecraft:apple":15,"minecraft:iron_pickaxe":178,"travelersbackpack:white_sleeping_bag":1,"minecraft:stone_axe":61,"hunting_delight:rot":1,"minecraft:cobblestone":145,"minecraft:potion":45,"minecraft:cooked_porkchop":3,"minecraft:bucket":10,"minecraft:yellow_bed":10,"alexsmobs:animal_dictionary":4},"minecraft:killed":{"minecraft:witch":2,"minecraft:spider":2,"fallout_inspired_power_armor:raidermaster":1,"undead:zombiecow":1,"minecraft:skeleton":13,"minecraft:bee":1,"undead:spitter":1,"minecraft:pig":5,"minecraft:zombie_villager":2,"fallout_inspired_power_armor:armored_raider":1,"minecraft:sheep":3,"minecraft:pillager":12,"minecraft:zombie":19,"alexsmobs:fly":4,"minecraft:cow":10,"undead:sucker":8,"alexsmobs:raccoon":6,"minecraft:vindicator":6,"minecraft:horse":2,"undead:themoonflower":14,"minecraft:ravager":1,"alexsmobs:cockroach":1,"undead:thestone":2,"alexsmobs:crow":1,"minecraft:wither_skeleton":1,"minecraft:villager":2,"minecraft:enderman":1},"minecraft:custom":{"minecraft:interact_with_crafting_table":45,"minecraft:bell_ring":3,"minecraft:leave_game":11,"minecraft:time_since_death":47037,"minecraft:sprint_one_cm":458799,"minecraft:damage_blocked_by_shield":2527,"minecraft:drop":100,"minecraft:talked_to_villager":3,"minecraft:deaths":45,"minecraft:jump":6710,"minecraft:walk_on_water_one_cm":82638,"minecraft:interact_with_furnace":149,"minecraft:play_one_minute":411559,"minecraft:sleep_in_bed":24,"minecraft:damage_dealt":28996,"minecraft:player_kills":5,"minecraft:crouch_one_cm":877,"minecraft:horse_one_cm":44454,"minecraft:mob_kills":127,"minecraft:interact_with_anvil":2,"minecraft:climb_one_cm":30388,"minecraft:walk_one_cm":1897098,"minecraft:raid_win":1,"minecraft:sneak_time":427,"minecraft:walk_under_water_one_cm":37765,"minecraft:boat_one_cm":76466,"minecraft:interact_with_blast_furnace":2,"minecraft:raid_trigger":1,"minecraft:interact_with_grindstone":1,"minecraft:time_since_rest":6451,"minecraft:damage_taken":15317,"minecraft:swim_one_cm":25705,"minecraft:fly_one_cm":651791,"minecraft:open_chest":88,"minecraft:fall_one_cm":129179}},"DataVersion":2586}