{"stats":{"minecraft:custom":{"minecraft:mob_kills":9,"minecraft:interact_with_crafting_table":55,"minecraft:leave_game":1,"minecraft:time_since_death":39340,"minecraft:climb_one_cm":20604,"minecraft:sprint_one_cm":29564,"minecraft:walk_one_cm":473556,"minecraft:damage_blocked_by_shield":2153,"minecraft:drop":28,"minecraft:deaths":9,"minecraft:sneak_time":15979,"minecraft:walk_under_water_one_cm":2038,"minecraft:boat_one_cm":76321,"minecraft:jump":1517,"minecraft:interact_with_blast_furnace":8,"minecraft:walk_on_water_one_cm":12725,"minecraft:interact_with_furnace":47,"minecraft:play_one_minute":135950,"minecraft:sleep_in_bed":6,"minecraft:time_since_rest":12005,"minecraft:damage_taken":2544,"minecraft:damage_dealt":3178,"minecraft:fly_one_cm":36692,"minecraft:player_kills":2,"minecraft:open_chest":23,"minecraft:crouch_one_cm":50824,"minecraft:fall_one_cm":23171},"minecraft:dropped":{"bunker_down:steel_vent":2,"minecraft:iron_ingot":3,"minecraft:oak_log":13,"spartanweaponry:hammer_stone":1,"graveyard:bone_dagger":1,"minecraft:coal":18,"minecraft:flint":1,"minecraft:stick":1,"minecraft:diorite":1,"minecraft:smooth_stone":4,"minecraft:gravel":2,"spartanweaponry:scythe_iron":2,"minecraft:birch_sapling":2,"spartanweaponry:katana_iron":2,"minecraft:spider_eye":1,"minecraft:iron_ore":6,"minecraft:iron_bars":1,"minecraft:stone_pickaxe":1},"minecraft:mined":{"minecraft:granite":15,"minecraft:grass_block":18,"minecraft:light_gray_bed":5,"fallout_inspired_power_armor:toolbox":1,"cgm:workbench":2,"minecraft:furnace":1,"minecraft:iron_ore":50,"minecraft:fire":1,"minecraft:andesite":3,"bunker_down:steel_vent":2,"minecraft:peony":7,"minecraft:iron_bars":1,"minecraft:light_gray_concrete":2,"minecraft:stripped_oak_log":1,"bunker_down:steel_block":1,"minecraft:stone":346,"minecraft:crafting_table":1,"minecraft:torch":1,"minecraft:poppy":1,"minecraft:cobblestone":24,"minecraft:sugar_cane":2,"minecraft:diorite":2,"minecraft:wall_torch":2,"minecraft:birch_log":3,"minecraft:lilac":2,"minecraft:birch_leaves":1,"minecraft:grass":5,"minecraft:oak_log":118,"minecraft:coal_ore":70,"minecraft:gravel":9,"minecraft:dirt":3,"minecraft:cobweb":4,"minecraft:gold_ore":6,"minecraft:oak_leaves":24},"minecraft:crafted":{"minecraft:oak_door":3,"minecraft:oak_planks":40,"minecraft:furnace":4,"spartanweaponry:hammer_stone":1,"graveyard:bone_dagger":1,"spartanweaponry:katana_iron":1,"minecraft:iron_boots":1,"minecraft:stone_pickaxe":5,"minecraft:stone_hoe":1,"minecraft:oak_fence":6,"spartanweaponry:greatsword_steel":1,"minecraft:crafting_table":4,"marbledsarsenal:raw_steel":6,"minecraft:wooden_pickaxe":2,"minecraft:baked_potato":2,"minecraft:iron_helmet":1,"spartanweaponry:handle":5,"minecraft:cooked_salmon":1,"minecraft:birch_planks":12,"minecraft:stone_axe":2,"minecraft:air":0,"minecraft:oak_boat":1,"minecraft:white_wool":1,"minecraft:iron_chestplate":1,"minecraft:charcoal":1,"minecraft:shield":1,"minecraft:stick":44,"minecraft:iron_pickaxe":2,"minecraft:iron_ingot":48,"minecraft:stone_sword":1,"marbledsarsenal:steel_ingot":6,"minecraft:iron_leggings":1,"minecraft:torch":44},"minecraft:broken":{"minecraft:stone_pickaxe":1,"minecraft:iron_pickaxe":1},"minecraft:used":{"minecraft:peony":4,"minecraft:oak_fence":6,"minecraft:stone_sword":7,"minecraft:chest":1,"minecraft:shield":49,"minecraft:cooked_salmon":1,"minecraft:rotten_flesh":4,"minecraft:oak_door":1,"minecraft:torch":37,"cgm:workbench":1,"minecraft:oak_sapling":1,"minecraft:furnace":5,"minecraft:light_gray_bed":4,"spartanweaponry:katana_iron":71,"hunting_delight:sheepcorpse":1,"minecraft:stone_pickaxe":246,"minecraft:baked_potato":1,"minecraft:wooden_pickaxe":19,"graveyard:bone_dagger":1,"minecraft:crafting_table":5,"minecraft:oak_log":106,"minecraft:apple":1,"minecraft:iron_pickaxe":289,"minecraft:gravel":6,"minecraft:stone_axe":40,"spartanweaponry:greatsword_steel":7,"minecraft:cobblestone":141,"minecraft:oak_boat":1,"alexsmobs:animal_dictionary":1,"spartanweaponry:scythe_iron":3,"minecraft:cobweb":4},"minecraft:picked_up":{"minecraft:crafting_table":2,"minecraft:string":5,"hunting_delight:sheepcorpse":1,"minecraft:smooth_stone":4,"minecraft:bucket":1,"minecraft:oak_boat":1,"minecraft:poppy":1,"spartanweaponry:katana_iron":2,"minecraft:sugar_cane":5,"minecraft:chest":1,"minecraft:birch_sapling":3,"minecraft:furnace":1,"minecraft:stick":12,"hunting_delight:humanmeat":8,"minecraft:torch":5,"minecraft:diorite":2,"spartanweaponry:glaive_iron":1,"minecraft:arrow":3,"minecraft:light_gray_bed":4,"minecraft:rotten_flesh":12,"minecraft:peony":5,"minecraft:iron_bars":1,"minecraft:white_wool":1,"minecraft:cobblestone":361,"minecraft:stripped_oak_log":1,"minecraft:birch_log":6,"bunker_down:brittle_pickaxe":2,"minecraft:andesite":3,"bunker_down:steel_vent":4,"minecraft:potato":2,"minecraft:flint":1,"minecraft:oak_log":118,"minecraft:dirt":18,"minecraft:bone":18,"minecraft:apple":1,"minecraft:wheat_seeds":1,"minecraft:cobweb":4,"minecraft:stone_pickaxe":1,"minecraft:iron_ingot":3,"minecraft:iron_ore":74,"minecraft:glass_bottle":1,"minecraft:oak_planks":14,"spartanweaponry:scythe_iron":2,"bunker_down:underroot_stage_1":4,"graveyard:bone_dagger":3,"minecraft:gravel":8,"minecraft:poisonous_potato":4,"minecraft:gold_ore":6,"alexsmobs:animal_dictionary":1,"minecraft:spider_eye":1,"minecraft:light_gray_concrete":2,"minecraft:slime_ball":1,"minecraft:lever":1,"minecraft:granite":15,"minecraft:oak_sapling":21,"cgm:workbench":2,"minecraft:coal":81},"minecraft:killed":{"minecraft:spider":1,"minecraft:skeleton":2,"undead:thebomber":2,"minecraft:zombie":2},"minecraft:killed_by":{"minecraft:player":3,"sanitydim:rotting_stalker":2,"minecraft:skeleton":2,"minecraft:zombie":1}},"DataVersion":2586}