{"stats":{"minecraft:killed_by":{"minecraft:creeper":3,"minecraft:ravager":2,"sanitydim:rotting_stalker":3,"undead:thewolf":2,"mutantbeasts:creeper_minion":1,"minecraft:vindicator":6,"fallout_inspired_power_armor:veteran_raider":1,"undead:sucker":2,"undead:theheavy":1,"minecraft:cave_spider":2,"alexsmobs:soul_vulture":1,"mutantbeasts:mutant_creeper":4,"minecraft:zombie":4,"fallout_inspired_power_armor:raider_leader":1,"minecraft:vex":4,"undead:thesnatcher":1,"minecraft:player":6,"minecraft:enderman":1,"mutantbeasts:mutant_skeleton":2,"undead:zombiecow":1,"undead:spitter":1,"fallout_inspired_power_armor:experienced_raider":1,"alexsmobs:centipede_head":2,"minecraft:skeleton":15,"fallout_inspired_power_armor:raider_woman":2,"undead:themoonflower":11},"minecraft:picked_up":{"minecraft:iron_chestplate":1,"minecraft:wheat":11,"cgm:basic_bullet":14,"minecraft:potion":1,"minecraft:string":199,"minecraft:iron_leggings":1,"minecraft:zombie_head":2,"hunting_delight:sheepcorpse":3,"minecraft:oak_sign":1,"minecraft:activator_rail":4,"minecraft:smooth_stone":4,"minecraft:bucket":1,"minecraft:cobblestone_slab":3,"minecraft:iron_pickaxe":1,"spartanweaponry:katana_iron":2,"cgm:advanced_bullet":16,"minecraft:furnace":2,"minecraft:stick":29,"minecraft:torch":21,"undead:blackpetal":6,"minecraft:diorite":3,"minecraft:light_gray_bed":4,"minecraft:rotten_flesh":123,"hunting_delight:chickencorpse":1,"minecraft:iron_bars":1,"minecraft:cobblestone":647,"minecraft:birch_log":14,"botania:cyan_mushroom":1,"minecraft:mossy_cobblestone_slab":2,"mutantbeasts:mutant_skeleton_skull":1,"bunker_down:brittle_pickaxe":3,"minecraft:andesite":11,"bunker_down:steel_vent":4,"minecraft:potato":3,"minecraft:flint":1,"k-turrets:raw_titanium":18,"minecraft:dirt":116,"minecraft:name_tag":1,"minecraft:bone":54,"minecraft:chipped_anvil":1,"hunting_delight:horsecorpse":2,"minecraft:bow":2,"fallout_inspired_power_armor:composite":2,"minecraft:wheat_seeds":43,"botania:gray_mushroom":1,"minecraft:birch_wood":2,"minecraft:oak_planks":40,"undead:redspore":1,"graveyard:bone_dagger":3,"minecraft:poisonous_potato":4,"minecraft:stripped_spruce_log":4,"minecraft:ink_sac":2,"fallout_inspired_power_armor:gauss_rifle":1,"alexsmobs:animal_dictionary":1,"travelersbackpack:white_sleeping_bag":12,"minecraft:light_gray_concrete":4,"fallout_inspired_power_armor:pipe":3,"minecraft:diamond":7,"minecraft:lever":1,"minecraft:granite":23,"minecraft:golden_apple":1,"minecraft:emerald":1,"minecraft:bread":6,"minecraft:oak_sapling":23,"minecraft:crafting_table":5,"minecraft:chicken":3,"minecraft:iron_axe":1,"fallout_inspired_power_armor:steel":1,"fallout_inspired_power_armor:pipe_with_valves":1,"minecraft:cracked_stone_bricks":2,"minecraft:oak_boat":1,"minecraft:poppy":3,"minecraft:sugar_cane":5,"minecraft:chest":1,"minecraft:birch_sapling":5,"minecraft:oak_door":1,"hunting_delight:humanmeat":91,"botania:green_mushroom":1,"spartanweaponry:glaive_iron":1,"minecraft:carrot":2,"minecraft:redstone":5,"minecraft:arrow":19,"botania:lime_mystical_flower":1,"spartanweaponry:illager_head":3,"minecraft:peony":7,"minecraft:saddle":3,"minecraft:totem_of_undying":1,"botania:green_mystical_flower":2,"minecraft:white_wool":1,"minecraft:rail":1,"minecraft:oxeye_daisy":3,"minecraft:stripped_oak_log":1,"minecraft:golden_carrot":1,"minecraft:leather":1,"hunting_delight:cowcorpse":3,"minecraft:oak_log":137,"minecraft:yellow_bed":1,"minecraft:gunpowder":6,"spartanweaponry:greatsword_diamond":1,"minecraft:paper":6,"minecraft:white_banner":1,"bunker_down:steel_block":5,"botania:yellow_mushroom":1,"minecraft:cooked_mutton":2,"minecraft:apple":1,"minecraft:kelp":15,"minecraft:iron_ingot":19,"minecraft:stone_pickaxe":1,"minecraft:cobweb":4,"minecraft:iron_ore":161,"minecraft:glass_bottle":1,"minecraft:book":9,"spartanweaponry:scythe_iron":2,"minecraft:sweet_berries":88,"minecraft:stone_brick_slab":14,"bunker_down:underroot_stage_1":4,"minecraft:gravel":8,"minecraft:lava_bucket":2,"spartanweaponry:greatsword_steel":1,"minecraft:blast_furnace":1,"minecraft:spruce_sapling":3,"minecraft:white_bed":2,"minecraft:spruce_log":2,"minecraft:gold_ore":14,"minecraft:mossy_stone_brick_slab":9,"minecraft:spider_eye":5,"travelersbackpack:wolf":2,"minecraft:purple_bed":1,"minecraft:slime_ball":2,"minecraft:iron_helmet":2,"minecraft:baked_potato":6,"graveyard:tg_polished_deepslate_slab":2,"cgm:workbench":5,"minecraft:coal":119,"hunting_delight:tainted_flesh":24},"minecraft:broken":{"minecraft:iron_boots":1,"minecraft:iron_chestplate":1,"minecraft:stone_pickaxe":1,"mutantbeasts:mutant_skeleton_skull":1,"minecraft:stone_sword":1,"minecraft:shield":2,"minecraft:iron_pickaxe":2},"minecraft:dropped":{"bunker_down:steel_vent":2,"minecraft:iron_sword":1,"minecraft:cooked_beef":15,"minecraft:oak_log":13,"minecraft:crafting_table":1,"minecraft:dark_oak_sapling":10,"hunting_delight:humanmeat":13,"minecraft:rail":1,"minecraft:flint":1,"minecraft:dirt":8,"minecraft:dark_oak_log":123,"hunting_delight:tainted_flesh":10,"minecraft:iron_pickaxe":2,"minecraft:birch_log":7,"minecraft:bone":2,"minecraft:gravel":2,"minecraft:stone_axe":1,"spartanweaponry:saber_iron":1,"minecraft:birch_sapling":4,"minecraft:rotten_flesh":44,"minecraft:oak_planks":290,"minecraft:birch_wood":1,"undead:blackpetal":2,"fallout_inspired_power_armor:damages_fusion_core":1,"travelersbackpack:white_sleeping_bag":2,"minecraft:iron_ore":7,"minecraft:iron_bars":1,"minecraft:arrow":3,"spartanweaponry:illager_head":2,"minecraft:water_bucket":1,"minecraft:iron_ingot":36,"minecraft:bread":7,"spartanweaponry:handle":1,"minecraft:wheat_seeds":56,"minecraft:iron_helmet":2,"minecraft:cobblestone":15,"minecraft:granite":3,"minecraft:activator_rail":8,"spartanweaponry:hammer_stone":2,"graveyard:bone_dagger":2,"minecraft:coal":43,"minecraft:stick":61,"minecraft:oxeye_daisy":1,"minecraft:lava_bucket":1,"hunting_delight:horsecorpse":1,"minecraft:mossy_cobblestone_slab":2,"minecraft:diorite":1,"minecraft:ink_sac":2,"minecraft:torch":2,"minecraft:iron_leggings":1,"bunker_down:brittle_pickaxe":2,"minecraft:smooth_stone":4,"minecraft:string":4,"minecraft:spruce_sapling":2,"minecraft:redstone":2,"minecraft:kelp":14,"spartanweaponry:scythe_iron":4,"minecraft:stone_sword":1,"minecraft:iron_boots":1,"spartanweaponry:katana_iron":2,"minecraft:diamond_sword":1,"minecraft:shield":1,"minecraft:iron_chestplate":1,"minecraft:diamond_pickaxe":1,"minecraft:andesite":2,"minecraft:yellow_bed":1,"minecraft:spider_eye":5,"minecraft:bow":1,"minecraft:stone_pickaxe":1,"minecraft:wooden_pickaxe":1},"minecraft:mined":{"minecraft:white_bed":1,"minecraft:mossy_stone_brick_slab":4,"hunting_delight:sheepcorpse":2,"minecraft:granite":20,"minecraft:grass_block":44,"minecraft:light_gray_bed":7,"fallout_inspired_power_armor:toolbox":1,"minecraft:spawner":5,"graveyard:wither_skull_with_rib_cage":1,"botania:cyan_mushroom":1,"minecraft:mossy_cobblestone_slab":1,"minecraft:iron_ore":132,"minecraft:barrel":1,"minecraft:fire":1,"minecraft:iron_bars":1,"minecraft:light_gray_concrete":5,"graveyard:wither_skull_pile":1,"botania:green_mystical_flower":2,"fallout_inspired_power_armor:crusty":1,"minecraft:kelp_plant":1,"undead:redspore":1,"minecraft:torch":4,"minecraft:dark_oak_wood":1,"minecraft:blast_furnace":1,"minecraft:poppy":1,"minecraft:cobblestone":49,"minecraft:sugar_cane":2,"minecraft:oak_planks":22,"minecraft:wall_torch":2,"minecraft:birch_log":3,"minecraft:wheat":11,"minecraft:lilac":2,"bunker_down:steel_block_slab":4,"minecraft:wither_rose":1,"minecraft:grass":71,"botania:gray_mushroom":1,"graveyard:creeper_skeleton":1,"minecraft:oak_log":136,"minecraft:dirt":43,"minecraft:oak_leaves":35,"minecraft:diamond_ore":7,"minecraft:redstone_wire":12,"travelersbackpack:white_sleeping_bag":12,"minecraft:spruce_leaves":5,"cgm:workbench":4,"minecraft:large_fern":11,"minecraft:redstone_ore":1,"minecraft:furnace":2,"minecraft:andesite":16,"minecraft:stripped_spruce_log":2,"bunker_down:steel_vent":3,"minecraft:peony":7,"minecraft:bookshelf":1,"minecraft:stripped_oak_log":1,"hunting_delight:cowcorpse":1,"botania:yellow_mushroom":1,"bunker_down:steel_block":6,"minecraft:stone":609,"minecraft:bone_block":2,"botania:lime_mystical_flower":1,"minecraft:glass_pane":1,"minecraft:crafting_table":3,"minecraft:tall_grass":3,"minecraft:diorite":10,"minecraft:purple_bed":1,"minecraft:gray_concrete_powder":2,"k-turrets:titanium_ore":9,"minecraft:sweet_berry_bush":36,"minecraft:spruce_log":2,"minecraft:birch_leaves":1,"minecraft:grass_path":1,"minecraft:coal_ore":101,"hunting_delight:chickencorpse":1,"minecraft:gravel":9,"minecraft:cobweb":133,"minecraft:cracked_stone_bricks":2,"minecraft:stone_bricks":2,"minecraft:chipped_anvil":1,"minecraft:gold_ore":14,"minecraft:fern":4},"minecraft:crafted":{"minecraft:oak_planks":124,"graveyard:bone_dagger":1,"minecraft:iron_boots":3,"minecraft:stone_hoe":1,"minecraft:oak_fence":6,"minecraft:crafting_table":15,"minecraft:spruce_planks":16,"minecraft:iron_helmet":3,"minecraft:wooden_pickaxe":7,"minecraft:baked_potato":2,"marbledsarsenal:raw_steel":6,"minecraft:birch_planks":12,"minecraft:iron_chestplate":3,"minecraft:charcoal":1,"minecraft:shield":3,"minecraft:stick":100,"minecraft:iron_ingot":107,"minecraft:iron_pickaxe":5,"minecraft:stone_sword":3,"spartanweaponry:greatsword_diamond":1,"minecraft:oak_door":3,"minecraft:iron_nugget":18,"minecraft:furnace":5,"spartanweaponry:hammer_stone":1,"travelersbackpack:white_sleeping_bag":2,"spartanweaponry:katana_iron":1,"spartanweaponry:rapier_iron":1,"minecraft:stone_pickaxe":8,"spartanweaponry:greatsword_steel":1,"spartanweaponry:handle":9,"minecraft:cooked_salmon":1,"minecraft:stone_axe":3,"minecraft:bread":3,"minecraft:air":0,"minecraft:oak_boat":1,"minecraft:white_wool":14,"marbledsarsenal:steel_ingot":6,"minecraft:iron_leggings":3,"minecraft:white_bed":1,"minecraft:torch":68},"minecraft:used":{"minecraft:peony":4,"minecraft:chest":1,"minecraft:shield":188,"minecraft:mossy_stone_brick_slab":3,"minecraft:rotten_flesh":59,"minecraft:lava_bucket":5,"minecraft:sweet_berries":37,"minecraft:furnace":6,"minecraft:oak_sapling":2,"spartanweaponry:rapier_iron":124,"spartanweaponry:katana_iron":71,"minecraft:stone_pickaxe":349,"minecraft:birch_wood":1,"minecraft:oak_planks":24,"minecraft:wooden_pickaxe":65,"minecraft:golden_apple":2,"minecraft:blast_furnace":1,"minecraft:bread":6,"hunting_delight:cowcorpse":2,"minecraft:gravel":6,"spartanweaponry:greatsword_steel":92,"minecraft:birch_log":1,"minecraft:oak_boat":2,"spartanweaponry:scythe_iron":3,"minecraft:cobweb":4,"minecraft:oak_fence":6,"minecraft:stone_sword":150,"minecraft:cooked_salmon":1,"minecraft:oak_door":1,"undead:redspore":1,"minecraft:torch":74,"minecraft:dirt":41,"minecraft:anvil":1,"cgm:workbench":4,"minecraft:granite":4,"minecraft:stone_brick_slab":14,"hunting_delight:chickencorpse":1,"minecraft:iron_axe":3,"minecraft:golden_carrot":2,"minecraft:light_gray_bed":4,"spartanweaponry:illager_head":1,"minecraft:wheat_seeds":12,"minecraft:cooked_mutton":2,"minecraft:iron_ore":2,"hunting_delight:sheepcorpse":3,"minecraft:glass_bottle":5,"minecraft:baked_potato":1,"minecraft:cracked_stone_bricks":2,"graveyard:bone_dagger":1,"minecraft:crafting_table":18,"minecraft:white_bed":3,"travelersbackpack:wolf":7,"spartanweaponry:greatsword_diamond":85,"minecraft:oak_log":110,"minecraft:apple":1,"minecraft:iron_pickaxe":707,"travelersbackpack:white_sleeping_bag":12,"minecraft:stone_axe":57,"minecraft:cobblestone":302,"minecraft:potion":6,"minecraft:purple_bed":1,"spartanweaponry:longsword_iron":28,"minecraft:bucket":5,"alexsmobs:animal_dictionary":1},"minecraft:killed":{"minecraft:cave_spider":15,"minecraft:spider":2,"minecraft:skeleton":8,"undead:thebomber":3,"minecraft:pig":1,"minecraft:pillager":1,"minecraft:zombie":7,"undead:sucker":2,"undead:themoonflower":8,"minecraft:enderman":1},"minecraft:custom":{"minecraft:animals_bred":1,"minecraft:interact_with_crafting_table":118,"minecraft:open_barrel":17,"minecraft:bell_ring":22,"minecraft:leave_game":10,"minecraft:time_since_death":222,"minecraft:sprint_one_cm":417021,"minecraft:damage_blocked_by_shield":5877,"minecraft:drop":197,"minecraft:talked_to_villager":3,"minecraft:deaths":89,"minecraft:jump":7112,"minecraft:walk_on_water_one_cm":105110,"minecraft:interact_with_furnace":61,"minecraft:play_one_minute":452330,"minecraft:sleep_in_bed":21,"minecraft:damage_dealt":15255,"minecraft:player_kills":3,"minecraft:crouch_one_cm":113440,"minecraft:horse_one_cm":694566,"minecraft:mob_kills":60,"minecraft:interact_with_anvil":1,"minecraft:climb_one_cm":34666,"minecraft:walk_one_cm":1580371,"minecraft:raid_win":1,"minecraft:sneak_time":36184,"minecraft:walk_under_water_one_cm":46677,"minecraft:boat_one_cm":88490,"minecraft:interact_with_blast_furnace":11,"minecraft:time_since_rest":250,"minecraft:damage_taken":26877,"minecraft:damage_absorbed":80,"minecraft:swim_one_cm":68919,"minecraft:fly_one_cm":816089,"minecraft:open_chest":132,"minecraft:fall_one_cm":188931}},"DataVersion":2586}