{"stats":{"minecraft:killed":{"minecraft:cave_spider":15,"minecraft:spider":7,"undead:themermaid":3,"minecraft:skeleton":9,"undead:thebomber":4,"minecraft:pig":1,"minecraft:zombie_villager":1,"minecraft:creeper":1,"minecraft:pillager":1,"minecraft:zombie":21,"minecraft:cow":2,"undead:sucker":2,"undead:themoonflower":10,"undead:thescreamer":1,"undead:thestone":1,"minecraft:enderman":1},"minecraft:mined":{"minecraft:white_bed":1,"minecraft:oak_sapling":1,"minecraft:mossy_stone_brick_slab":4,"botania:red_mystical_flower":8,"botania:red_petal_block":2,"hunting_delight:sheepcorpse":2,"minecraft:granite":20,"minecraft:grass_block":260,"minecraft:light_gray_bed":7,"minecraft:oak_pressure_plate":3,"fallout_inspired_power_armor:toolbox":1,"minecraft:oxeye_daisy":1,"minecraft:spawner":5,"graveyard:wither_skull_with_rib_cage":1,"botania:cyan_mushroom":1,"minecraft:mossy_cobblestone_slab":1,"minecraft:iron_ore":146,"minecraft:barrel":1,"minecraft:fire":1,"minecraft:oak_stairs":2,"minecraft:iron_bars":1,"minecraft:light_gray_concrete":5,"graveyard:wither_skull_pile":1,"fallout_inspired_power_armor:rusty_fence":1,"botania:green_mystical_flower":2,"fallout_inspired_power_armor:crusty":1,"minecraft:kelp_plant":1,"undead:redspore":1,"minecraft:torch":4,"minecraft:dark_oak_wood":1,"minecraft:blast_furnace":1,"minecraft:poppy":1,"minecraft:cobblestone":49,"minecraft:oak_planks":25,"minecraft:sugar_cane":15,"minecraft:wall_torch":2,"minecraft:birch_log":3,"minecraft:wheat":11,"minecraft:lilac":2,"bunker_down:steel_block_slab":4,"minecraft:wither_rose":1,"minecraft:grass":115,"botania:gray_mushroom":1,"graveyard:creeper_skeleton":1,"minecraft:oak_log":218,"minecraft:sand":12,"minecraft:dirt":57,"minecraft:oak_leaves":52,"minecraft:diamond_ore":7,"minecraft:redstone_wire":12,"travelersbackpack:white_sleeping_bag":13,"minecraft:spruce_leaves":5,"cgm:workbench":4,"minecraft:large_fern":11,"minecraft:redstone_ore":1,"botania:magenta_mystical_flower":1,"minecraft:furnace":2,"minecraft:andesite":16,"minecraft:stripped_spruce_log":2,"bunker_down:steel_vent":3,"minecraft:peony":7,"minecraft:bookshelf":1,"botania:yellow_mushroom":1,"hunting_delight:cowcorpse":1,"minecraft:stripped_oak_log":1,"bunker_down:steel_block":6,"minecraft:stone":611,"minecraft:bone_block":2,"botania:lime_mystical_flower":1,"minecraft:glass_pane":1,"minecraft:oak_fence":4,"minecraft:crafting_table":3,"minecraft:tall_grass":8,"minecraft:diorite":10,"minecraft:purple_bed":1,"minecraft:gray_concrete_powder":2,"k-turrets:titanium_ore":9,"minecraft:sweet_berry_bush":39,"minecraft:spruce_log":2,"minecraft:birch_leaves":1,"minecraft:grass_path":27,"minecraft:coal_ore":101,"hunting_delight:chickencorpse":1,"minecraft:gravel":9,"minecraft:cobweb":133,"minecraft:cracked_stone_bricks":2,"minecraft:stone_bricks":2,"minecraft:gold_ore":14,"minecraft:chipped_anvil":1,"minecraft:fern":4},"minecraft:used":{"minecraft:peony":4,"minecraft:iron_shovel":271,"minecraft:chest":3,"minecraft:shield":250,"minecraft:mossy_stone_brick_slab":3,"minecraft:rotten_flesh":70,"minecraft:carrot":15,"minecraft:lava_bucket":7,"hunting_delight:cookedhumanmeat":4,"minecraft:bow":23,"minecraft:sweet_berries":56,"minecraft:oak_sapling":12,"minecraft:furnace":6,"cgm:heavy_rifle":66,"spartanweaponry:rapier_iron":124,"spartanweaponry:katana_iron":71,"minecraft:stone_pickaxe":349,"minecraft:oak_planks":280,"minecraft:birch_wood":1,"minecraft:sugar_cane":9,"minecraft:wooden_pickaxe":65,"minecraft:diamond_axe":53,"minecraft:golden_apple":4,"minecraft:blast_furnace":1,"minecraft:bread":8,"hunting_delight:cowcorpse":2,"minecraft:gravel":6,"spartanweaponry:greatsword_steel":92,"minecraft:birch_log":1,"minecraft:oak_boat":2,"spartanweaponry:scythe_iron":3,"minecraft:cobweb":4,"minecraft:oak_fence":6,"minecraft:stone_sword":150,"minecraft:cooked_salmon":1,"minecraft:oak_door":1,"undead:redspore":1,"minecraft:torch":78,"minecraft:dirt":52,"minecraft:anvil":1,"cgm:workbench":5,"minecraft:granite":4,"fallout_inspired_power_armor:rusty_fence":1,"minecraft:stone_brick_slab":14,"hunting_delight:chickencorpse":1,"minecraft:chipped_anvil":1,"minecraft:iron_axe":3,"minecraft:golden_carrot":2,"minecraft:cooked_beef":2,"minecraft:light_gray_bed":4,"spartanweaponry:illager_head":1,"minecraft:wheat_seeds":12,"minecraft:cooked_mutton":2,"minecraft:water_bucket":1,"minecraft:iron_ore":16,"hunting_delight:sheepcorpse":3,"minecraft:glass_bottle":5,"minecraft:baked_potato":1,"minecraft:cracked_stone_bricks":2,"graveyard:bone_dagger":1,"minecraft:crafting_table":18,"fallout_inspired_power_armor:t_51blok":1,"minecraft:white_bed":3,"spartanweaponry:greatsword_diamond":200,"travelersbackpack:wolf":7,"minecraft:oak_log":184,"minecraft:apple":1,"minecraft:iron_pickaxe":730,"travelersbackpack:white_sleeping_bag":13,"minecraft:stone_axe":57,"minecraft:purple_bed":1,"minecraft:potion":6,"botania:red_petal_block":2,"minecraft:cobblestone":304,"spartanweaponry:longsword_iron":28,"travelersbackpack:standard":5,"minecraft:porkchop":2,"minecraft:bucket":8,"alexsmobs:animal_dictionary":1},"minecraft:dropped":{"minecraft:iron_sword":1,"minecraft:diamond_axe":1,"minecraft:oak_pressure_plate":3,"minecraft:cooked_beef":15,"minecraft:oak_log":13,"minecraft:crafting_table":1,"minecraft:dark_oak_sapling":12,"hunting_delight:humanmeat":17,"minecraft:leather":1,"minecraft:rail":1,"minecraft:flint":1,"minecraft:dirt":16,"hunting_delight:tainted_flesh":10,"minecraft:dark_oak_log":123,"minecraft:iron_pickaxe":2,"minecraft:birch_log":7,"minecraft:white_wool":3,"minecraft:bone":2,"minecraft:gravel":2,"minecraft:stone_axe":1,"spartanweaponry:saber_iron":1,"minecraft:wheat":2,"minecraft:birch_sapling":4,"minecraft:rotten_flesh":44,"minecraft:oak_planks":290,"minecraft:birch_wood":1,"undead:blackpetal":2,"fallout_inspired_power_armor:damages_fusion_core":1,"travelersbackpack:white_sleeping_bag":3,"minecraft:skeleton_skull":1,"minecraft:iron_ore":8,"minecraft:iron_bars":1,"minecraft:arrow":3,"cgm:heavy_rifle":2,"spartanweaponry:illager_head":2,"fallout_inspired_power_armor:pipe":16,"minecraft:water_bucket":1,"minecraft:iron_ingot":40,"minecraft:bread":7,"spartanweaponry:handle":1,"minecraft:wheat_seeds":58,"minecraft:oak_fence":3,"minecraft:iron_helmet":2,"minecraft:cobblestone":15,"minecraft:granite":3,"minecraft:activator_rail":8,"spartanweaponry:hammer_stone":2,"spartanweaponry:greatsword_steel":1,"graveyard:bone_dagger":2,"minecraft:coal":43,"minecraft:stick":78,"minecraft:oxeye_daisy":3,"minecraft:lava_bucket":1,"hunting_delight:horsecorpse":1,"minecraft:mossy_cobblestone_slab":2,"minecraft:diorite":1,"minecraft:ink_sac":2,"minecraft:torch":9,"minecraft:smooth_quartz":1,"minecraft:iron_door":2,"minecraft:iron_leggings":4,"minecraft:oak_stairs":1,"bunker_down:brittle_pickaxe":2,"minecraft:smooth_stone":4,"minecraft:string":4,"minecraft:spruce_sapling":2,"minecraft:redstone":2,"cgm:advanced_bullet":14,"minecraft:kelp":14,"spartanweaponry:scythe_iron":4,"minecraft:stone_sword":1,"minecraft:iron_boots":3,"spartanweaponry:katana_iron":2,"minecraft:diamond_sword":1,"minecraft:potato":2,"minecraft:shield":1,"minecraft:sea_pickle":1,"botania:lexicon":1,"minecraft:iron_chestplate":3,"minecraft:diamond_pickaxe":1,"minecraft:andesite":2,"minecraft:yellow_bed":1,"botania:yellow_mushroom":1,"minecraft:spider_eye":5,"minecraft:bow":1,"minecraft:stone_pickaxe":1,"minecraft:wooden_pickaxe":1,"bunker_down:steel_vent":2},"minecraft:picked_up":{"hunting_delight:tainted_flesh":24,"minecraft:iron_chestplate":2,"minecraft:wheat":11,"cgm:basic_bullet":78,"minecraft:lead":2,"minecraft:oak_stairs":3,"minecraft:potion":1,"botania:red_petal_block":2,"minecraft:string":200,"minecraft:iron_leggings":3,"minecraft:zombie_head":2,"fallout_inspired_power_armor:xo_1_helmet":1,"hunting_delight:sheepcorpse":3,"minecraft:oak_sign":1,"minecraft:sea_pickle":2,"minecraft:activator_rail":4,"minecraft:smooth_stone":4,"minecraft:bucket":1,"minecraft:cobblestone_slab":3,"minecraft:smooth_quartz":1,"minecraft:iron_pickaxe":1,"spartanweaponry:katana_iron":2,"cgm:advanced_bullet":97,"minecraft:iron_boots":1,"minecraft:furnace":2,"botania:lexicon":1,"minecraft:stick":62,"fallout_inspired_power_armor:frame_armor_helmet":2,"minecraft:oak_fence":6,"minecraft:torch":25,"minecraft:porkchop":2,"undead:blackpetal":6,"minecraft:diorite":3,"minecraft:light_gray_bed":4,"minecraft:rotten_flesh":154,"hunting_delight:chickencorpse":1,"minecraft:iron_bars":1,"minecraft:cobblestone":650,"minecraft:birch_log":14,"botania:cyan_mushroom":1,"minecraft:mossy_cobblestone_slab":2,"mutantbeasts:mutant_skeleton_skull":1,"bunker_down:brittle_pickaxe":3,"minecraft:iron_door":2,"minecraft:andesite":11,"bunker_down:steel_vent":4,"minecraft:potato":6,"undead:stuffedflesh":2,"minecraft:flint":1,"fallout_inspired_power_armor:cement":1,"cgm:heavy_rifle":3,"k-turrets:raw_titanium":18,"minecraft:dirt":375,"minecraft:name_tag":1,"minecraft:bone":60,"minecraft:chipped_anvil":1,"botania:cyan_mystical_flower":1,"hunting_delight:horsecorpse":2,"minecraft:bow":2,"fallout_inspired_power_armor:composite":4,"minecraft:wheat_seeds":59,"botania:gray_mushroom":1,"minecraft:birch_wood":2,"minecraft:oak_planks":207,"botania:red_mystical_flower":8,"undead:redspore":1,"graveyard:bone_dagger":4,"minecraft:oak_pressure_plate":8,"minecraft:poisonous_potato":4,"minecraft:sand":12,"minecraft:stripped_spruce_log":4,"minecraft:ink_sac":2,"fallout_inspired_power_armor:gauss_rifle":1,"alexsmobs:animal_dictionary":1,"travelersbackpack:white_sleeping_bag":14,"minecraft:light_gray_concrete":4,"fallout_inspired_power_armor:pipe":21,"minecraft:diamond":8,"minecraft:lever":1,"minecraft:granite":23,"minecraft:golden_apple":1,"minecraft:emerald":1,"minecraft:bread":6,"minecraft:oak_sapling":58,"fallout_inspired_power_armor:frame_armor_boots":1,"minecraft:charcoal":6,"minecraft:crafting_table":5,"minecraft:chicken":3,"fallout_inspired_power_armor:pipe_broken":1,"minecraft:shield":2,"minecraft:iron_axe":1,"fallout_inspired_power_armor:steel":1,"fallout_inspired_power_armor:pipe_with_valves":3,"botania:magenta_mystical_flower":1,"minecraft:cracked_stone_bricks":2,"minecraft:beef":2,"minecraft:oak_boat":1,"minecraft:poppy":3,"minecraft:sugar_cane":29,"minecraft:chest":1,"minecraft:birch_sapling":5,"fallout_inspired_power_armor:frag_grenade":1,"minecraft:oak_door":1,"fallout_inspired_power_armor:t_51blok":1,"hunting_delight:humanmeat":119,"botania:green_mushroom":1,"graveyard:dark_iron_bars":15,"spartanweaponry:glaive_iron":1,"minecraft:carrot":3,"minecraft:redstone":5,"minecraft:dark_oak_planks":2,"minecraft:arrow":24,"botania:lime_mystical_flower":1,"spartanweaponry:illager_head":3,"minecraft:peony":7,"minecraft:diamond_boots":1,"minecraft:saddle":3,"minecraft:gold_ingot":2,"minecraft:totem_of_undying":1,"botania:green_mystical_flower":2,"minecraft:rail":1,"minecraft:skeleton_skull":1,"minecraft:white_wool":1,"minecraft:oxeye_daisy":5,"minecraft:stripped_oak_log":1,"fallout_inspired_power_armor:rusty_fence":1,"minecraft:golden_carrot":7,"minecraft:leather":7,"hunting_delight:cowcorpse":3,"minecraft:oak_log":223,"minecraft:yellow_bed":1,"minecraft:gunpowder":10,"spartanweaponry:greatsword_diamond":2,"minecraft:paper":12,"minecraft:white_banner":1,"bunker_down:steel_block":5,"botania:yellow_mushroom":1,"minecraft:cooked_mutton":2,"minecraft:apple":1,"minecraft:kelp":20,"minecraft:iron_ingot":29,"minecraft:stone_pickaxe":1,"minecraft:cobweb":4,"minecraft:iron_ore":176,"minecraft:glass_bottle":1,"minecraft:book":9,"spartanweaponry:scythe_iron":2,"minecraft:sweet_berries":93,"bunker_down:underroot_stage_1":4,"minecraft:stone_brick_slab":14,"minecraft:gravel":8,"minecraft:lava_bucket":2,"spartanweaponry:greatsword_steel":1,"minecraft:spruce_sapling":3,"minecraft:blast_furnace":1,"minecraft:white_bed":2,"minecraft:spruce_log":2,"minecraft:gold_ore":14,"minecraft:mossy_stone_brick_slab":9,"minecraft:spider_eye":5,"travelersbackpack:wolf":2,"minecraft:purple_bed":1,"minecraft:slime_ball":5,"minecraft:iron_helmet":2,"minecraft:diamond_axe":1,"minecraft:baked_potato":6,"cgm:workbench":5,"graveyard:tg_polished_deepslate_slab":2,"minecraft:coal":119},"minecraft:broken":{"minecraft:iron_shovel":1,"minecraft:iron_boots":1,"minecraft:iron_chestplate":1,"minecraft:stone_pickaxe":1,"mutantbeasts:mutant_skeleton_skull":1,"fallout_inspired_power_armor:frag_grenade":1,"minecraft:stone_sword":1,"minecraft:shield":3,"minecraft:iron_pickaxe":2},"minecraft:custom":{"minecraft:animals_bred":1,"minecraft:interact_with_crafting_table":138,"minecraft:open_barrel":17,"minecraft:bell_ring":22,"minecraft:leave_game":13,"minecraft:time_since_death":9389,"minecraft:sprint_one_cm":553596,"minecraft:damage_blocked_by_shield":7645,"minecraft:drop":259,"minecraft:talked_to_villager":3,"minecraft:deaths":106,"minecraft:jump":9176,"minecraft:walk_on_water_one_cm":135285,"minecraft:interact_with_furnace":104,"minecraft:play_one_minute":643797,"minecraft:sleep_in_bed":30,"minecraft:damage_dealt":17301,"minecraft:player_kills":5,"minecraft:crouch_one_cm":127571,"minecraft:horse_one_cm":696796,"minecraft:interact_with_anvil":2,"minecraft:mob_kills":99,"minecraft:climb_one_cm":34756,"minecraft:walk_one_cm":2052890,"minecraft:raid_win":1,"minecraft:sneak_time":40049,"minecraft:walk_under_water_one_cm":55326,"minecraft:boat_one_cm":350787,"minecraft:interact_with_blast_furnace":11,"minecraft:time_since_rest":9415,"minecraft:damage_absorbed":160,"minecraft:damage_taken":34021,"minecraft:swim_one_cm":77418,"minecraft:fly_one_cm":1015581,"minecraft:open_chest":206,"minecraft:fall_one_cm":215429},"minecraft:crafted":{"minecraft:oak_planks":304,"botania:red_petal":16,"minecraft:glass":12,"graveyard:bone_dagger":1,"minecraft:bow":1,"minecraft:iron_boots":3,"minecraft:chest":3,"minecraft:stone_hoe":1,"minecraft:oak_fence":6,"botania:red_petal_block":1,"minecraft:crafting_table":15,"minecraft:spruce_planks":16,"minecraft:iron_helmet":3,"travelersbackpack:standard":1,"minecraft:wooden_pickaxe":7,"minecraft:baked_potato":2,"marbledsarsenal:raw_steel":6,"minecraft:birch_planks":12,"minecraft:iron_chestplate":3,"minecraft:book":1,"minecraft:paper":3,"minecraft:charcoal":4,"minecraft:shield":3,"minecraft:stick":100,"minecraft:iron_ingot":120,"minecraft:iron_pickaxe":5,"minecraft:stone_sword":3,"spartanweaponry:greatsword_diamond":1,"minecraft:oak_door":3,"minecraft:iron_nugget":72,"minecraft:furnace":5,"spartanweaponry:hammer_stone":1,"minecraft:bone_meal":24,"travelersbackpack:white_sleeping_bag":2,"spartanweaponry:katana_iron":1,"spartanweaponry:rapier_iron":1,"minecraft:stone_pickaxe":8,"minecraft:cooked_beef":2,"spartanweaponry:greatsword_steel":1,"travelersbackpack:backpack_tank":2,"spartanweaponry:handle":9,"botania:lexicon":1,"minecraft:cooked_salmon":1,"minecraft:stone_axe":3,"minecraft:bread":3,"minecraft:air":0,"minecraft:oak_boat":1,"minecraft:white_wool":20,"minecraft:iron_shovel":1,"marbledsarsenal:steel_ingot":6,"minecraft:iron_leggings":3,"minecraft:white_bed":2,"hunting_delight:cookedhumanmeat":12,"minecraft:torch":76},"minecraft:killed_by":{"minecraft:creeper":4,"minecraft:ravager":2,"sanitydim:rotting_stalker":8,"undead:thewolf":2,"mutantbeasts:creeper_minion":1,"minecraft:vindicator":6,"fallout_inspired_power_armor:veteran_raider":1,"undead:sucker":2,"undead:theheavy":1,"minecraft:cave_spider":2,"alexsmobs:soul_vulture":1,"undead:themermaid":1,"mutantbeasts:mutant_creeper":4,"minecraft:zombie":6,"fallout_inspired_power_armor:raider_leader":1,"fallout_inspired_power_armor:enclavex_01soldier":2,"fallout_inspired_power_armor:raidermaster":1,"minecraft:vex":4,"undead:thesnatcher":1,"minecraft:player":8,"minecraft:enderman":1,"mutantbeasts:mutant_skeleton":4,"undead:zombiecow":1,"undead:spitter":1,"fallout_inspired_power_armor:experienced_raider":1,"alexsmobs:centipede_head":2,"minecraft:skeleton":15,"fallout_inspired_power_armor:raider_woman":2,"undead:themoonflower":11}},"DataVersion":2586}