{"stats":{"minecraft:killed_by":{"undead:thesnatcher":1,"minecraft:player":5,"minecraft:creeper":3,"minecraft:enderman":1,"mutantbeasts:mutant_skeleton":2,"undead:spitter":1,"sanitydim:rotting_stalker":2,"undead:thewolf":2,"mutantbeasts:creeper_minion":1,"undead:sucker":2,"undead:theheavy":1,"minecraft:cave_spider":2,"alexsmobs:centipede_head":2,"minecraft:skeleton":15,"minecraft:zombie":3,"mutantbeasts:mutant_creeper":4,"undead:themoonflower":10},"minecraft:picked_up":{"minecraft:crafting_table":4,"minecraft:wheat":11,"cgm:basic_bullet":14,"minecraft:potion":1,"minecraft:string":188,"minecraft:zombie_head":2,"hunting_delight:sheepcorpse":1,"minecraft:activator_rail":4,"minecraft:smooth_stone":4,"minecraft:bucket":1,"minecraft:oak_boat":1,"minecraft:poppy":3,"cgm:advanced_bullet":16,"spartanweaponry:katana_iron":2,"minecraft:sugar_cane":5,"minecraft:chest":1,"minecraft:birch_sapling":3,"minecraft:furnace":2,"minecraft:stick":12,"minecraft:oak_door":1,"hunting_delight:humanmeat":46,"minecraft:torch":20,"botania:green_mushroom":1,"undead:blackpetal":6,"minecraft:diorite":3,"spartanweaponry:glaive_iron":1,"minecraft:redstone":5,"minecraft:arrow":14,"minecraft:light_gray_bed":4,"minecraft:rotten_flesh":58,"minecraft:peony":7,"minecraft:oxeye_daisy":1,"minecraft:iron_bars":1,"minecraft:birch_log":6,"minecraft:rail":1,"minecraft:white_wool":1,"minecraft:cobblestone":632,"botania:cyan_mushroom":1,"minecraft:stripped_oak_log":1,"bunker_down:brittle_pickaxe":3,"minecraft:andesite":11,"bunker_down:steel_vent":4,"minecraft:potato":2,"hunting_delight:cowcorpse":3,"minecraft:flint":1,"minecraft:oak_log":137,"k-turrets:raw_titanium":9,"minecraft:gunpowder":4,"minecraft:dirt":103,"bunker_down:steel_block":5,"botania:yellow_mushroom":1,"minecraft:bone":34,"minecraft:apple":1,"minecraft:bow":1,"minecraft:wheat_seeds":41,"botania:gray_mushroom":1,"minecraft:iron_ingot":12,"minecraft:stone_pickaxe":1,"minecraft:cobweb":4,"minecraft:iron_ore":154,"minecraft:glass_bottle":1,"minecraft:oak_planks":40,"minecraft:book":3,"spartanweaponry:scythe_iron":2,"bunker_down:underroot_stage_1":4,"graveyard:bone_dagger":3,"minecraft:poisonous_potato":4,"minecraft:gravel":8,"minecraft:blast_furnace":1,"minecraft:white_bed":1,"minecraft:gold_ore":14,"minecraft:spider_eye":5,"alexsmobs:animal_dictionary":1,"travelersbackpack:wolf":1,"travelersbackpack:white_sleeping_bag":5,"minecraft:light_gray_concrete":4,"minecraft:slime_ball":1,"minecraft:diamond":7,"minecraft:lever":1,"minecraft:iron_helmet":2,"minecraft:granite":23,"minecraft:baked_potato":6,"minecraft:oak_sapling":23,"minecraft:coal":119,"cgm:workbench":4},"minecraft:broken":{"minecraft:stone_sword":1,"minecraft:iron_boots":1,"minecraft:iron_chestplate":1,"minecraft:stone_pickaxe":1,"minecraft:shield":2,"minecraft:iron_pickaxe":2},"minecraft:dropped":{"bunker_down:steel_vent":2,"minecraft:iron_ingot":3,"minecraft:oak_log":13,"hunting_delight:humanmeat":11,"minecraft:iron_helmet":1,"minecraft:cobblestone":5,"minecraft:granite":3,"minecraft:activator_rail":8,"spartanweaponry:hammer_stone":1,"graveyard:bone_dagger":1,"minecraft:rail":1,"minecraft:coal":18,"minecraft:stick":1,"minecraft:flint":1,"minecraft:dirt":1,"minecraft:diorite":1,"bunker_down:brittle_pickaxe":2,"minecraft:smooth_stone":4,"minecraft:gravel":2,"spartanweaponry:scythe_iron":2,"minecraft:stone_sword":1,"minecraft:birch_sapling":2,"undead:blackpetal":2,"spartanweaponry:katana_iron":2,"travelersbackpack:white_sleeping_bag":1,"minecraft:andesite":2,"minecraft:spider_eye":5,"minecraft:iron_ore":7,"minecraft:iron_bars":1,"minecraft:arrow":3,"minecraft:stone_pickaxe":1,"minecraft:wooden_pickaxe":1},"minecraft:mined":{"minecraft:diamond_ore":7,"minecraft:white_bed":1,"minecraft:granite":20,"minecraft:grass_block":37,"minecraft:light_gray_bed":7,"minecraft:redstone_wire":12,"travelersbackpack:white_sleeping_bag":5,"fallout_inspired_power_armor:toolbox":1,"minecraft:spawner":3,"cgm:workbench":3,"botania:cyan_mushroom":1,"minecraft:redstone_ore":1,"minecraft:furnace":2,"minecraft:iron_ore":132,"minecraft:fire":1,"minecraft:andesite":16,"bunker_down:steel_vent":3,"minecraft:peony":7,"minecraft:iron_bars":1,"minecraft:light_gray_concrete":5,"hunting_delight:cowcorpse":1,"minecraft:stripped_oak_log":1,"botania:yellow_mushroom":1,"bunker_down:steel_block":6,"minecraft:stone":599,"fallout_inspired_power_armor:crusty":1,"minecraft:crafting_table":3,"minecraft:torch":4,"minecraft:blast_furnace":1,"minecraft:poppy":1,"minecraft:tall_grass":2,"minecraft:cobblestone":48,"minecraft:oak_planks":21,"minecraft:sugar_cane":2,"minecraft:diorite":10,"minecraft:wall_torch":2,"k-turrets:titanium_ore":9,"minecraft:birch_log":3,"minecraft:wheat":11,"minecraft:lilac":2,"bunker_down:steel_block_slab":4,"minecraft:birch_leaves":1,"minecraft:grass":54,"botania:gray_mushroom":1,"minecraft:oak_log":136,"minecraft:coal_ore":101,"minecraft:gravel":9,"minecraft:dirt":33,"minecraft:cobweb":133,"minecraft:gold_ore":14,"minecraft:oak_leaves":32},"minecraft:crafted":{"minecraft:oak_door":3,"minecraft:oak_planks":120,"minecraft:iron_nugget":18,"minecraft:furnace":5,"spartanweaponry:hammer_stone":1,"graveyard:bone_dagger":1,"travelersbackpack:white_sleeping_bag":2,"spartanweaponry:katana_iron":1,"minecraft:iron_boots":2,"spartanweaponry:rapier_iron":1,"minecraft:stone_pickaxe":8,"minecraft:stone_hoe":1,"minecraft:oak_fence":6,"spartanweaponry:greatsword_steel":1,"minecraft:crafting_table":13,"marbledsarsenal:raw_steel":6,"minecraft:iron_helmet":2,"minecraft:wooden_pickaxe":7,"minecraft:baked_potato":2,"spartanweaponry:handle":9,"minecraft:cooked_salmon":1,"minecraft:birch_planks":12,"minecraft:stone_axe":3,"minecraft:bread":3,"minecraft:air":0,"minecraft:oak_boat":1,"minecraft:white_wool":14,"minecraft:iron_chestplate":2,"minecraft:charcoal":1,"minecraft:shield":2,"minecraft:stick":92,"minecraft:iron_ingot":107,"minecraft:iron_pickaxe":5,"minecraft:stone_sword":3,"marbledsarsenal:steel_ingot":6,"minecraft:iron_leggings":2,"minecraft:white_bed":1,"minecraft:torch":68},"minecraft:used":{"minecraft:oak_fence":6,"minecraft:peony":4,"minecraft:stone_sword":150,"minecraft:chest":1,"minecraft:shield":144,"minecraft:cooked_salmon":1,"minecraft:rotten_flesh":20,"minecraft:oak_door":1,"minecraft:torch":72,"minecraft:anvil":1,"minecraft:dirt":33,"cgm:workbench":4,"minecraft:granite":4,"minecraft:lava_bucket":1,"minecraft:golden_carrot":1,"minecraft:oak_sapling":2,"minecraft:furnace":6,"minecraft:light_gray_bed":4,"minecraft:wheat_seeds":12,"minecraft:iron_ore":2,"spartanweaponry:rapier_iron":124,"spartanweaponry:katana_iron":71,"hunting_delight:sheepcorpse":1,"minecraft:glass_bottle":5,"minecraft:stone_pickaxe":349,"minecraft:baked_potato":1,"minecraft:oak_planks":5,"minecraft:wooden_pickaxe":65,"graveyard:bone_dagger":1,"minecraft:golden_apple":1,"minecraft:crafting_table":15,"minecraft:blast_furnace":1,"minecraft:white_bed":1,"minecraft:oak_log":110,"minecraft:apple":1,"minecraft:bread":2,"minecraft:iron_pickaxe":663,"travelersbackpack:white_sleeping_bag":6,"hunting_delight:cowcorpse":2,"minecraft:gravel":6,"minecraft:stone_axe":57,"spartanweaponry:greatsword_steel":89,"minecraft:cobblestone":302,"minecraft:potion":6,"spartanweaponry:longsword_iron":28,"minecraft:bucket":1,"minecraft:oak_boat":1,"alexsmobs:animal_dictionary":1,"spartanweaponry:scythe_iron":3,"minecraft:cobweb":4},"minecraft:killed":{"minecraft:cave_spider":15,"undead:sucker":2,"minecraft:spider":2,"minecraft:skeleton":7,"undead:thebomber":2,"undead:themoonflower":8,"minecraft:zombie":7,"minecraft:enderman":1},"minecraft:custom":{"minecraft:mob_kills":54,"minecraft:interact_with_crafting_table":109,"minecraft:leave_game":6,"minecraft:time_since_death":2646,"minecraft:climb_one_cm":34070,"minecraft:sprint_one_cm":232631,"minecraft:walk_one_cm":1083910,"minecraft:damage_blocked_by_shield":4897,"minecraft:drop":57,"minecraft:talked_to_villager":1,"minecraft:deaths":65,"minecraft:sneak_time":33510,"minecraft:walk_under_water_one_cm":28746,"minecraft:jump":4846,"minecraft:boat_one_cm":76321,"minecraft:interact_with_blast_furnace":9,"minecraft:walk_on_water_one_cm":82698,"minecraft:interact_with_furnace":61,"minecraft:play_one_minute":334480,"minecraft:sleep_in_bed":13,"minecraft:time_since_rest":2675,"minecraft:damage_taken":18954,"minecraft:damage_absorbed":40,"minecraft:damage_dealt":13763,"minecraft:player_kills":2,"minecraft:swim_one_cm":33011,"minecraft:fly_one_cm":525468,"minecraft:crouch_one_cm":105121,"minecraft:open_chest":67,"minecraft:fall_one_cm":118320,"minecraft:horse_one_cm":64115}},"DataVersion":2586}