{"stats":{"minecraft:broken":{"minecraft:iron_shovel":1,"minecraft:iron_boots":1,"minecraft:iron_chestplate":1,"minecraft:stone_pickaxe":1,"mutantbeasts:mutant_skeleton_skull":1,"fallout_inspired_power_armor:frag_grenade":8,"minecraft:stone_sword":1,"minecraft:shield":3,"fallout_inspired_power_armor:magnet_bomb":1,"minecraft:iron_pickaxe":2},"minecraft:picked_up":{"minecraft:iron_chestplate":2,"minecraft:wheat":11,"cgm:basic_bullet":78,"minecraft:flower_pot":1,"minecraft:lead":2,"minecraft:oak_stairs":3,"minecraft:potion":1,"minecraft:stone_brick_stairs":1,"botania:red_petal_block":2,"fallout_inspired_power_armor:t_5_1_helmet":1,"minecraft:string":202,"minecraft:iron_leggings":3,"fallout_inspired_power_armor:xo_1_helmet":1,"minecraft:zombie_head":3,"hunting_delight:sheepcorpse":3,"minecraft:oak_sign":1,"minecraft:sea_pickle":5,"minecraft:activator_rail":4,"minecraft:smooth_stone":9,"minecraft:bucket":1,"minecraft:white_tulip":1,"minecraft:cobblestone_slab":3,"minecraft:iron_pickaxe":1,"minecraft:smooth_quartz":1,"spartanweaponry:katana_iron":2,"cgm:advanced_bullet":293,"minecraft:iron_boots":1,"minecraft:furnace":2,"botania:lexicon":1,"minecraft:stick":105,"minecraft:oak_fence":6,"fallout_inspired_power_armor:frame_armor_helmet":2,"minecraft:torch":26,"mutantbeasts:mutant_skeleton_shoulder_pad":2,"minecraft:porkchop":4,"minecraft:dried_kelp":7,"undead:blackpetal":7,"minecraft:diorite":3,"minecraft:light_gray_bed":4,"minecraft:rotten_flesh":201,"fallout_inspired_power_armor:broken_frameitem":1,"minecraft:obsidian":27,"minecraft:iron_bars":1,"hunting_delight:chickencorpse":1,"minecraft:cobblestone":728,"minecraft:birch_log":14,"botania:cyan_mushroom":1,"minecraft:mossy_cobblestone_slab":2,"mutantbeasts:mutant_skeleton_skull":2,"bunker_down:brittle_pickaxe":3,"minecraft:iron_door":2,"mutantbeasts:mutant_skeleton_limb":8,"minecraft:andesite":14,"bunker_down:steel_vent":6,"minecraft:potato":7,"undead:stuffedflesh":2,"minecraft:flint":1,"fallout_inspired_power_armor:cement":1,"cgm:heavy_rifle":3,"k-turrets:raw_titanium":18,"fallout_inspired_power_armor:x_01_helmet_block":1,"minecraft:dirt":652,"minecraft:name_tag":1,"twilightforest:canopy_sapling":26,"minecraft:bone":72,"minecraft:glass":12,"minecraft:chipped_anvil":1,"botania:cyan_mystical_flower":3,"hunting_delight:horsecorpse":2,"minecraft:bow":3,"fallout_inspired_power_armor:composite":4,"minecraft:wheat_seeds":67,"botania:gray_mushroom":1,"minecraft:birch_wood":2,"fallout_inspired_power_armor:gold_10mm":1,"mcwfurnitures:oak_wardrobe":1,"minecraft:oak_planks":255,"minecraft:mossy_stone_brick_stairs":1,"twilightforest:mushgloom":1,"botania:red_mystical_flower":8,"undead:redspore":1,"graveyard:bone_dagger":4,"minecraft:oak_pressure_plate":8,"minecraft:poisonous_potato":4,"minecraft:sand":72,"twilightforest:canopy_log":52,"minecraft:stripped_spruce_log":4,"minecraft:ink_sac":2,"fallout_inspired_power_armor:gauss_rifle":1,"alexsmobs:animal_dictionary":1,"minecraft:mossy_cobblestone":1,"travelersbackpack:white_sleeping_bag":14,"minecraft:light_gray_concrete":8,"minecraft:polished_andesite":4,"fallout_inspired_power_armor:pipe":21,"twilightforest:canopy_planks":8,"minecraft:sugar":1,"twilightforest:twilight_oak_sapling":1,"minecraft:diamond":8,"minecraft:lever":1,"mutantbeasts:mutant_skeleton_pelvis":1,"minecraft:granite":24,"minecraft:golden_apple":1,"minecraft:bread":6,"minecraft:emerald":1,"minecraft:oak_sapling":81,"minecraft:diamond_pickaxe":1,"fallout_inspired_power_armor:frame_armor_boots":1,"croparia:seed_crop_coal":1,"minecraft:charcoal":6,"minecraft:crafting_table":6,"minecraft:azure_bluet":3,"minecraft:chicken":3,"minecraft:redstone_lamp":1,"fallout_inspired_power_armor:pipe_broken":1,"fallout_inspired_power_armor:micro_fusion_cell":10,"fallout_inspired_power_armor:advanced_power_armor_leggings":1,"minecraft:shield":2,"minecraft:heavy_weighted_pressure_plate":1,"minecraft:cornflower":3,"minecraft:iron_axe":1,"fallout_inspired_power_armor:steel":3,"fallout_inspired_power_armor:pipe_with_valves":3,"botania:magenta_mystical_flower":1,"minecraft:blue_orchid":1,"minecraft:cracked_stone_bricks":2,"minecraft:beef":2,"minecraft:oak_boat":1,"minecraft:poppy":8,"minecraft:sugar_cane":40,"minecraft:chest":1,"minecraft:birch_sapling":5,"fallout_inspired_power_armor:frag_grenade":2,"minecraft:oak_door":3,"alexsmobs:cockroach_ootheca":1,"hunting_delight:humanmeat":151,"fallout_inspired_power_armor:t_51blok":1,"botania:green_mushroom":1,"croparia:seed_crop_kiwi":4,"graveyard:dark_iron_bars":15,"spartanweaponry:glaive_iron":1,"minecraft:carrot":3,"minecraft:redstone":8,"minecraft:dark_oak_planks":2,"minecraft:arrow":27,"minecraft:stone_shovel":1,"botania:lime_mystical_flower":1,"spartanweaponry:illager_head":3,"minecraft:peony":7,"mutantbeasts:mutant_skeleton_rib":5,"minecraft:diamond_boots":1,"minecraft:hay_block":7,"minecraft:saddle":3,"minecraft:gold_ingot":8,"minecraft:totem_of_undying":1,"botania:green_mystical_flower":2,"minecraft:skeleton_skull":3,"minecraft:white_wool":1,"minecraft:rail":1,"minecraft:oxeye_daisy":5,"minecraft:stripped_oak_log":1,"fallout_inspired_power_armor:rusty_fence":25,"minecraft:golden_carrot":7,"minecraft:leather":7,"hunting_delight:cowcorpse":3,"minecraft:oak_log":307,"bunker_down:airlock_iron_door":2,"minecraft:yellow_bed":3,"minecraft:gunpowder":14,"minecraft:cobblestone_stairs":2,"spartanweaponry:greatsword_diamond":2,"minecraft:paper":12,"minecraft:white_banner":1,"bunker_down:steel_block":11,"botania:yellow_mushroom":1,"minecraft:cooked_mutton":2,"fallout_inspired_power_armor:t_5_1_boots":1,"minecraft:apple":2,"minecraft:kelp":20,"minecraft:iron_ingot":31,"minecraft:stone_pickaxe":1,"minecraft:cobweb":4,"minecraft:iron_ore":216,"minecraft:glass_bottle":1,"minecraft:book":9,"spartanweaponry:scythe_iron":2,"minecraft:sweet_berries":114,"bunker_down:underroot_stage_1":6,"minecraft:stone_brick_slab":14,"minecraft:dandelion":15,"minecraft:gravel":8,"minecraft:lava_bucket":2,"spartanweaponry:greatsword_steel":1,"minecraft:spruce_sapling":3,"minecraft:blast_furnace":1,"minecraft:white_bed":2,"minecraft:spruce_log":2,"minecraft:gold_ore":14,"minecraft:mossy_stone_brick_slab":9,"minecraft:spider_eye":7,"bunker_down:steel_block_slab":1,"travelersbackpack:wolf":2,"minecraft:purple_bed":1,"minecraft:slime_ball":5,"minecraft:iron_helmet":2,"minecraft:diamond_axe":1,"minecraft:baked_potato":6,"cgm:workbench":5,"graveyard:tg_polished_deepslate_slab":2,"minecraft:coal":181,"hunting_delight:tainted_flesh":24,"minecraft:sunflower":1},"minecraft:crafted":{"minecraft:oak_planks":608,"botania:red_petal":16,"minecraft:glass":12,"graveyard:bone_dagger":1,"minecraft:bow":1,"minecraft:iron_boots":3,"minecraft:chest":14,"mutantbeasts:mutant_skeleton_arms":1,"mutantbeasts:mutant_skeleton_boots":1,"mcwfurnitures:cabinet_door":4,"minecraft:stone_hoe":1,"minecraft:oak_fence":6,"botania:red_petal_block":1,"minecraft:crafting_table":18,"minecraft:spruce_planks":16,"travelersbackpack:standard":1,"marbledsarsenal:raw_steel":6,"minecraft:wooden_pickaxe":8,"minecraft:baked_potato":2,"minecraft:iron_helmet":3,"twilightforest:canopy_door":3,"minecraft:birch_planks":12,"mcwfurnitures:oak_wardrobe":4,"minecraft:iron_chestplate":4,"minecraft:book":1,"minecraft:paper":3,"minecraft:charcoal":4,"minecraft:shield":3,"minecraft:stick":160,"minecraft:iron_ingot":120,"minecraft:iron_pickaxe":5,"minecraft:stone_sword":3,"spartanweaponry:greatsword_diamond":1,"minecraft:oak_door":3,"minecraft:stone_shovel":1,"minecraft:iron_nugget":99,"minecraft:furnace":8,"spartanweaponry:hammer_stone":1,"minecraft:bone_meal":30,"travelersbackpack:white_sleeping_bag":2,"spartanweaponry:katana_iron":1,"minecraft:ladder":6,"spartanweaponry:rapier_iron":1,"minecraft:stone_pickaxe":8,"twilightforest:canopy_planks":16,"minecraft:dark_oak_planks":40,"minecraft:cooked_beef":2,"spartanweaponry:greatsword_steel":1,"minecraft:diamond_sword":1,"mutantbeasts:mutant_skeleton_leggings":1,"travelersbackpack:backpack_tank":2,"spartanweaponry:handle":13,"botania:lexicon":1,"minecraft:cooked_salmon":1,"minecraft:bucket":1,"minecraft:stone_axe":3,"minecraft:bread":3,"minecraft:air":0,"minecraft:oak_boat":1,"minecraft:white_wool":20,"minecraft:iron_shovel":2,"marbledsarsenal:steel_ingot":6,"minecraft:iron_leggings":3,"minecraft:white_bed":2,"hunting_delight:cookedhumanmeat":12,"minecraft:torch":120},"minecraft:custom":{"minecraft:animals_bred":1,"minecraft:interact_with_crafting_table":169,"minecraft:open_barrel":22,"minecraft:bell_ring":22,"minecraft:leave_game":20,"minecraft:time_since_death":903,"minecraft:damage_resisted":77,"minecraft:sprint_one_cm":890095,"minecraft:damage_blocked_by_shield":9285,"minecraft:drop":329,"minecraft:talked_to_villager":4,"minecraft:deaths":143,"minecraft:jump":13261,"minecraft:walk_on_water_one_cm":165947,"minecraft:interact_with_furnace":129,"minecraft:play_one_minute":923762,"minecraft:sleep_in_bed":42,"minecraft:damage_dealt":17875,"minecraft:player_kills":8,"minecraft:crouch_one_cm":201521,"minecraft:horse_one_cm":696796,"minecraft:interact_with_anvil":4,"minecraft:mob_kills":149,"minecraft:climb_one_cm":55157,"minecraft:walk_one_cm":2928154,"minecraft:raid_win":1,"minecraft:sneak_time":63273,"minecraft:walk_under_water_one_cm":62002,"minecraft:boat_one_cm":350787,"minecraft:interact_with_blast_furnace":11,"minecraft:time_since_rest":932,"minecraft:damage_absorbed":360,"minecraft:damage_taken":46216,"minecraft:swim_one_cm":83914,"minecraft:fly_one_cm":1566057,"minecraft:open_chest":325,"minecraft:fall_one_cm":301513},"minecraft:killed_by":{"minecraft:creeper":6,"minecraft:ravager":2,"sanitydim:rotting_stalker":15,"undead:thewolf":2,"mutantbeasts:creeper_minion":1,"minecraft:vindicator":6,"fallout_inspired_power_armor:veteran_raider":1,"undead:sucker":2,"undead:theheavy":1,"minecraft:cave_spider":2,"alexsmobs:soul_vulture":1,"undead:themermaid":2,"mutantbeasts:mutant_creeper":4,"minecraft:zombie":7,"alexsmobs:grizzly_bear":1,"fallout_inspired_power_armor:raider_leader":1,"fallout_inspired_power_armor:enclave_x_02soldier":6,"fallout_inspired_power_armor:sentry":1,"fallout_inspired_power_armor:enclavex_01soldier":3,"fallout_inspired_power_armor:raidermaster":1,"minecraft:vex":4,"undead:thesnatcher":1,"minecraft:player":12,"minecraft:spider":1,"minecraft:enderman":1,"mutantbeasts:mutant_skeleton":11,"undead:zombiecow":1,"undead:spitter":1,"mutantbeasts:mutant_zombie":1,"fallout_inspired_power_armor:experienced_raider":1,"alexsmobs:centipede_head":2,"minecraft:skeleton":17,"fallout_inspired_power_armor:raider_woman":2,"undead:themoonflower":12},"minecraft:dropped":{"bunker_down:steel_vent":4,"minecraft:iron_sword":1,"minecraft:diamond_axe":1,"minecraft:oak_pressure_plate":5,"minecraft:cooked_beef":15,"minecraft:oak_log":13,"minecraft:diamond":7,"minecraft:crafting_table":1,"minecraft:dark_oak_sapling":12,"hunting_delight:humanmeat":27,"minecraft:leather":1,"minecraft:rail":1,"minecraft:flint":1,"minecraft:dirt":22,"minecraft:dark_oak_log":123,"hunting_delight:tainted_flesh":10,"fallout_inspired_power_armor:advanced_power_armor_leggings":1,"fallout_inspired_power_armor:gold_10mm":1,"minecraft:sand":2,"minecraft:iron_pickaxe":2,"minecraft:birch_log":7,"minecraft:white_wool":3,"minecraft:bone":2,"minecraft:gold_ingot":3,"fallout_inspired_power_armor:micro_fusion_cell":17,"minecraft:gravel":2,"minecraft:white_tulip":1,"minecraft:stone_axe":1,"spartanweaponry:saber_iron":1,"minecraft:wheat":2,"minecraft:birch_sapling":4,"minecraft:rotten_flesh":55,"minecraft:oak_planks":290,"minecraft:birch_wood":1,"fallout_inspired_power_armor:rusty_fence":1,"undead:blackpetal":2,"fallout_inspired_power_armor:damages_fusion_core":1,"travelersbackpack:white_sleeping_bag":3,"minecraft:skeleton_skull":2,"bunker_down:underroot_stage_1":2,"minecraft:iron_ore":14,"minecraft:iron_bars":1,"minecraft:arrow":3,"cgm:heavy_rifle":2,"spartanweaponry:illager_head":2,"fallout_inspired_power_armor:pipe":16,"minecraft:water_bucket":1,"minecraft:iron_ingot":40,"minecraft:bread":7,"spartanweaponry:handle":5,"minecraft:wheat_seeds":59,"botania:red_petal":7,"minecraft:diamond_leggings":1,"minecraft:iron_helmet":2,"minecraft:oak_fence":3,"minecraft:cobblestone":25,"minecraft:granite":3,"minecraft:activator_rail":8,"spartanweaponry:hammer_stone":2,"spartanweaponry:greatsword_steel":1,"graveyard:bone_dagger":2,"minecraft:coal":43,"bunker_down:steel_block_slab":1,"minecraft:stick":80,"minecraft:oxeye_daisy":3,"minecraft:lava_bucket":1,"hunting_delight:horsecorpse":1,"minecraft:mossy_cobblestone_slab":2,"minecraft:diorite":1,"minecraft:ink_sac":2,"minecraft:torch":9,"minecraft:smooth_quartz":1,"minecraft:iron_door":2,"minecraft:iron_leggings":4,"minecraft:dried_kelp":7,"minecraft:oak_stairs":2,"bunker_down:brittle_pickaxe":2,"minecraft:smooth_stone":4,"minecraft:string":24,"minecraft:spruce_sapling":2,"minecraft:redstone":2,"cgm:advanced_bullet":14,"minecraft:kelp":16,"spartanweaponry:scythe_iron":4,"minecraft:stone_sword":1,"minecraft:stone_shovel":1,"minecraft:iron_boots":3,"minecraft:light_gray_concrete":4,"spartanweaponry:katana_iron":2,"minecraft:diamond_sword":1,"minecraft:potato":2,"minecraft:shield":1,"minecraft:flower_pot":1,"minecraft:sea_pickle":2,"botania:lexicon":1,"minecraft:iron_chestplate":3,"minecraft:diamond_pickaxe":1,"minecraft:andesite":2,"minecraft:yellow_bed":1,"botania:yellow_mushroom":1,"minecraft:oak_sapling":10,"bunker_down:steel_block":6,"minecraft:spider_eye":5,"minecraft:diamond_boots":1,"minecraft:bow":1,"minecraft:blue_orchid":1,"minecraft:stone_pickaxe":1,"minecraft:wooden_pickaxe":1},"minecraft:killed":{"minecraft:cave_spider":15,"minecraft:witch":1,"minecraft:spider":9,"undead:themermaid":5,"fallout_inspired_power_armor:enclave_ap_soldier":1,"minecraft:skeleton":13,"undead:spitter":1,"undead:thebomber":4,"minecraft:pig":1,"undead:therod":2,"minecraft:zombie_villager":1,"minecraft:creeper":3,"minecraft:pillager":1,"minecraft:zombie":33,"minecraft:cow":2,"undead:sucker":2,"fallout_inspired_power_armor:enclave_x_02soldier":1,"sanitydim:rotting_stalker":1,"minecraft:drowned":1,"undead:themoonflower":22,"mutantbeasts:mutant_skeleton":1,"undead:thescreamer":1,"undead:thestone":2,"minecraft:enderman":1},"minecraft:used":{"minecraft:peony":4,"minecraft:iron_shovel":455,"minecraft:ladder":6,"minecraft:poppy":4,"minecraft:chest":7,"minecraft:shield":312,"minecraft:mossy_stone_brick_slab":3,"minecraft:rotten_flesh":88,"minecraft:carrot":15,"minecraft:glass":12,"minecraft:lava_bucket":7,"hunting_delight:cookedhumanmeat":12,"minecraft:redstone_lamp":1,"minecraft:bow":38,"minecraft:sweet_berries":90,"minecraft:oak_sapling":12,"minecraft:furnace":9,"cgm:heavy_rifle":201,"spartanweaponry:rapier_iron":124,"spartanweaponry:katana_iron":71,"minecraft:stone_pickaxe":349,"minecraft:oak_planks":554,"minecraft:birch_wood":1,"minecraft:sugar_cane":20,"minecraft:wooden_pickaxe":70,"minecraft:diamond_axe":137,"minecraft:golden_apple":6,"minecraft:blast_furnace":1,"fallout_inspired_power_armor:ripper":3,"minecraft:bread":15,"hunting_delight:cowcorpse":2,"minecraft:gravel":6,"spartanweaponry:greatsword_steel":92,"minecraft:birch_log":1,"minecraft:oak_boat":2,"spartanweaponry:scythe_iron":3,"minecraft:bone_meal":19,"minecraft:cobweb":4,"minecraft:oak_fence":6,"mcwfurnitures:oak_wardrobe":5,"minecraft:stone_sword":150,"minecraft:stone_shovel":51,"minecraft:dried_kelp":39,"minecraft:cooked_salmon":1,"minecraft:oak_door":1,"undead:redspore":1,"minecraft:torch":101,"minecraft:dirt":80,"minecraft:anvil":1,"cgm:workbench":5,"minecraft:granite":4,"fallout_inspired_power_armor:rusty_fence":23,"minecraft:stone_brick_slab":14,"hunting_delight:chickencorpse":1,"minecraft:chipped_anvil":1,"minecraft:iron_axe":3,"twilightforest:canopy_door":3,"minecraft:golden_carrot":2,"minecraft:cooked_beef":2,"minecraft:light_gray_bed":4,"minecraft:enchanted_golden_apple":1,"spartanweaponry:illager_head":1,"minecraft:wheat_seeds":12,"minecraft:cooked_mutton":2,"minecraft:water_bucket":15,"minecraft:iron_ore":16,"hunting_delight:sheepcorpse":3,"minecraft:glass_bottle":5,"minecraft:baked_potato":1,"minecraft:cracked_stone_bricks":2,"graveyard:bone_dagger":1,"twilightforest:twilight_oak_sapling":1,"minecraft:crafting_table":22,"twilightforest:canopy_log":75,"fallout_inspired_power_armor:t_51blok":1,"minecraft:white_bed":4,"spartanweaponry:greatsword_diamond":216,"travelersbackpack:wolf":7,"minecraft:oak_log":221,"minecraft:diamond_pickaxe":31,"minecraft:apple":1,"minecraft:iron_pickaxe":894,"travelersbackpack:white_sleeping_bag":13,"minecraft:purple_bed":1,"minecraft:stone_axe":57,"minecraft:potion":6,"fallout_inspired_power_armor:x_01_helmet_block":1,"spartanweaponry:longsword_iron":28,"travelersbackpack:standard":39,"botania:red_petal_block":2,"minecraft:cobblestone":776,"minecraft:porkchop":2,"minecraft:cooked_porkchop":1,"minecraft:bucket":22,"minecraft:yellow_bed":2,"alexsmobs:animal_dictionary":1,"minecraft:dandelion":11},"minecraft:mined":{"minecraft:white_bed":1,"minecraft:oak_sapling":1,"minecraft:mossy_stone_brick_slab":4,"botania:red_mystical_flower":8,"botania:red_petal_block":2,"hunting_delight:sheepcorpse":2,"minecraft:obsidian":21,"minecraft:granite":22,"minecraft:grass_block":426,"minecraft:light_gray_bed":7,"minecraft:oak_pressure_plate":3,"fallout_inspired_power_armor:toolbox":1,"minecraft:oxeye_daisy":1,"minecraft:spawner":5,"graveyard:wither_skull_with_rib_cage":1,"minecraft:smooth_stone":2,"botania:cyan_mushroom":1,"minecraft:mossy_cobblestone_slab":1,"minecraft:iron_ore":179,"minecraft:barrel":1,"minecraft:fire":3,"minecraft:azure_bluet":3,"minecraft:iron_bars":2,"minecraft:oak_stairs":2,"minecraft:light_gray_concrete":10,"graveyard:wither_skull_pile":1,"fallout_inspired_power_armor:rusty_fence":4,"botania:green_mystical_flower":2,"fallout_inspired_power_armor:crusty":1,"minecraft:kelp_plant":1,"undead:redspore":1,"minecraft:torch":4,"minecraft:dark_oak_wood":1,"minecraft:blast_furnace":1,"minecraft:poppy":6,"minecraft:cobblestone":72,"minecraft:oak_planks":78,"minecraft:sugar_cane":21,"bunker_down:underroot":1,"minecraft:wall_torch":2,"minecraft:lilac":2,"minecraft:birch_log":3,"minecraft:wheat":11,"bunker_down:steel_block_slab":5,"twilightforest:root":1,"minecraft:stone_brick_stairs":2,"minecraft:wither_rose":1,"minecraft:grass":207,"botania:gray_mushroom":1,"graveyard:creeper_skeleton":1,"minecraft:oak_log":259,"minecraft:sand":70,"minecraft:dirt":105,"twilightforest:canopy_log":64,"minecraft:oak_leaves":75,"mcwfurnitures:oak_wardrobe":1,"minecraft:diamond_ore":7,"minecraft:mossy_cobblestone":1,"minecraft:redstone_wire":12,"travelersbackpack:white_sleeping_bag":13,"minecraft:spruce_leaves":7,"cgm:workbench":4,"minecraft:large_fern":11,"minecraft:hay_block":7,"twilightforest:mushgloom":1,"minecraft:redstone_ore":1,"botania:magenta_mystical_flower":1,"minecraft:furnace":2,"twilightforest:twilight_oak_leaves":4,"minecraft:andesite":17,"minecraft:stripped_spruce_log":2,"bunker_down:steel_vent":4,"minecraft:peony":7,"minecraft:mossy_stone_brick_stairs":2,"minecraft:bookshelf":1,"botania:yellow_mushroom":1,"hunting_delight:cowcorpse":1,"minecraft:stripped_oak_log":1,"bunker_down:steel_block":10,"minecraft:stone":645,"minecraft:bone_block":2,"botania:lime_mystical_flower":1,"twilightforest:root_strand":1,"minecraft:glass_pane":1,"minecraft:dandelion":16,"minecraft:oak_fence":4,"minecraft:crafting_table":4,"minecraft:cornflower":3,"minecraft:tall_grass":34,"minecraft:diorite":10,"minecraft:purple_bed":1,"minecraft:gray_concrete_powder":2,"k-turrets:titanium_ore":9,"minecraft:sweet_berry_bush":49,"minecraft:birch_leaves":1,"minecraft:spruce_log":2,"minecraft:yellow_bed":2,"minecraft:grass_path":31,"minecraft:coal_ore":118,"minecraft:mycelium":3,"hunting_delight:chickencorpse":1,"minecraft:sunflower":1,"minecraft:gravel":9,"minecraft:cobweb":133,"minecraft:cracked_stone_bricks":2,"minecraft:potted_white_tulip":1,"minecraft:polished_andesite":6,"minecraft:stone_bricks":3,"minecraft:gold_ore":14,"minecraft:chipped_anvil":1,"minecraft:fern":10}},"DataVersion":2586}