{"stats":{"minecraft:killed_by":{"undead:thesnatcher":1,"minecraft:player":5,"minecraft:creeper":3,"minecraft:enderman":1,"minecraft:ravager":2,"mutantbeasts:mutant_skeleton":2,"undead:zombiecow":1,"undead:spitter":1,"sanitydim:rotting_stalker":3,"undead:thewolf":2,"mutantbeasts:creeper_minion":1,"minecraft:vindicator":6,"undead:sucker":2,"undead:theheavy":1,"minecraft:cave_spider":2,"alexsmobs:centipede_head":2,"minecraft:skeleton":15,"mutantbeasts:mutant_creeper":4,"minecraft:zombie":4,"undead:themoonflower":11,"minecraft:vex":4},"minecraft:picked_up":{"minecraft:iron_chestplate":1,"minecraft:crafting_table":5,"minecraft:wheat":11,"cgm:basic_bullet":14,"minecraft:potion":1,"minecraft:string":191,"minecraft:iron_axe":1,"minecraft:iron_leggings":1,"minecraft:zombie_head":2,"hunting_delight:sheepcorpse":1,"minecraft:activator_rail":4,"minecraft:smooth_stone":4,"minecraft:bucket":1,"minecraft:oak_boat":1,"minecraft:iron_pickaxe":1,"minecraft:poppy":3,"minecraft:sugar_cane":5,"spartanweaponry:katana_iron":2,"minecraft:birch_sapling":3,"minecraft:chest":1,"cgm:advanced_bullet":16,"minecraft:furnace":2,"minecraft:stick":19,"minecraft:oak_door":1,"hunting_delight:humanmeat":77,"minecraft:torch":20,"botania:green_mushroom":1,"undead:blackpetal":6,"minecraft:diorite":3,"spartanweaponry:glaive_iron":1,"minecraft:redstone":5,"minecraft:arrow":17,"minecraft:light_gray_bed":4,"minecraft:rotten_flesh":115,"spartanweaponry:illager_head":3,"minecraft:peony":7,"minecraft:oxeye_daisy":3,"minecraft:stripped_oak_log":1,"minecraft:iron_bars":1,"minecraft:rail":1,"minecraft:white_wool":1,"minecraft:cobblestone":634,"minecraft:birch_log":6,"botania:cyan_mushroom":1,"mutantbeasts:mutant_skeleton_skull":1,"bunker_down:brittle_pickaxe":3,"minecraft:golden_carrot":1,"minecraft:andesite":11,"bunker_down:steel_vent":4,"minecraft:potato":2,"hunting_delight:cowcorpse":3,"minecraft:flint":1,"minecraft:oak_log":137,"k-turrets:raw_titanium":18,"spartanweaponry:greatsword_diamond":1,"minecraft:gunpowder":4,"minecraft:dirt":106,"minecraft:white_banner":1,"bunker_down:steel_block":5,"botania:yellow_mushroom":1,"minecraft:cooked_mutton":2,"minecraft:bone":36,"minecraft:apple":1,"minecraft:bow":1,"minecraft:wheat_seeds":41,"botania:gray_mushroom":1,"minecraft:iron_ore":154,"minecraft:stone_pickaxe":1,"minecraft:iron_ingot":17,"minecraft:cobweb":4,"minecraft:glass_bottle":1,"minecraft:oak_planks":40,"minecraft:book":6,"spartanweaponry:scythe_iron":2,"minecraft:sweet_berries":28,"minecraft:spruce_sapling":2,"bunker_down:underroot_stage_1":4,"graveyard:bone_dagger":3,"minecraft:poisonous_potato":4,"minecraft:gravel":8,"minecraft:lava_bucket":1,"spartanweaponry:greatsword_steel":1,"minecraft:blast_furnace":1,"fallout_inspired_power_armor:gauss_rifle":1,"minecraft:white_bed":1,"minecraft:spruce_log":2,"minecraft:gold_ore":14,"minecraft:spider_eye":5,"alexsmobs:animal_dictionary":1,"travelersbackpack:wolf":2,"travelersbackpack:white_sleeping_bag":5,"minecraft:light_gray_concrete":4,"minecraft:purple_bed":1,"minecraft:slime_ball":1,"minecraft:diamond":7,"minecraft:lever":1,"minecraft:iron_helmet":2,"minecraft:granite":23,"minecraft:golden_apple":1,"minecraft:emerald":1,"minecraft:bread":1,"minecraft:baked_potato":6,"minecraft:oak_sapling":23,"cgm:workbench":4,"minecraft:coal":119,"hunting_delight:tainted_flesh":3},"minecraft:broken":{"minecraft:stone_sword":1,"minecraft:iron_boots":1,"minecraft:iron_chestplate":1,"minecraft:stone_pickaxe":1,"minecraft:shield":2,"mutantbeasts:mutant_skeleton_skull":1,"minecraft:iron_pickaxe":2},"minecraft:dropped":{"bunker_down:steel_vent":2,"minecraft:iron_ingot":3,"minecraft:oak_log":13,"hunting_delight:humanmeat":11,"minecraft:iron_helmet":1,"minecraft:cobblestone":5,"minecraft:granite":3,"minecraft:activator_rail":8,"spartanweaponry:hammer_stone":1,"graveyard:bone_dagger":1,"minecraft:rail":1,"minecraft:coal":18,"minecraft:stick":1,"minecraft:flint":1,"minecraft:oxeye_daisy":1,"minecraft:dirt":1,"minecraft:diorite":1,"bunker_down:brittle_pickaxe":2,"minecraft:smooth_stone":4,"minecraft:string":1,"minecraft:gravel":2,"spartanweaponry:scythe_iron":2,"minecraft:stone_sword":1,"minecraft:birch_sapling":2,"undead:blackpetal":2,"spartanweaponry:katana_iron":2,"travelersbackpack:white_sleeping_bag":1,"minecraft:andesite":2,"minecraft:spider_eye":5,"minecraft:iron_ore":7,"minecraft:iron_bars":1,"minecraft:arrow":3,"minecraft:stone_pickaxe":1,"minecraft:wooden_pickaxe":1},"minecraft:mined":{"minecraft:diamond_ore":7,"minecraft:white_bed":1,"minecraft:granite":20,"minecraft:grass_block":37,"minecraft:light_gray_bed":7,"minecraft:redstone_wire":12,"travelersbackpack:white_sleeping_bag":5,"minecraft:spruce_leaves":3,"fallout_inspired_power_armor:toolbox":1,"minecraft:spawner":3,"cgm:workbench":3,"minecraft:large_fern":4,"botania:cyan_mushroom":1,"minecraft:redstone_ore":1,"minecraft:furnace":2,"minecraft:iron_ore":132,"minecraft:fire":1,"minecraft:andesite":16,"bunker_down:steel_vent":3,"minecraft:peony":7,"minecraft:iron_bars":1,"minecraft:light_gray_concrete":5,"hunting_delight:cowcorpse":1,"minecraft:stripped_oak_log":1,"botania:yellow_mushroom":1,"bunker_down:steel_block":6,"minecraft:stone":599,"fallout_inspired_power_armor:crusty":1,"minecraft:glass_pane":1,"minecraft:crafting_table":3,"minecraft:torch":4,"minecraft:blast_furnace":1,"minecraft:poppy":1,"minecraft:tall_grass":2,"minecraft:cobblestone":49,"minecraft:oak_planks":21,"minecraft:sugar_cane":2,"minecraft:diorite":10,"minecraft:wall_torch":2,"minecraft:purple_bed":1,"k-turrets:titanium_ore":9,"minecraft:birch_log":3,"minecraft:wheat":11,"minecraft:sweet_berry_bush":7,"minecraft:lilac":2,"minecraft:spruce_log":2,"bunker_down:steel_block_slab":4,"minecraft:birch_leaves":1,"minecraft:grass_path":1,"botania:gray_mushroom":1,"minecraft:grass":55,"minecraft:coal_ore":101,"minecraft:oak_log":136,"minecraft:gravel":9,"minecraft:dirt":35,"minecraft:cobweb":133,"minecraft:gold_ore":14,"minecraft:oak_leaves":32},"minecraft:crafted":{"minecraft:oak_door":3,"minecraft:oak_planks":124,"minecraft:iron_nugget":18,"minecraft:furnace":5,"spartanweaponry:hammer_stone":1,"graveyard:bone_dagger":1,"travelersbackpack:white_sleeping_bag":2,"spartanweaponry:katana_iron":1,"minecraft:iron_boots":3,"spartanweaponry:rapier_iron":1,"minecraft:stone_pickaxe":8,"minecraft:stone_hoe":1,"minecraft:oak_fence":6,"spartanweaponry:greatsword_steel":1,"minecraft:crafting_table":14,"minecraft:spruce_planks":8,"marbledsarsenal:raw_steel":6,"minecraft:iron_helmet":3,"minecraft:wooden_pickaxe":7,"minecraft:baked_potato":2,"spartanweaponry:handle":9,"minecraft:cooked_salmon":1,"minecraft:birch_planks":12,"minecraft:stone_axe":3,"minecraft:bread":3,"minecraft:air":0,"minecraft:oak_boat":1,"minecraft:iron_chestplate":3,"minecraft:white_wool":14,"minecraft:charcoal":1,"minecraft:shield":3,"minecraft:stick":92,"minecraft:iron_ingot":107,"minecraft:iron_pickaxe":5,"minecraft:stone_sword":3,"marbledsarsenal:steel_ingot":6,"spartanweaponry:greatsword_diamond":1,"minecraft:iron_leggings":3,"minecraft:white_bed":1,"minecraft:torch":68},"minecraft:used":{"minecraft:oak_fence":6,"minecraft:peony":4,"minecraft:stone_sword":150,"minecraft:chest":1,"minecraft:shield":147,"minecraft:cooked_salmon":1,"minecraft:rotten_flesh":33,"minecraft:oak_door":1,"minecraft:torch":72,"minecraft:anvil":1,"minecraft:dirt":35,"cgm:workbench":4,"minecraft:granite":4,"minecraft:lava_bucket":1,"minecraft:golden_carrot":1,"minecraft:oak_sapling":2,"minecraft:furnace":6,"minecraft:light_gray_bed":4,"minecraft:wheat_seeds":12,"minecraft:cooked_mutton":1,"minecraft:iron_ore":2,"spartanweaponry:rapier_iron":124,"spartanweaponry:katana_iron":71,"hunting_delight:sheepcorpse":1,"minecraft:glass_bottle":5,"minecraft:stone_pickaxe":349,"minecraft:baked_potato":1,"minecraft:oak_planks":5,"minecraft:wooden_pickaxe":65,"graveyard:bone_dagger":1,"minecraft:golden_apple":2,"minecraft:crafting_table":17,"minecraft:blast_furnace":1,"minecraft:white_bed":1,"spartanweaponry:greatsword_diamond":41,"travelersbackpack:wolf":4,"minecraft:oak_log":110,"minecraft:apple":1,"minecraft:iron_pickaxe":665,"minecraft:stone_axe":57,"minecraft:bread":3,"travelersbackpack:white_sleeping_bag":6,"hunting_delight:cowcorpse":2,"minecraft:gravel":6,"minecraft:potion":6,"spartanweaponry:greatsword_steel":89,"minecraft:cobblestone":302,"spartanweaponry:longsword_iron":28,"minecraft:bucket":1,"minecraft:oak_boat":1,"alexsmobs:animal_dictionary":1,"spartanweaponry:scythe_iron":3,"minecraft:cobweb":4},"minecraft:killed":{"minecraft:cave_spider":15,"undead:sucker":2,"minecraft:spider":2,"minecraft:skeleton":8,"undead:thebomber":3,"undead:themoonflower":8,"minecraft:pillager":1,"minecraft:zombie":7,"minecraft:enderman":1},"minecraft:custom":{"minecraft:interact_with_anvil":1,"minecraft:mob_kills":59,"minecraft:interact_with_crafting_table":116,"minecraft:bell_ring":22,"minecraft:leave_game":9,"minecraft:time_since_death":83,"minecraft:climb_one_cm":34070,"minecraft:sprint_one_cm":261959,"minecraft:walk_one_cm":1215311,"minecraft:damage_blocked_by_shield":5187,"minecraft:drop":59,"minecraft:talked_to_villager":2,"minecraft:deaths":81,"minecraft:sneak_time":34345,"minecraft:walk_under_water_one_cm":29900,"minecraft:jump":5346,"minecraft:boat_one_cm":76321,"minecraft:interact_with_blast_furnace":9,"minecraft:walk_on_water_one_cm":84684,"minecraft:interact_with_furnace":61,"minecraft:play_one_minute":362759,"minecraft:sleep_in_bed":14,"minecraft:time_since_rest":114,"minecraft:damage_taken":23775,"minecraft:damage_absorbed":80,"minecraft:damage_dealt":14751,"minecraft:player_kills":3,"minecraft:swim_one_cm":33011,"minecraft:fly_one_cm":564769,"minecraft:crouch_one_cm":108249,"minecraft:open_chest":79,"minecraft:fall_one_cm":146341,"minecraft:horse_one_cm":64115}},"DataVersion":2586}