{"stats":{"minecraft:picked_up":{"minecraft:charcoal":10,"minecraft:crafting_table":12,"minecraft:iron_chestplate":1,"minecraft:ladder":1,"minecraft:anvil":2,"fallout_inspired_power_armor:armored_door_closed":1,"minecraft:shield":1,"minecraft:string":3,"minecraft:sticky_piston":7,"minecraft:smooth_stone":9,"minecraft:oak_boat":2,"minecraft:poppy":8,"alexsmobs:raccoon_tail":1,"minecraft:chest":1,"minecraft:birch_sapling":9,"minecraft:piston":1,"minecraft:furnace":6,"minecraft:stick":43,"bunker_down:airlock_iron_trapdoor":1,"minecraft:oak_door":2,"hunting_delight:humanmeat":2,"minecraft:torch":20,"minecraft:diorite":5,"minecraft:carrot":2,"minecraft:stone_sword":1,"minecraft:arrow":4,"minecraft:rotten_flesh":3,"minecraft:light_gray_bed":5,"minecraft:peony":3,"minecraft:iron_bars":2,"minecraft:skeleton_skull":1,"minecraft:white_wool":1,"minecraft:cobblestone":330,"minecraft:birch_log":37,"minecraft:lilac":6,"minecraft:andesite":1,"bunker_down:steel_vent":1,"graveyard:tg_chiseled_deepslate":1,"minecraft:flint":1,"minecraft:oak_log":117,"toughasnails:purified_water_bottle":1,"sanitydim:garland":1,"minecraft:dirt":11,"minecraft:lantern":1,"bunker_down:steel_block":23,"botania:black_mystical_flower":1,"minecraft:cooked_mutton":2,"minecraft:bone":3,"minecraft:apple":11,"minecraft:wheat_seeds":3,"minecraft:iron_ingot":4,"minecraft:iron_ore":51,"minecraft:glass_bottle":2,"minecraft:oak_planks":28,"spartanweaponry:scythe_iron":1,"minecraft:gravel":3,"minecraft:sand":23,"minecraft:blast_furnace":8,"minecraft:lily_of_the_valley":8,"minecraft:gold_ore":9,"minecraft:spider_eye":1,"bunker_down:steel_block_slab":3,"minecraft:light_gray_concrete":1,"toughasnails:water_purifier":2,"minecraft:diamond":1,"minecraft:lever":1,"minecraft:granite":2,"minecraft:golden_apple":1,"minecraft:gray_wool":1,"minecraft:oak_sapling":73,"minecraft:bricks":2,"graveyard:tg_polished_deepslate_slab":1,"minecraft:coal":176},"minecraft:custom":{"minecraft:interact_with_anvil":1,"minecraft:mob_kills":12,"minecraft:interact_with_crafting_table":42,"minecraft:leave_game":6,"minecraft:time_since_death":793,"minecraft:climb_one_cm":37478,"minecraft:sprint_one_cm":152345,"minecraft:damage_blocked_by_shield":270,"minecraft:walk_one_cm":259825,"minecraft:drop":51,"minecraft:sneak_time":4236,"minecraft:deaths":5,"minecraft:walk_under_water_one_cm":3860,"minecraft:boat_one_cm":39231,"minecraft:jump":1120,"minecraft:interact_with_blast_furnace":29,"minecraft:walk_on_water_one_cm":6942,"minecraft:interact_with_furnace":48,"minecraft:play_one_minute":100951,"minecraft:sleep_in_bed":7,"minecraft:time_since_rest":816,"minecraft:damage_taken":1528,"minecraft:damage_dealt":6341,"minecraft:swim_one_cm":7347,"minecraft:fly_one_cm":137664,"minecraft:open_chest":87,"minecraft:crouch_one_cm":9821,"minecraft:fall_one_cm":23746},"minecraft:killed_by":{"minecraft:player":3,"sanitydim:rotting_stalker":1},"minecraft:dropped":{"minecraft:wheat_seeds":3,"minecraft:glass_bottle":4,"botania:black_mystical_flower":1,"minecraft:iron_helmet":1,"minecraft:lantern":1,"minecraft:granite":2,"minecraft:coal":8,"minecraft:gray_wool":1,"hunting_delight:cookedhumanmeat":1,"minecraft:diorite":3,"minecraft:sand":6,"alexsmobs:raccoon_tail":1,"minecraft:bucket":1,"minecraft:bone":2,"minecraft:oak_door":2,"graveyard:tg_chiseled_deepslate":1,"minecraft:stone_sword":1,"minecraft:rotten_flesh":7,"minecraft:peony":2,"minecraft:andesite":1,"minecraft:oak_boat":1,"minecraft:chest":1,"minecraft:ladder":1,"minecraft:spider_eye":1,"bunker_down:airlock_iron_trapdoor":1,"minecraft:arrow":4},"minecraft:crafted":{"minecraft:smooth_stone":6,"minecraft:oak_planks":132,"minecraft:furnace":2,"minecraft:blast_furnace":2,"minecraft:stone":6,"minecraft:flint_and_steel":1,"minecraft:glass":12,"minecraft:iron_boots":1,"minecraft:iron_axe":1,"minecraft:stone_pickaxe":1,"minecraft:chest":2,"minecraft:glass_bottle":3,"minecraft:crafting_table":1,"minecraft:wooden_pickaxe":1,"minecraft:iron_helmet":1,"minecraft:bucket":1,"minecraft:air":0,"minecraft:oak_boat":1,"minecraft:iron_chestplate":1,"minecraft:charcoal":6,"toughasnails:water_purifier":1,"minecraft:shield":1,"minecraft:stick":4,"minecraft:iron_ingot":48,"minecraft:iron_pickaxe":2,"minecraft:wooden_axe":1,"minecraft:stone_sword":1,"minecraft:iron_shovel":1,"minecraft:iron_leggings":1,"hunting_delight:cookedhumanmeat":1,"minecraft:torch":16},"minecraft:mined":{"minecraft:diamond_ore":1,"hunting_delight:sheepcorpse":1,"minecraft:lever":1,"minecraft:granite":2,"minecraft:grass_block":2,"graveyard:tg_polished_deepslate_slab":3,"minecraft:light_gray_bed":4,"minecraft:redstone_wire":2,"minecraft:spawner":1,"minecraft:smooth_stone":9,"minecraft:furnace":6,"minecraft:iron_ore":51,"minecraft:sticky_piston":12,"minecraft:fire":9,"minecraft:andesite":1,"minecraft:anvil":2,"bunker_down:steel_vent":11,"minecraft:peony":1,"minecraft:vine":1,"minecraft:iron_bars":1,"graveyard:tg_cobbled_deepslate_slab":4,"minecraft:light_gray_concrete":8,"bunker_down:steel_block":36,"minecraft:stone":285,"graveyard:tg_chiseled_deepslate":2,"minecraft:lily_of_the_valley":9,"toughasnails:water_purifier":2,"minecraft:crafting_table":11,"minecraft:torch":13,"minecraft:blast_furnace":7,"minecraft:poppy":6,"minecraft:cobblestone":34,"minecraft:bricks":2,"minecraft:diorite":4,"minecraft:wall_torch":7,"botania:black_mystical_flower":1,"minecraft:skeleton_skull":1,"minecraft:repeater":1,"minecraft:birch_log":38,"minecraft:redstone_torch":1,"minecraft:lilac":7,"minecraft:birch_leaves":2,"minecraft:grass":12,"minecraft:oak_log":121,"minecraft:coal_ore":54,"minecraft:sand":24,"minecraft:dirt":5,"minecraft:cobweb":4,"minecraft:gold_ore":9,"minecraft:piston":2,"minecraft:oak_leaves":19,"minecraft:fern":1},"minecraft:used":{"minecraft:peony":1,"minecraft:stone_sword":14,"minecraft:iron_bars":2,"minecraft:iron_shovel":24,"minecraft:flint_and_steel":13,"toughasnails:water_purifier":1,"minecraft:chest":1,"minecraft:shield":5,"minecraft:rotten_flesh":5,"minecraft:torch":31,"minecraft:dirt":8,"minecraft:anvil":1,"minecraft:lily_of_the_valley":8,"minecraft:carrot":2,"minecraft:wooden_axe":21,"minecraft:iron_axe":50,"minecraft:golden_carrot":1,"minecraft:oak_sapling":1,"minecraft:furnace":4,"minecraft:light_gray_bed":3,"minecraft:water_bucket":2,"minecraft:diorite":1,"minecraft:stone_pickaxe":131,"minecraft:glass_bottle":7,"minecraft:wooden_pickaxe":13,"minecraft:crafting_table":10,"minecraft:blast_furnace":7,"minecraft:oak_log":112,"minecraft:piston":1,"bunker_down:steel_block":1,"minecraft:apple":8,"fallout_inspired_power_armor:armored_door_closed":1,"minecraft:iron_pickaxe":426,"minecraft:light_gray_concrete":1,"minecraft:bread":1,"minecraft:gravel":2,"minecraft:lilac":6,"minecraft:cobblestone":133,"minecraft:potion":8,"toughasnails:purified_water_bottle":6,"minecraft:bucket":3,"minecraft:birch_log":38,"minecraft:oak_boat":1,"alexsmobs:animal_dictionary":2,"spartanweaponry:scythe_iron":46},"minecraft:killed":{"alexsmobs:raccoon":1,"sanitydim:rotting_stalker":1,"minecraft:skeleton":2,"undead:themoonflower":1,"minecraft:zombie":3,"undead:thestone":2},"minecraft:broken":{"sanitydim:garland":1,"minecraft:stone_pickaxe":1,"minecraft:iron_pickaxe":1,"minecraft:wooden_axe":1}},"DataVersion":2586}