{"stats":{"minecraft:custom":{"minecraft:interact_with_crafting_table":102,"minecraft:open_barrel":33,"minecraft:bell_ring":14,"minecraft:leave_game":23,"minecraft:time_since_death":29562,"minecraft:damage_blocked_by_shield":9546,"minecraft:deaths":71,"minecraft:jump":10688,"minecraft:interact_with_furnace":110,"minecraft:play_record":2,"minecraft:sleep_in_bed":29,"minecraft:damage_dealt":38698,"minecraft:horse_one_cm":13294,"minecraft:interact_with_anvil":3,"minecraft:sneak_time":36434,"minecraft:interact_with_blast_furnace":43,"minecraft:time_since_rest":29587,"minecraft:swim_one_cm":88106,"minecraft:fly_one_cm":1778005,"minecraft:open_chest":457,"minecraft:fall_one_cm":287248,"minecraft:sprint_one_cm":1104415,"minecraft:drop":360,"minecraft:talked_to_villager":1,"minecraft:walk_on_water_one_cm":94745,"minecraft:play_one_minute":575323,"minecraft:player_kills":7,"minecraft:crouch_one_cm":98234,"minecraft:mob_kills":121,"minecraft:damage_dealt_resisted":375,"minecraft:climb_one_cm":45199,"minecraft:walk_one_cm":1433451,"minecraft:raid_win":1,"minecraft:walk_under_water_one_cm":31773,"minecraft:boat_one_cm":765947,"minecraft:damage_taken":24497,"minecraft:damage_absorbed":90},"minecraft:dropped":{"minecraft:porkchop":4,"graveyard:cyan_urn":1,"spartanweaponry:greatsword_diamond":2,"minecraft:glass_bottle":5,"minecraft:diamond":22,"minecraft:crafting_table":1,"hunting_delight:humanmeat":42,"fallout_inspired_power_armor:composite":1,"minecraft:dirt":8,"minecraft:wooden_sword":1,"graveyard:brown_urn":1,"minecraft:sand":6,"minecraft:iron_pickaxe":5,"hunting_delight:sheepcorpse":1,"minecraft:dark_oak_planks":9,"minecraft:bone":20,"minecraft:oak_door":3,"undead:whitespidereye":2,"graveyard:tg_chiseled_deepslate":1,"graveyard:moss_carpet":1,"minecraft:birch_sapling":2,"minecraft:wheat":2,"minecraft:rotten_flesh":82,"minecraft:oak_planks":5,"minecraft:birch_wood":3,"fallout_inspired_power_armor:rusty_fence":1,"minecraft:warped_sign":1,"undead:blackpetal":3,"minecraft:leather_boots":3,"minecraft:ladder":2,"bunker_down:airlock_iron_trapdoor":2,"graveyard:tg_deepslate_tile_slab":10,"minecraft:beef":9,"fallout_inspired_power_armor:pipe_with_valves":2,"minecraft:enchanted_book":2,"minecraft:iron_ingot":5,"minecraft:wheat_seeds":7,"minecraft:feather":1,"minecraft:iron_helmet":2,"minecraft:cobblestone":4,"minecraft:book":3,"minecraft:apple":4,"minecraft:granite":2,"travelersbackpack:wolf":1,"minecraft:coal":10,"minecraft:golden_apple":1,"minecraft:oxeye_daisy":1,"minecraft:lava_bucket":1,"fallout_inspired_power_armor:gauss_rifle":1,"minecraft:gray_wool":1,"hunting_delight:horsecorpse":2,"fallout_inspired_power_armor:interior_doorclosed":2,"hunting_delight:cookedhumanmeat":2,"minecraft:golden_carrot":1,"minecraft:diamond_helmet":1,"minecraft:potion":1,"minecraft:oak_stairs":1,"minecraft:iron_shovel":1,"minecraft:string":32,"minecraft:lily_pad":21,"minecraft:stone_sword":1,"minecraft:dark_oak_sign":2,"minecraft:chicken":3,"minecraft:iron_boots":2,"minecraft:light_gray_concrete":1,"minecraft:oak_sign":4,"minecraft:lily_of_the_valley":3,"minecraft:diamond_sword":1,"minecraft:potato":7,"minecraft:peony":2,"minecraft:spruce_planks":5,"minecraft:diamond_pickaxe":1,"minecraft:spider_eye":1,"minecraft:blue_orchid":3,"minecraft:magma_block":1,"minecraft:diamond_axe":1,"minecraft:oak_log":7,"botania:black_mystical_flower":1,"minecraft:lantern":1,"minecraft:leather":2,"minecraft:cobblestone_stairs":2,"hunting_delight:tainted_flesh":8,"minecraft:blackstone":6,"minecraft:diamond_shovel":1,"minecraft:mossy_stone_brick_slab":6,"minecraft:cooked_mutton":2,"minecraft:carrot":4,"fallout_inspired_power_armor:damages_fusion_core":1,"minecraft:gunpowder":8,"minecraft:skeleton_skull":1,"graveyard:tg_cobbled_deepslate_slab":2,"minecraft:chest":1,"minecraft:iron_ore":1,"minecraft:basalt":41,"minecraft:arrow":11,"spartanweaponry:illager_head":1,"minecraft:written_book":1,"minecraft:netherrack":2,"k-turrets:raw_titanium":9,"minecraft:bread":4,"minecraft:stripped_spruce_log":6,"mutantbeasts:mutant_skeleton_skull":1,"spartanweaponry:greatsword_steel":1,"minecraft:stick":17,"minecraft:diorite":3,"minecraft:nether_wart_block":1,"minecraft:zombie_head":3,"minecraft:iron_leggings":5,"minecraft:iron_axe":1,"minecraft:bucket":1,"minecraft:redstone":2,"minecraft:kelp":7,"minecraft:sweet_berries":16,"spartanweaponry:scythe_iron":1,"minecraft:coarse_dirt":1,"minecraft:flint_and_steel":1,"fallout_inspired_power_armor:steel":2,"undead:zombiecowmuscle":1,"minecraft:shield":5,"minecraft:iron_chestplate":3,"graveyard:moss_block":3,"minecraft:andesite":1,"minecraft:oak_boat":2,"minecraft:oak_sapling":3,"minecraft:diamond_boots":3,"minecraft:spruce_log":1,"minecraft:stone_pickaxe":1,"minecraft:wooden_pickaxe":1},"minecraft:mined":{"minecraft:white_bed":8,"graveyard:gray_urn":2,"hunting_delight:sheepcorpse":2,"minecraft:obsidian":3,"minecraft:granite":48,"minecraft:light_gray_bed":6,"minecraft:coal_block":3,"fallout_inspired_power_armor:toolbox":1,"minecraft:oak_wall_sign":1,"minecraft:spawner":3,"graveyard:wither_skull_with_rib_cage":2,"minecraft:magma_block":1,"minecraft:mossy_cobblestone_stairs":1,"minecraft:sticky_piston":12,"minecraft:fire":22,"fallout_inspired_power_armor:catwalk":1,"minecraft:oak_stairs":2,"minecraft:light_gray_concrete":9,"minecraft:green_carpet":2,"fallout_inspired_power_armor:armored_door_closed":2,"fallout_inspired_power_armor:rusty_fence":4,"minecraft:piston_head":1,"graveyard:light_gray_urn":1,"minecraft:kelp_plant":1,"fallout_inspired_power_armor:rusted_lining":1,"minecraft:torch":37,"minecraft:blast_furnace":9,"minecraft:glass":8,"minecraft:sugar_cane":1,"minecraft:bricks":3,"botania:black_mystical_flower":1,"minecraft:skeleton_skull":1,"minecraft:repeater":1,"graveyard:wither_skeleton_hand":1,"minecraft:wheat":2,"minecraft:lilac":8,"fallout_inspired_power_armor:computer":6,"fallout_inspired_power_armor:cement":1,"graveyard:tg_tuff":4,"minecraft:stone_brick_stairs":9,"minecraft:grass":57,"fallout_inspired_power_armor:cage_light":1,"graveyard:cyan_urn":1,"minecraft:yellow_stained_glass":1,"minecraft:piston":2,"minecraft:light_gray_stained_glass_pane":2,"minecraft:mossy_cobblestone":8,"fallout_inspired_power_armor:dead_scientist_1":1,"minecraft:dark_oak_log":137,"minecraft:dark_oak_fence":1,"minecraft:jungle_planks":1,"graveyard:tg_deepslate":4,"minecraft:redstone_wire":4,"minecraft:kelp":1,"graveyard:tg_moss_block":1,"minecraft:andesite":26,"bunker_down:steel_vent":11,"minecraft:mossy_stone_brick_stairs":3,"minecraft:potatoes":2,"minecraft:cobblestone_slab":9,"minecraft:vine":1,"graveyard:tg_cobbled_deepslate_slab":27,"graveyard:tg_deepslate_tile_stairs":4,"bunker_down:steel_block":41,"minecraft:bone_block":3,"minecraft:glass_pane":1,"minecraft:lily_of_the_valley":9,"toughasnails:water_purifier":3,"fallout_inspired_power_armor:dirty_glass":1,"minecraft:stone_brick_slab":33,"minecraft:dandelion":1,"graveyard:tg_cobbled_deepslate":1,"minecraft:tall_grass":5,"minecraft:diorite":54,"minecraft:coarse_dirt":3,"graveyard:vase_block":6,"minecraft:spruce_log":51,"minecraft:birch_leaves":12,"graveyard:moss_block":4,"fallout_inspired_power_armor:floor_paper":1,"graveyard:brown_urn":1,"minecraft:zombie_head":1,"minecraft:gravel":19,"minecraft:cobweb":14,"minecraft:stone_bricks":12,"minecraft:gold_ore":9,"minecraft:fern":14,"minecraft:spruce_planks":22,"graveyard:tg_coarse_dirt":1,"minecraft:mossy_stone_brick_slab":20,"minecraft:cobblestone_stairs":5,"minecraft:orange_stained_glass":2,"minecraft:grass_block":50,"graveyard:tg_polished_deepslate_slab":6,"fallout_inspired_power_armor:camera":1,"minecraft:smooth_stone":9,"graveyard:moss_carpet":2,"minecraft:mossy_cobblestone_slab":10,"minecraft:iron_ore":272,"graveyard:leaning_wither_skeleton":1,"minecraft:anvil":2,"minecraft:iron_bars":4,"graveyard:wither_skull_pile":1,"minecraft:spruce_slab":4,"minecraft:blackstone":10,"graveyard:deepslate_gravestone":1,"minecraft:poppy":6,"minecraft:chest":6,"twilightforest:twilight_oak_log":5,"minecraft:cobblestone":469,"minecraft:birch_wood":75,"minecraft:oak_planks":41,"minecraft:wall_torch":14,"fallout_inspired_power_armor:interior_doorclosed":3,"minecraft:nether_wart_block":2,"minecraft:birch_log":83,"graveyard:tg_deepslate_brick_slab":17,"twilightforest:root":7,"graveyard:skull_pile":1,"minecraft:oak_log":265,"graveyard:tg_deepslate_tile_slab":11,"minecraft:sand":26,"minecraft:dirt":101,"minecraft:wither_skeleton_skull":1,"minecraft:netherrack":1,"minecraft:oak_leaves":59,"minecraft:redstone_lamp":1,"minecraft:diamond_ore":92,"fallout_inspired_power_armor:test_subject":1,"minecraft:lever":1,"minecraft:ladder":2,"travelersbackpack:white_sleeping_bag":4,"minecraft:soul_campfire":2,"minecraft:polished_andesite_slab":3,"minecraft:spruce_leaves":6,"minecraft:large_fern":13,"minecraft:furnace":6,"minecraft:carrots":1,"minecraft:polished_basalt":3,"minecraft:stripped_spruce_log":46,"bunker_down:airlock_iron_trapdoor":2,"minecraft:peony":1,"minecraft:gold_block":1,"graveyard:tg_deepslate_tiles":1,"minecraft:bookshelf":20,"graveyard:blue_urn":1,"minecraft:stone":1730,"graveyard:tg_chiseled_deepslate":2,"minecraft:stripped_dark_oak_log":9,"minecraft:basalt":52,"minecraft:oak_fence":2,"minecraft:crafting_table":15,"graveyard:tg_deepslate_brick_stairs":7,"minecraft:oak_wood":1,"minecraft:andesite_slab":1,"graveyard:tg_grass_block":1,"fallout_inspired_power_armor:blueprint":1,"hunting_delight:horsecorpse":2,"minecraft:birch_planks":2,"minecraft:redstone_torch":1,"minecraft:sweet_berry_bush":20,"graveyard:tg_deepslate_bricks":1,"minecraft:yellow_bed":3,"minecraft:grass_path":1,"minecraft:coal_ore":132,"graveyard:leaning_skeleton":1,"minecraft:lodestone":1,"minecraft:cracked_stone_bricks":7,"minecraft:mossy_stone_bricks":2,"graveyard:tg_cobbled_deepslate_stairs":7},"minecraft:killed_by":{"minecraft:ravager":5,"graveyard:acolyte":2,"sanitydim:rotting_stalker":2,"minecraft:vindicator":1,"undead:theheavy":2,"mutantbeasts:mutant_creeper":1,"minecraft:zombie":2,"undead:thebladedancer":1,"fallout_inspired_power_armor:raider_leader":1,"fallout_inspired_power_armor:enclave_x_02soldier":1,"fallout_inspired_power_armor:raidermaster":2,"minecraft:vex":5,"undead:themoonflower":2,"minecraft:evoker":3,"minecraft:creeper":1,"fallout_inspired_power_armor:centuar":1,"fallout_inspired_power_armor:veteran_raider":2,"undead:sucker":2,"minecraft:witch":3,"minecraft:player":14,"mutantbeasts:mutant_skeleton":3,"fallout_inspired_power_armor:enclave_ap_soldier":2,"mutantbeasts:mutant_zombie":1},"minecraft:killed":{"fallout_inspired_power_armor:enclave_ap_soldier":1,"undead:theheavy":1,"minecraft:skeleton":6,"graveyard:acolyte":2,"minecraft:pillager":4,"minecraft:zombie":29,"minecraft:cow":2,"minecraft:evoker":1,"minecraft:vindicator":2,"undead:themoonflower":26,"fallout_inspired_power_armor:mutant":1,"fallout_inspired_power_armor:veteran_raider":1,"minecraft:witch":2,"minecraft:spider":1,"fallout_inspired_power_armor:raidermaster":1,"fallout_inspired_power_armor:raider_leader":1,"undead:thepregnant":1,"fallout_inspired_power_armor:raider_woman":2,"minecraft:pig":1,"fallout_inspired_power_armor:armored_raider":6,"undead:thesnatcher":2,"minecraft:creeper":3,"undead:sucker":2,"sanitydim:rotting_stalker":1,"fallout_inspired_power_armor:experimentation_survivor":1,"mutantbeasts:mutant_skeleton":1,"undead:thestone":3,"minecraft:wither_skeleton":5},"minecraft:picked_up":{"minecraft:iron_chestplate":4,"graveyard:tg_deepslate_tile_stairs":4,"minecraft:anvil":2,"minecraft:oak_stairs":2,"minecraft:enchanted_book":3,"minecraft:string":51,"minecraft:soul_soil":1,"hunting_delight:sheepcorpse":2,"minecraft:spruce_planks":20,"minecraft:written_book":2,"graveyard:tg_tuff":2,"minecraft:brown_carpet":2,"minecraft:stone_sword":1,"graveyard:tg_cobbled_deepslate_slab":13,"minecraft:light_gray_bed":7,"minecraft:polished_basalt":1,"minecraft:iron_bars":5,"minecraft:birch_log":67,"minecraft:magma_block":1,"minecraft:mossy_cobblestone_slab":4,"mutantbeasts:mutant_skeleton_skull":1,"minecraft:feather":1,"minecraft:dark_oak_boat":7,"minecraft:flint":3,"fallout_inspired_power_armor:cement":1,"minecraft:lantern":1,"minecraft:gray_concrete_powder":2,"minecraft:dark_oak_sign":2,"minecraft:glowstone_dust":3,"spartanweaponry:witch_head":1,"minecraft:stripped_spruce_log":10,"minecraft:dark_oak_log":246,"minecraft:lever":2,"minecraft:granite":41,"minecraft:bread":3,"minecraft:dark_oak_fence":1,"minecraft:bricks":2,"minecraft:diamond_pickaxe":1,"minecraft:crafting_table":15,"minecraft:coarse_dirt":3,"minecraft:redstone_lamp":1,"minecraft:flint_and_steel":1,"fallout_inspired_power_armor:steel":80,"minecraft:iron_shovel":1,"minecraft:cracked_stone_bricks":8,"minecraft:beef":23,"minecraft:poppy":10,"minecraft:spruce_slab":4,"minecraft:chest":6,"minecraft:birch_sapling":21,"minecraft:piston":1,"minecraft:oak_door":4,"hunting_delight:humanmeat":71,"minecraft:carrot":23,"minecraft:redstone":46,"spartanweaponry:illager_head":4,"minecraft:beetroot_seeds":2,"mutantbeasts:mutant_skeleton_rib":6,"minecraft:peony":3,"minecraft:diamond_boots":2,"minecraft:warped_sign":1,"minecraft:bone_block":2,"minecraft:white_wool":1,"graveyard:tg_chiseled_deepslate":1,"minecraft:oak_log":236,"minecraft:lily_pad":25,"sanitydim:garland":1,"minecraft:white_banner":4,"minecraft:apple":20,"minecraft:stone_bricks":4,"minecraft:kelp":7,"minecraft:stone_pickaxe":1,"minecraft:iron_ore":267,"minecraft:cobweb":3,"minecraft:glass_bottle":6,"fallout_inspired_power_armor:damages_fusion_core":2,"minecraft:sweet_berries":51,"minecraft:gravel":20,"minecraft:spruce_sapling":10,"fallout_inspired_power_armor:interior_doorclosed":3,"minecraft:spruce_log":50,"graveyard:moss_block":3,"bunker_down:steel_block_slab":3,"minecraft:oak_wood":1,"minecraft:diamond_shovel":1,"minecraft:stone_axe":1,"minecraft:diamond_axe":2,"minecraft:gray_wool":1,"minecraft:lodestone":1,"minecraft:stripped_dark_oak_log":2,"graveyard:tg_polished_deepslate_slab":3,"hunting_delight:tainted_flesh":8,"minecraft:wheat":5,"minecraft:potion":2,"minecraft:stone_brick_stairs":6,"minecraft:smooth_stone_slab":1,"minecraft:iron_leggings":3,"minecraft:sticky_piston":7,"minecraft:zombie_head":6,"minecraft:oak_sign":6,"minecraft:smooth_stone":9,"minecraft:cobblestone_slab":2,"fallout_inspired_power_armor:rusted_lining":1,"minecraft:smooth_quartz":1,"minecraft:iron_pickaxe":3,"minecraft:furnace":6,"minecraft:iron_boots":2,"minecraft:stick":121,"bunker_down:airlock_iron_trapdoor":3,"minecraft:oak_fence":2,"minecraft:torch":61,"mutantbeasts:mutant_skeleton_shoulder_pad":2,"minecraft:porkchop":5,"undead:blackpetal":12,"minecraft:diorite":50,"minecraft:rotten_flesh":247,"minecraft:obsidian":3,"minecraft:cobblestone":2172,"minecraft:lilac":7,"mutantbeasts:mutant_skeleton_limb":8,"minecraft:andesite":30,"bunker_down:steel_vent":1,"minecraft:potato":11,"minecraft:wither_skeleton_skull":5,"minecraft:dirt":167,"minecraft:leather_boots":2,"minecraft:bone":81,"hunting_delight:horsecorpse":2,"minecraft:bow":1,"fallout_inspired_power_armor:composite":2,"minecraft:wheat_seeds":29,"minecraft:birch_wood":9,"minecraft:mossy_stone_bricks":1,"minecraft:mossy_stone_brick_stairs":1,"minecraft:oak_planks":113,"graveyard:tg_deepslate_tiles":1,"minecraft:jungle_planks":1,"minecraft:sand":26,"minecraft:lily_of_the_valley":11,"minecraft:mossy_cobblestone":4,"travelersbackpack:white_sleeping_bag":5,"minecraft:light_gray_concrete":2,"minecraft:diamond":92,"minecraft:spruce_boat":2,"minecraft:soul_lantern":1,"graveyard:cyan_urn":1,"minecraft:crossbow":1,"mutantbeasts:mutant_skeleton_pelvis":1,"minecraft:golden_apple":1,"minecraft:emerald":8,"minecraft:oak_sapling":127,"minecraft:netherrack":2,"minecraft:charcoal":12,"undead:whitespidereye":3,"minecraft:chicken":6,"minecraft:ladder":3,"fallout_inspired_power_armor:holderchain":1,"minecraft:gold_block":3,"fallout_inspired_power_armor:armored_door_closed":3,"minecraft:shield":4,"minecraft:iron_axe":1,"fallout_inspired_power_armor:pipe_with_valves":2,"minecraft:blackstone":10,"minecraft:blue_orchid":3,"fallout_inspired_power_armor:fusion_core":1,"minecraft:oak_boat":4,"minecraft:sugar_cane":2,"graveyard:moss_carpet":3,"minecraft:dark_oak_sapling":22,"undead:zombiecowmuscle":1,"minecraft:dark_oak_planks":5,"minecraft:arrow":16,"fallout_inspired_power_armor:warped_x_01_boots":1,"minecraft:saddle":1,"graveyard:tg_cobbled_deepslate":5,"minecraft:skeleton_skull":2,"minecraft:basalt":49,"fallout_inspired_power_armor:rusty_fence":2,"minecraft:leather":2,"minecraft:birch_planks":1,"minecraft:yellow_bed":1,"minecraft:nether_wart_block":3,"minecraft:gunpowder":17,"minecraft:cobblestone_stairs":4,"bunker_down:steel_block":28,"botania:black_mystical_flower":1,"minecraft:cooked_mutton":2,"minecraft:iron_ingot":52,"minecraft:music_disc_chirp":1,"minecraft:book":60,"spartanweaponry:scythe_iron":2,"minecraft:stone_brick_slab":12,"minecraft:lava_bucket":1,"hunting_delight:rot":1,"graveyard:tg_deepslate_tile_slab":10,"minecraft:blast_furnace":10,"minecraft:white_bed":7,"minecraft:spruce_door":1,"minecraft:gold_ore":9,"minecraft:mossy_stone_brick_slab":13,"minecraft:green_carpet":1,"minecraft:spider_eye":1,"minecraft:iron_helmet":2,"graveyard:tg_deepslate_brick_slab":8,"graveyard:brown_urn":1,"minecraft:coal":257},"minecraft:crafted":{"minecraft:smooth_stone":6,"spartanweaponry:battleaxe_iron":1,"minecraft:diamond_shovel":1,"minecraft:glass":12,"minecraft:diamond_helmet":1,"minecraft:diamond_leggings":1,"minecraft:glass_bottle":3,"minecraft:diamond_axe":1,"spartanweaponry:halberd_diamond":1,"minecraft:iron_pickaxe":7,"minecraft:gold_ingot":36,"minecraft:stone_pickaxe":2,"minecraft:diamond_boots":1,"minecraft:spruce_boat":2,"minecraft:dark_oak_planks":44,"minecraft:wooden_axe":1,"minecraft:iron_shovel":1,"minecraft:iron_leggings":1,"minecraft:oak_planks":200,"minecraft:dark_oak_boat":2,"minecraft:cobblestone_stairs":8,"minecraft:stone":6,"minecraft:iron_boots":1,"minecraft:chest":22,"minecraft:crafting_table":8,"minecraft:spruce_planks":52,"minecraft:wooden_pickaxe":2,"minecraft:iron_helmet":1,"minecraft:birch_planks":84,"minecraft:iron_chestplate":1,"minecraft:charcoal":6,"minecraft:diamond_pickaxe":1,"minecraft:shield":6,"minecraft:stick":36,"minecraft:iron_ingot":239,"minecraft:stone_sword":1,"minecraft:wooden_sword":1,"spartanweaponry:hammer_diamond":1,"minecraft:furnace":12,"minecraft:blast_furnace":2,"minecraft:oak_trapdoor":8,"minecraft:flint_and_steel":2,"minecraft:iron_axe":1,"spartanweaponry:pole":4,"spartanweaponry:handle":2,"minecraft:bucket":3,"minecraft:air":0,"minecraft:oak_boat":3,"minecraft:white_wool":1,"hunting_delight:cookedhumanmeat":2,"minecraft:torch":104,"minecraft:diamond_chestplate":1},"minecraft:used":{"minecraft:peony":1,"minecraft:spruce_slab":4,"minecraft:poppy":2,"minecraft:ladder":1,"graveyard:tg_cobbled_deepslate_slab":2,"minecraft:chest":19,"spartanweaponry:halberd_diamond":61,"graveyard:moss_carpet":2,"minecraft:rotten_flesh":86,"minecraft:lily_of_the_valley":8,"minecraft:stripped_spruce_log":44,"minecraft:spruce_boat":4,"minecraft:lava_bucket":235,"minecraft:music_disc_chirp":2,"minecraft:stone_brick_stairs":2,"graveyard:tg_deepslate_brick_slab":5,"minecraft:bow":6,"minecraft:dark_oak_boat":8,"minecraft:furnace":14,"minecraft:sweet_berries":46,"minecraft:oak_sapling":2,"minecraft:cooked_cod":1,"minecraft:potato":5,"minecraft:diorite":1,"minecraft:wooden_pickaxe":15,"minecraft:golden_apple":3,"minecraft:sand":1,"minecraft:blast_furnace":8,"graveyard:tg_deepslate_tiles":1,"bunker_down:steel_block":1,"fallout_inspired_power_armor:armored_door_closed":1,"minecraft:zombie_head":3,"graveyard:tg_polished_deepslate_slab":1,"minecraft:lilac":6,"minecraft:diamond_sword":12,"minecraft:wooden_sword":5,"minecraft:dark_oak_fence":1,"minecraft:birch_log":77,"twilightforest:twilight_oak_log":5,"minecraft:oak_boat":4,"minecraft:oak_trapdoor":8,"minecraft:iron_bars":2,"minecraft:stone_sword":14,"spartanweaponry:battleaxe_iron":216,"minecraft:torch":163,"minecraft:anvil":1,"minecraft:iron_axe":106,"minecraft:smooth_quartz":1,"minecraft:basalt":5,"minecraft:beef":3,"spartanweaponry:illager_head":2,"minecraft:wheat_seeds":2,"minecraft:water_bucket":14,"minecraft:birch_planks":2,"minecraft:mossy_cobblestone":2,"minecraft:tnt":1,"minecraft:crafting_table":19,"minecraft:white_bed":7,"minecraft:spruce_log":50,"minecraft:oak_log":232,"minecraft:diamond_pickaxe":1435,"minecraft:diamond_shovel":4,"minecraft:iron_pickaxe":1868,"travelersbackpack:white_sleeping_bag":5,"minecraft:green_carpet":1,"minecraft:cobblestone":868,"minecraft:potion":14,"minecraft:porkchop":1,"minecraft:iron_shovel":56,"minecraft:shield":224,"minecraft:jungle_planks":1,"minecraft:carrot":3,"graveyard:tg_deepslate_tile_stairs":3,"minecraft:gray_concrete_powder":1,"minecraft:redstone_lamp":1,"minecraft:brown_carpet":2,"minecraft:written_book":1,"spartanweaponry:rapier_iron":18,"minecraft:stone_pickaxe":133,"minecraft:oak_planks":25,"minecraft:birch_wood":79,"minecraft:diamond_axe":173,"minecraft:sugar_cane":2,"minecraft:crossbow":2,"minecraft:dark_oak_log":133,"minecraft:light_gray_concrete":1,"minecraft:bread":12,"minecraft:gravel":2,"spartanweaponry:greatsword_steel":1,"bunker_down:airlock_iron_trapdoor":1,"minecraft:andesite":3,"minecraft:smooth_stone_slab":1,"minecraft:coarse_dirt":2,"spartanweaponry:scythe_iron":265,"minecraft:cobweb":3,"hunting_delight:horsecorpse":1,"minecraft:oak_fence":1,"fallout_inspired_power_armor:cement":1,"minecraft:flint_and_steel":95,"minecraft:spruce_planks":20,"minecraft:oak_door":1,"minecraft:dirt":113,"fallout_inspired_power_armor:rusted_lining":1,"minecraft:granite":10,"fallout_inspired_power_armor:rusty_fence":1,"minecraft:wooden_axe":21,"minecraft:dark_oak_planks":3,"minecraft:oak_stairs":1,"minecraft:golden_carrot":27,"hunting_delight:tainted_flesh":1,"minecraft:cooked_beef":1,"minecraft:light_gray_bed":6,"minecraft:cobblestone_stairs":8,"minecraft:glass_bottle":22,"minecraft:stripped_dark_oak_log":2,"hunting_delight:humanmeat":21,"spartanweaponry:greatsword_diamond":32,"minecraft:piston":1,"minecraft:apple":15,"fallout_inspired_power_armor:holderchain":1,"minecraft:stone_axe":25,"spartanweaponry:longsword_iron":79,"minecraft:white_banner":1,"minecraft:bucket":252,"minecraft:yellow_bed":1,"spartanweaponry:hammer_diamond":70},"minecraft:broken":{"minecraft:iron_boots":1,"minecraft:iron_chestplate":2,"minecraft:iron_leggings":1,"minecraft:shield":1,"minecraft:iron_axe":1,"minecraft:iron_pickaxe":5,"sanitydim:garland":1,"minecraft:stone_pickaxe":1,"minecraft:stone_axe":2,"minecraft:wooden_axe":1,"minecraft:flint_and_steel":1}},"DataVersion":2586}