{"stats":{"minecraft:killed_by":{"minecraft:player":3},"minecraft:picked_up":{"minecraft:charcoal":10,"minecraft:crafting_table":11,"minecraft:iron_chestplate":1,"minecraft:shield":1,"minecraft:smooth_stone":9,"minecraft:poppy":8,"minecraft:chest":1,"minecraft:birch_sapling":9,"minecraft:furnace":6,"minecraft:stick":43,"bunker_down:airlock_iron_trapdoor":1,"minecraft:oak_door":2,"hunting_delight:humanmeat":2,"minecraft:torch":20,"minecraft:diorite":5,"minecraft:carrot":2,"minecraft:stone_sword":1,"minecraft:arrow":4,"minecraft:light_gray_bed":3,"minecraft:rotten_flesh":3,"minecraft:iron_bars":2,"minecraft:skeleton_skull":1,"minecraft:cobblestone":330,"minecraft:birch_log":37,"minecraft:lilac":6,"minecraft:andesite":1,"minecraft:oak_log":114,"toughasnails:purified_water_bottle":1,"sanitydim:garland":1,"minecraft:dirt":6,"bunker_down:steel_block":6,"minecraft:bone":3,"minecraft:apple":11,"minecraft:iron_ingot":4,"minecraft:iron_ore":51,"minecraft:glass_bottle":2,"minecraft:oak_planks":28,"spartanweaponry:scythe_iron":1,"minecraft:gravel":1,"minecraft:sand":23,"minecraft:blast_furnace":8,"minecraft:lily_of_the_valley":8,"minecraft:gold_ore":9,"minecraft:light_gray_concrete":1,"toughasnails:water_purifier":2,"minecraft:granite":2,"minecraft:golden_apple":1,"minecraft:oak_sapling":73,"minecraft:coal":176},"minecraft:mined":{"minecraft:granite":2,"minecraft:grass_block":1,"minecraft:light_gray_bed":3,"minecraft:spawner":1,"minecraft:smooth_stone":9,"minecraft:furnace":6,"minecraft:iron_ore":51,"minecraft:andesite":1,"minecraft:iron_bars":1,"minecraft:light_gray_concrete":1,"bunker_down:steel_block":6,"minecraft:stone":285,"minecraft:lily_of_the_valley":9,"toughasnails:water_purifier":2,"minecraft:crafting_table":10,"minecraft:torch":13,"minecraft:blast_furnace":7,"minecraft:poppy":6,"minecraft:cobblestone":33,"minecraft:diorite":4,"minecraft:wall_torch":7,"minecraft:skeleton_skull":1,"minecraft:birch_log":38,"minecraft:lilac":7,"minecraft:birch_leaves":2,"minecraft:grass":2,"minecraft:oak_log":114,"minecraft:coal_ore":54,"minecraft:sand":24,"minecraft:dirt":5,"minecraft:gold_ore":9,"minecraft:oak_leaves":18},"minecraft:used":{"minecraft:iron_bars":2,"minecraft:stone_sword":14,"minecraft:iron_shovel":24,"toughasnails:water_purifier":1,"minecraft:chest":1,"minecraft:shield":5,"minecraft:rotten_flesh":1,"minecraft:torch":29,"minecraft:dirt":6,"minecraft:carrot":2,"minecraft:wooden_axe":21,"minecraft:iron_axe":47,"minecraft:furnace":3,"minecraft:oak_sapling":1,"minecraft:light_gray_bed":2,"minecraft:water_bucket":2,"minecraft:diorite":1,"minecraft:glass_bottle":5,"minecraft:stone_pickaxe":131,"minecraft:wooden_pickaxe":13,"minecraft:crafting_table":9,"minecraft:blast_furnace":7,"minecraft:oak_log":105,"minecraft:apple":8,"minecraft:light_gray_concrete":1,"minecraft:iron_pickaxe":340,"minecraft:lilac":6,"minecraft:cobblestone":133,"minecraft:potion":5,"toughasnails:purified_water_bottle":6,"minecraft:birch_log":38,"minecraft:bucket":3,"alexsmobs:animal_dictionary":1,"spartanweaponry:scythe_iron":39},"minecraft:crafted":{"minecraft:oak_planks":124,"minecraft:smooth_stone":6,"minecraft:furnace":2,"minecraft:blast_furnace":2,"minecraft:stone":6,"minecraft:glass":12,"minecraft:iron_boots":1,"minecraft:iron_axe":1,"minecraft:stone_pickaxe":1,"minecraft:chest":2,"minecraft:glass_bottle":3,"minecraft:crafting_table":1,"minecraft:wooden_pickaxe":1,"minecraft:iron_helmet":1,"minecraft:bucket":1,"minecraft:air":0,"minecraft:iron_chestplate":1,"minecraft:charcoal":6,"toughasnails:water_purifier":1,"minecraft:shield":1,"minecraft:stick":4,"minecraft:iron_ingot":48,"minecraft:iron_pickaxe":2,"minecraft:wooden_axe":1,"minecraft:stone_sword":1,"minecraft:iron_shovel":1,"minecraft:iron_leggings":1,"hunting_delight:cookedhumanmeat":1,"minecraft:torch":16},"minecraft:broken":{"sanitydim:garland":1,"minecraft:stone_pickaxe":1,"minecraft:iron_pickaxe":1,"minecraft:wooden_axe":1},"minecraft:custom":{"minecraft:mob_kills":9,"minecraft:interact_with_crafting_table":41,"minecraft:leave_game":2,"minecraft:time_since_death":18467,"minecraft:climb_one_cm":29814,"minecraft:sprint_one_cm":96495,"minecraft:walk_one_cm":197066,"minecraft:damage_blocked_by_shield":270,"minecraft:drop":36,"minecraft:deaths":3,"minecraft:sneak_time":3910,"minecraft:walk_under_water_one_cm":1568,"minecraft:jump":604,"minecraft:interact_with_blast_furnace":29,"minecraft:walk_on_water_one_cm":3849,"minecraft:interact_with_furnace":48,"minecraft:play_one_minute":66719,"minecraft:sleep_in_bed":2,"minecraft:time_since_rest":18495,"minecraft:damage_taken":1092,"minecraft:damage_dealt":6210,"minecraft:fly_one_cm":34037,"minecraft:open_chest":62,"minecraft:crouch_one_cm":8939,"minecraft:fall_one_cm":10986},"minecraft:killed":{"sanitydim:rotting_stalker":1,"minecraft:skeleton":2,"undead:themoonflower":1,"minecraft:zombie":3,"undead:thestone":2},"minecraft:dropped":{"minecraft:glass_bottle":4,"minecraft:granite":2,"minecraft:coal":8,"hunting_delight:cookedhumanmeat":1,"minecraft:diorite":3,"minecraft:sand":6,"minecraft:bucket":1,"minecraft:bone":2,"minecraft:oak_door":2,"minecraft:stone_sword":1,"minecraft:rotten_flesh":1,"minecraft:andesite":1,"minecraft:chest":1,"bunker_down:airlock_iron_trapdoor":1,"minecraft:arrow":4}},"DataVersion":2586}