{"stats":{"minecraft:killed_by":{"minecraft:evoker":3,"minecraft:creeper":1,"minecraft:ravager":5,"sanitydim:rotting_stalker":2,"fallout_inspired_power_armor:centuar":1,"minecraft:vindicator":1,"undead:sucker":2,"undead:theheavy":2,"minecraft:witch":3,"mutantbeasts:mutant_creeper":1,"minecraft:zombie":1,"undead:thebladedancer":1,"minecraft:vex":5,"minecraft:player":7,"mutantbeasts:mutant_skeleton":3,"alexsmobs:centipede_head":1,"undead:themoonflower":2},"minecraft:picked_up":{"hunting_delight:tainted_flesh":8,"minecraft:iron_chestplate":2,"minecraft:wheat":2,"minecraft:anvil":2,"minecraft:oak_stairs":1,"minecraft:potion":2,"minecraft:string":7,"minecraft:iron_leggings":1,"minecraft:sticky_piston":7,"minecraft:zombie_head":5,"hunting_delight:sheepcorpse":2,"minecraft:smooth_stone":9,"minecraft:iron_pickaxe":2,"alexsmobs:raccoon_tail":1,"minecraft:furnace":6,"minecraft:iron_boots":1,"minecraft:stick":69,"bunker_down:airlock_iron_trapdoor":1,"minecraft:oak_fence":1,"minecraft:torch":34,"minecraft:porkchop":3,"mutantbeasts:mutant_skeleton_shoulder_pad":2,"undead:blackpetal":9,"minecraft:diorite":50,"minecraft:stone_sword":1,"minecraft:light_gray_bed":7,"minecraft:rotten_flesh":121,"minecraft:iron_bars":2,"minecraft:cobblestone":1309,"minecraft:birch_log":44,"mutantbeasts:mutant_skeleton_skull":1,"minecraft:magma_block":1,"minecraft:feather":1,"minecraft:lilac":6,"mutantbeasts:mutant_skeleton_limb":8,"minecraft:andesite":15,"bunker_down:steel_vent":1,"minecraft:flint":3,"minecraft:dirt":76,"minecraft:lantern":1,"minecraft:bone":33,"hunting_delight:horsecorpse":2,"minecraft:wheat_seeds":7,"minecraft:glowstone_dust":3,"minecraft:oak_planks":99,"spartanweaponry:witch_head":1,"minecraft:sand":24,"minecraft:lily_of_the_valley":8,"minecraft:dark_oak_log":246,"minecraft:mossy_cobblestone":1,"minecraft:light_gray_concrete":1,"minecraft:diamond":5,"minecraft:lever":1,"minecraft:crossbow":1,"mutantbeasts:mutant_skeleton_pelvis":1,"minecraft:granite":23,"minecraft:golden_apple":1,"minecraft:emerald":3,"minecraft:bread":3,"minecraft:netherrack":2,"minecraft:oak_sapling":97,"minecraft:bricks":2,"minecraft:charcoal":12,"minecraft:crafting_table":14,"undead:whitespidereye":3,"minecraft:ladder":3,"fallout_inspired_power_armor:armored_door_closed":1,"minecraft:shield":2,"minecraft:flint_and_steel":1,"minecraft:iron_axe":1,"minecraft:iron_shovel":1,"minecraft:blackstone":10,"minecraft:oak_boat":2,"minecraft:poppy":10,"minecraft:chest":5,"minecraft:birch_sapling":13,"minecraft:piston":1,"minecraft:dark_oak_sapling":22,"undead:zombiecowmuscle":1,"minecraft:oak_door":2,"hunting_delight:humanmeat":57,"minecraft:carrot":2,"minecraft:redstone":4,"minecraft:arrow":4,"spartanweaponry:illager_head":4,"minecraft:peony":3,"mutantbeasts:mutant_skeleton_rib":6,"minecraft:saddle":1,"minecraft:skeleton_skull":1,"minecraft:white_wool":1,"minecraft:basalt":46,"graveyard:tg_chiseled_deepslate":1,"minecraft:oak_log":157,"minecraft:gunpowder":2,"sanitydim:garland":1,"minecraft:white_banner":4,"bunker_down:steel_block":23,"botania:black_mystical_flower":1,"minecraft:cooked_mutton":2,"minecraft:apple":15,"minecraft:kelp":7,"alexsmobs:cockroach_wing_fragment":1,"minecraft:iron_ingot":7,"minecraft:iron_ore":64,"minecraft:glass_bottle":6,"fallout_inspired_power_armor:damages_fusion_core":2,"spartanweaponry:scythe_iron":2,"minecraft:sweet_berries":25,"minecraft:lava_bucket":1,"minecraft:gravel":8,"hunting_delight:rot":1,"minecraft:blast_furnace":10,"minecraft:spruce_sapling":1,"minecraft:white_bed":7,"minecraft:spruce_log":4,"minecraft:gold_ore":9,"minecraft:green_carpet":1,"minecraft:spider_eye":1,"bunker_down:steel_block_slab":3,"minecraft:stone_axe":1,"minecraft:iron_helmet":1,"minecraft:gray_wool":1,"minecraft:coal":176,"graveyard:tg_polished_deepslate_slab":1},"minecraft:broken":{"minecraft:iron_boots":1,"minecraft:iron_chestplate":1,"minecraft:iron_leggings":1,"sanitydim:garland":1,"minecraft:stone_pickaxe":1,"minecraft:stone_axe":1,"minecraft:wooden_axe":1,"minecraft:flint_and_steel":1,"minecraft:iron_axe":1,"minecraft:iron_pickaxe":5},"minecraft:dropped":{"minecraft:porkchop":3,"spartanweaponry:greatsword_diamond":1,"minecraft:glass_bottle":5,"botania:black_mystical_flower":1,"hunting_delight:humanmeat":33,"minecraft:lantern":1,"minecraft:dirt":3,"hunting_delight:tainted_flesh":8,"minecraft:wooden_sword":1,"minecraft:sand":6,"minecraft:iron_pickaxe":4,"hunting_delight:sheepcorpse":1,"alexsmobs:raccoon_tail":1,"minecraft:bone":9,"undead:whitespidereye":2,"minecraft:oak_door":2,"graveyard:tg_chiseled_deepslate":1,"minecraft:blackstone":6,"minecraft:wheat":2,"minecraft:rotten_flesh":64,"minecraft:oak_planks":5,"undead:blackpetal":1,"minecraft:cooked_mutton":2,"fallout_inspired_power_armor:damages_fusion_core":1,"minecraft:gunpowder":1,"minecraft:chest":1,"minecraft:ladder":2,"bunker_down:airlock_iron_trapdoor":1,"minecraft:basalt":41,"minecraft:arrow":6,"spartanweaponry:illager_head":1,"minecraft:netherrack":2,"k-turrets:raw_titanium":9,"minecraft:iron_ingot":5,"minecraft:bread":4,"minecraft:wheat_seeds":3,"minecraft:feather":1,"minecraft:iron_helmet":1,"minecraft:cobblestone":1,"minecraft:book":3,"minecraft:apple":3,"minecraft:granite":2,"mutantbeasts:mutant_skeleton_skull":1,"spartanweaponry:greatsword_steel":1,"travelersbackpack:wolf":1,"minecraft:coal":8,"minecraft:golden_apple":1,"minecraft:stick":6,"minecraft:oxeye_daisy":1,"minecraft:lava_bucket":1,"fallout_inspired_power_armor:gauss_rifle":1,"minecraft:gray_wool":1,"hunting_delight:horsecorpse":2,"hunting_delight:cookedhumanmeat":2,"minecraft:diorite":3,"minecraft:golden_carrot":1,"minecraft:zombie_head":2,"minecraft:potion":1,"minecraft:iron_leggings":2,"minecraft:oak_stairs":1,"minecraft:iron_axe":1,"minecraft:iron_shovel":1,"minecraft:string":2,"minecraft:bucket":1,"minecraft:kelp":7,"minecraft:sweet_berries":14,"spartanweaponry:scythe_iron":1,"minecraft:stone_sword":1,"minecraft:iron_boots":1,"minecraft:flint_and_steel":1,"undead:zombiecowmuscle":1,"minecraft:shield":1,"alexsmobs:cockroach_wing_fragment":1,"minecraft:peony":2,"minecraft:iron_chestplate":2,"minecraft:andesite":1,"minecraft:oak_boat":1,"minecraft:spider_eye":1,"minecraft:spruce_log":1,"minecraft:stone_pickaxe":1,"minecraft:wooden_pickaxe":1,"minecraft:magma_block":1},"minecraft:mined":{"minecraft:white_bed":7,"hunting_delight:sheepcorpse":2,"minecraft:granite":29,"minecraft:grass_block":28,"graveyard:tg_polished_deepslate_slab":3,"minecraft:light_gray_bed":6,"minecraft:spawner":1,"minecraft:smooth_stone":9,"minecraft:magma_block":1,"minecraft:iron_ore":64,"minecraft:sticky_piston":12,"minecraft:fire":16,"minecraft:anvil":2,"minecraft:oak_stairs":1,"minecraft:iron_bars":1,"minecraft:light_gray_concrete":8,"minecraft:green_carpet":2,"minecraft:blackstone":10,"minecraft:kelp_plant":1,"minecraft:torch":18,"minecraft:blast_furnace":9,"minecraft:poppy":6,"minecraft:chest":5,"minecraft:cobblestone":447,"minecraft:oak_planks":18,"minecraft:bricks":2,"minecraft:wall_torch":11,"botania:black_mystical_flower":1,"minecraft:skeleton_skull":1,"minecraft:repeater":1,"minecraft:birch_log":45,"minecraft:lilac":7,"minecraft:grass":30,"minecraft:oak_log":162,"minecraft:sand":24,"minecraft:dirt":50,"minecraft:netherrack":1,"minecraft:piston":2,"minecraft:oak_leaves":31,"minecraft:diamond_ore":5,"minecraft:mossy_cobblestone":1,"minecraft:dark_oak_log":137,"minecraft:lever":1,"minecraft:ladder":2,"minecraft:redstone_wire":2,"minecraft:kelp":1,"minecraft:large_fern":2,"minecraft:furnace":6,"minecraft:andesite":15,"bunker_down:steel_vent":11,"minecraft:peony":1,"minecraft:vine":1,"graveyard:tg_cobbled_deepslate_slab":4,"bunker_down:steel_block":36,"minecraft:stone":874,"graveyard:tg_chiseled_deepslate":2,"minecraft:lily_of_the_valley":9,"toughasnails:water_purifier":3,"minecraft:basalt":46,"minecraft:dandelion":1,"minecraft:oak_fence":1,"minecraft:crafting_table":15,"minecraft:tall_grass":3,"minecraft:diorite":54,"hunting_delight:horsecorpse":2,"minecraft:birch_planks":1,"minecraft:redstone_torch":1,"minecraft:sweet_berry_bush":14,"minecraft:spruce_log":3,"minecraft:birch_leaves":2,"minecraft:grass_path":1,"minecraft:coal_ore":54,"minecraft:zombie_head":1,"minecraft:gravel":7,"minecraft:cobweb":4,"minecraft:gold_ore":9,"minecraft:fern":1},"minecraft:crafted":{"minecraft:oak_planks":180,"minecraft:smooth_stone":6,"spartanweaponry:battleaxe_iron":1,"minecraft:stone":6,"minecraft:cobblestone_stairs":8,"minecraft:glass":12,"minecraft:iron_boots":1,"minecraft:chest":20,"minecraft:glass_bottle":3,"minecraft:crafting_table":2,"minecraft:wooden_pickaxe":2,"minecraft:iron_helmet":1,"minecraft:birch_planks":84,"minecraft:iron_chestplate":1,"minecraft:charcoal":6,"minecraft:shield":2,"minecraft:stick":12,"minecraft:iron_pickaxe":7,"minecraft:iron_ingot":63,"minecraft:stone_sword":1,"minecraft:wooden_sword":1,"minecraft:furnace":3,"minecraft:blast_furnace":2,"minecraft:oak_trapdoor":8,"minecraft:flint_and_steel":2,"minecraft:iron_axe":1,"minecraft:stone_pickaxe":2,"spartanweaponry:handle":1,"minecraft:bucket":1,"minecraft:air":0,"minecraft:oak_boat":1,"minecraft:wooden_axe":1,"minecraft:iron_shovel":1,"minecraft:iron_leggings":1,"hunting_delight:cookedhumanmeat":2,"minecraft:torch":28},"minecraft:used":{"minecraft:peony":1,"minecraft:iron_shovel":56,"minecraft:ladder":1,"minecraft:poppy":2,"minecraft:chest":16,"minecraft:shield":100,"minecraft:rotten_flesh":44,"minecraft:lily_of_the_valley":8,"minecraft:carrot":2,"minecraft:lava_bucket":235,"minecraft:sweet_berries":18,"minecraft:oak_sapling":1,"minecraft:furnace":5,"minecraft:cooked_cod":1,"minecraft:diorite":1,"spartanweaponry:rapier_iron":18,"minecraft:stone_pickaxe":133,"minecraft:oak_planks":20,"minecraft:wooden_pickaxe":15,"minecraft:sand":1,"minecraft:blast_furnace":8,"minecraft:crossbow":2,"bunker_down:steel_block":1,"minecraft:dark_oak_log":130,"fallout_inspired_power_armor:armored_door_closed":1,"minecraft:zombie_head":3,"minecraft:light_gray_concrete":1,"minecraft:bread":10,"minecraft:gravel":2,"minecraft:lilac":6,"spartanweaponry:greatsword_steel":1,"minecraft:wooden_sword":5,"minecraft:birch_log":45,"minecraft:oak_boat":1,"spartanweaponry:scythe_iron":171,"hunting_delight:horsecorpse":1,"minecraft:oak_trapdoor":8,"minecraft:iron_bars":2,"minecraft:stone_sword":14,"minecraft:flint_and_steel":82,"spartanweaponry:battleaxe_iron":216,"minecraft:torch":59,"minecraft:dirt":32,"minecraft:anvil":1,"minecraft:granite":5,"minecraft:wooden_axe":21,"minecraft:iron_axe":106,"minecraft:basalt":5,"hunting_delight:tainted_flesh":1,"minecraft:golden_carrot":8,"minecraft:light_gray_bed":6,"spartanweaponry:illager_head":2,"minecraft:water_bucket":11,"minecraft:cobblestone_stairs":8,"minecraft:birch_planks":1,"minecraft:glass_bottle":22,"minecraft:mossy_cobblestone":1,"minecraft:crafting_table":13,"hunting_delight:humanmeat":21,"minecraft:white_bed":7,"spartanweaponry:greatsword_diamond":8,"minecraft:spruce_log":3,"minecraft:oak_log":155,"minecraft:piston":1,"minecraft:apple":11,"minecraft:iron_pickaxe":1632,"minecraft:stone_axe":15,"minecraft:green_carpet":1,"minecraft:potion":14,"minecraft:cobblestone":663,"spartanweaponry:longsword_iron":79,"minecraft:white_banner":1,"minecraft:bucket":248,"alexsmobs:animal_dictionary":2},"minecraft:killed":{"minecraft:witch":2,"minecraft:spider":1,"undead:theheavy":1,"undead:thepregnant":1,"minecraft:skeleton":5,"alexsmobs:centipede_head":1,"minecraft:pig":1,"undead:thesnatcher":2,"minecraft:creeper":2,"minecraft:pillager":4,"minecraft:zombie":22,"minecraft:evoker":1,"undead:sucker":2,"alexsmobs:raccoon":3,"minecraft:vindicator":2,"sanitydim:rotting_stalker":1,"undead:themoonflower":23,"mutantbeasts:mutant_skeleton":1,"undead:thestone":2},"minecraft:custom":{"minecraft:interact_with_crafting_table":68,"minecraft:bell_ring":14,"minecraft:leave_game":9,"minecraft:time_since_death":4156,"minecraft:sprint_one_cm":480569,"minecraft:damage_blocked_by_shield":3590,"minecraft:drop":161,"minecraft:deaths":49,"minecraft:jump":5468,"minecraft:walk_on_water_one_cm":66885,"minecraft:interact_with_furnace":57,"minecraft:play_one_minute":327576,"minecraft:sleep_in_bed":19,"minecraft:damage_dealt":26379,"minecraft:player_kills":3,"minecraft:crouch_one_cm":74453,"minecraft:horse_one_cm":13294,"minecraft:mob_kills":85,"minecraft:interact_with_anvil":3,"minecraft:damage_dealt_resisted":375,"minecraft:climb_one_cm":41276,"minecraft:walk_one_cm":901879,"minecraft:raid_win":1,"minecraft:sneak_time":26468,"minecraft:walk_under_water_one_cm":14993,"minecraft:boat_one_cm":39231,"minecraft:interact_with_blast_furnace":43,"minecraft:time_since_rest":4183,"minecraft:damage_taken":15965,"minecraft:swim_one_cm":41592,"minecraft:fly_one_cm":781586,"minecraft:open_chest":267,"minecraft:fall_one_cm":166308}},"DataVersion":2586}