{"stats":{"minecraft:killed_by":{"sanitydim:rotting_stalker":2,"undead:theheavy":2,"mutantbeasts:mutant_creeper":1,"undead:thebladedancer":1,"minecraft:player":5,"mutantbeasts:mutant_skeleton":3,"alexsmobs:centipede_head":1,"undead:themoonflower":2},"minecraft:picked_up":{"minecraft:iron_chestplate":2,"minecraft:anvil":2,"minecraft:oak_stairs":1,"minecraft:potion":1,"minecraft:string":7,"minecraft:iron_leggings":1,"minecraft:sticky_piston":7,"minecraft:zombie_head":5,"hunting_delight:sheepcorpse":2,"minecraft:smooth_stone":9,"minecraft:iron_pickaxe":1,"alexsmobs:raccoon_tail":1,"minecraft:furnace":6,"minecraft:iron_boots":1,"bunker_down:airlock_iron_trapdoor":1,"minecraft:stick":56,"minecraft:oak_fence":1,"minecraft:torch":34,"mutantbeasts:mutant_skeleton_shoulder_pad":2,"undead:blackpetal":9,"minecraft:diorite":50,"minecraft:stone_sword":1,"minecraft:light_gray_bed":7,"minecraft:rotten_flesh":94,"minecraft:iron_bars":2,"minecraft:cobblestone":1042,"minecraft:birch_log":44,"minecraft:magma_block":1,"mutantbeasts:mutant_skeleton_skull":1,"minecraft:feather":1,"minecraft:lilac":6,"mutantbeasts:mutant_skeleton_limb":8,"minecraft:andesite":15,"bunker_down:steel_vent":1,"minecraft:flint":3,"minecraft:dirt":64,"minecraft:lantern":1,"minecraft:bone":30,"minecraft:wheat_seeds":6,"minecraft:oak_planks":98,"minecraft:sand":23,"minecraft:lily_of_the_valley":8,"minecraft:mossy_cobblestone":1,"minecraft:light_gray_concrete":1,"minecraft:diamond":5,"minecraft:lever":1,"mutantbeasts:mutant_skeleton_pelvis":1,"minecraft:crossbow":1,"minecraft:granite":23,"minecraft:golden_apple":1,"minecraft:bread":3,"minecraft:oak_sapling":97,"minecraft:netherrack":2,"minecraft:bricks":2,"minecraft:charcoal":12,"minecraft:crafting_table":14,"undead:whitespidereye":3,"minecraft:ladder":3,"fallout_inspired_power_armor:armored_door_closed":1,"minecraft:shield":2,"minecraft:iron_axe":1,"minecraft:flint_and_steel":1,"minecraft:iron_shovel":1,"minecraft:blackstone":10,"minecraft:oak_boat":2,"minecraft:poppy":8,"minecraft:chest":5,"minecraft:birch_sapling":13,"minecraft:piston":1,"minecraft:oak_door":2,"hunting_delight:humanmeat":24,"minecraft:carrot":2,"minecraft:arrow":4,"mutantbeasts:mutant_skeleton_rib":6,"minecraft:peony":3,"minecraft:skeleton_skull":1,"minecraft:white_wool":1,"minecraft:basalt":46,"graveyard:tg_chiseled_deepslate":1,"minecraft:oak_log":157,"minecraft:gunpowder":2,"sanitydim:garland":1,"minecraft:white_banner":1,"bunker_down:steel_block":23,"botania:black_mystical_flower":1,"minecraft:cooked_mutton":2,"minecraft:apple":15,"alexsmobs:cockroach_wing_fragment":1,"minecraft:iron_ingot":4,"minecraft:iron_ore":64,"minecraft:glass_bottle":4,"spartanweaponry:scythe_iron":2,"minecraft:gravel":8,"minecraft:blast_furnace":9,"minecraft:white_bed":2,"minecraft:gold_ore":9,"minecraft:green_carpet":1,"minecraft:spider_eye":1,"bunker_down:steel_block_slab":3,"minecraft:iron_helmet":1,"minecraft:gray_wool":1,"minecraft:coal":176,"graveyard:tg_polished_deepslate_slab":1},"minecraft:broken":{"sanitydim:garland":1,"minecraft:stone_pickaxe":1,"minecraft:wooden_axe":1,"minecraft:iron_pickaxe":4},"minecraft:dropped":{"minecraft:glass_bottle":4,"botania:black_mystical_flower":1,"hunting_delight:humanmeat":15,"minecraft:lantern":1,"minecraft:dirt":3,"minecraft:wooden_sword":1,"minecraft:sand":6,"minecraft:iron_pickaxe":2,"hunting_delight:sheepcorpse":1,"alexsmobs:raccoon_tail":1,"minecraft:bone":6,"undead:whitespidereye":2,"minecraft:oak_door":2,"graveyard:tg_chiseled_deepslate":1,"minecraft:blackstone":6,"minecraft:rotten_flesh":7,"minecraft:oak_planks":3,"undead:blackpetal":1,"minecraft:gunpowder":1,"minecraft:ladder":2,"minecraft:chest":1,"bunker_down:airlock_iron_trapdoor":1,"minecraft:basalt":41,"minecraft:arrow":6,"minecraft:netherrack":2,"minecraft:iron_ingot":5,"minecraft:bread":3,"minecraft:wheat_seeds":3,"minecraft:feather":1,"minecraft:iron_helmet":1,"minecraft:cobblestone":1,"minecraft:apple":3,"minecraft:granite":2,"minecraft:coal":8,"minecraft:stick":6,"minecraft:gray_wool":1,"hunting_delight:cookedhumanmeat":2,"minecraft:diorite":3,"minecraft:zombie_head":2,"minecraft:potion":1,"minecraft:iron_leggings":1,"minecraft:oak_stairs":1,"minecraft:iron_axe":1,"minecraft:iron_shovel":1,"minecraft:string":1,"minecraft:bucket":1,"spartanweaponry:scythe_iron":1,"minecraft:stone_sword":1,"minecraft:iron_boots":1,"minecraft:flint_and_steel":1,"minecraft:shield":1,"alexsmobs:cockroach_wing_fragment":1,"minecraft:peony":2,"minecraft:iron_chestplate":1,"minecraft:andesite":1,"minecraft:oak_boat":1,"minecraft:spider_eye":1,"minecraft:stone_pickaxe":1,"minecraft:wooden_pickaxe":1,"minecraft:magma_block":1},"minecraft:mined":{"minecraft:white_bed":2,"hunting_delight:sheepcorpse":2,"minecraft:granite":29,"minecraft:grass_block":18,"graveyard:tg_polished_deepslate_slab":3,"minecraft:light_gray_bed":6,"minecraft:spawner":1,"minecraft:smooth_stone":9,"minecraft:magma_block":1,"minecraft:iron_ore":64,"minecraft:sticky_piston":12,"minecraft:fire":16,"minecraft:anvil":2,"minecraft:oak_stairs":1,"minecraft:iron_bars":1,"minecraft:light_gray_concrete":8,"minecraft:green_carpet":2,"minecraft:blackstone":10,"minecraft:torch":18,"minecraft:blast_furnace":8,"minecraft:poppy":6,"minecraft:chest":5,"minecraft:cobblestone":224,"minecraft:oak_planks":18,"minecraft:bricks":2,"minecraft:wall_torch":11,"botania:black_mystical_flower":1,"minecraft:skeleton_skull":1,"minecraft:repeater":1,"minecraft:birch_log":45,"minecraft:lilac":7,"minecraft:grass":24,"minecraft:oak_log":162,"minecraft:sand":24,"minecraft:dirt":50,"minecraft:netherrack":1,"minecraft:oak_leaves":31,"minecraft:piston":2,"minecraft:diamond_ore":5,"minecraft:mossy_cobblestone":1,"minecraft:lever":1,"minecraft:ladder":2,"minecraft:redstone_wire":2,"minecraft:furnace":6,"minecraft:andesite":15,"bunker_down:steel_vent":11,"minecraft:peony":1,"minecraft:vine":1,"graveyard:tg_cobbled_deepslate_slab":4,"bunker_down:steel_block":36,"minecraft:stone":825,"graveyard:tg_chiseled_deepslate":2,"minecraft:lily_of_the_valley":9,"toughasnails:water_purifier":3,"minecraft:basalt":46,"minecraft:oak_fence":1,"minecraft:crafting_table":15,"minecraft:tall_grass":2,"minecraft:diorite":54,"minecraft:birch_planks":1,"minecraft:redstone_torch":1,"minecraft:birch_leaves":2,"minecraft:grass_path":1,"minecraft:coal_ore":54,"minecraft:zombie_head":1,"minecraft:gravel":7,"minecraft:cobweb":4,"minecraft:gold_ore":9,"minecraft:fern":1},"minecraft:crafted":{"minecraft:oak_planks":180,"minecraft:smooth_stone":6,"spartanweaponry:battleaxe_iron":1,"minecraft:stone":6,"minecraft:cobblestone_stairs":8,"minecraft:glass":12,"minecraft:iron_boots":1,"minecraft:chest":20,"minecraft:glass_bottle":3,"minecraft:crafting_table":2,"minecraft:wooden_pickaxe":2,"minecraft:iron_helmet":1,"minecraft:birch_planks":84,"minecraft:iron_chestplate":1,"minecraft:charcoal":6,"minecraft:shield":2,"minecraft:stick":12,"minecraft:iron_pickaxe":7,"minecraft:iron_ingot":60,"minecraft:stone_sword":1,"minecraft:wooden_sword":1,"minecraft:furnace":3,"minecraft:blast_furnace":2,"minecraft:oak_trapdoor":8,"minecraft:flint_and_steel":1,"minecraft:iron_axe":1,"minecraft:stone_pickaxe":2,"spartanweaponry:handle":1,"minecraft:bucket":1,"minecraft:air":0,"minecraft:oak_boat":1,"minecraft:wooden_axe":1,"minecraft:iron_shovel":1,"minecraft:iron_leggings":1,"hunting_delight:cookedhumanmeat":2,"minecraft:torch":28},"minecraft:used":{"minecraft:peony":1,"minecraft:iron_shovel":56,"minecraft:ladder":1,"minecraft:chest":16,"minecraft:shield":49,"minecraft:rotten_flesh":16,"minecraft:lily_of_the_valley":8,"minecraft:carrot":2,"minecraft:lava_bucket":235,"minecraft:furnace":5,"minecraft:oak_sapling":1,"minecraft:diorite":1,"spartanweaponry:rapier_iron":18,"minecraft:stone_pickaxe":133,"minecraft:oak_planks":20,"minecraft:wooden_pickaxe":15,"minecraft:blast_furnace":8,"bunker_down:steel_block":1,"fallout_inspired_power_armor:armored_door_closed":1,"minecraft:light_gray_concrete":1,"minecraft:zombie_head":3,"minecraft:bread":10,"minecraft:gravel":2,"minecraft:lilac":6,"minecraft:wooden_sword":5,"minecraft:birch_log":45,"minecraft:oak_boat":1,"spartanweaponry:scythe_iron":171,"minecraft:oak_trapdoor":8,"minecraft:iron_bars":2,"minecraft:stone_sword":14,"minecraft:flint_and_steel":16,"minecraft:torch":59,"minecraft:dirt":26,"minecraft:anvil":1,"minecraft:granite":5,"minecraft:wooden_axe":21,"minecraft:iron_axe":103,"minecraft:basalt":5,"minecraft:golden_carrot":8,"minecraft:light_gray_bed":6,"minecraft:water_bucket":11,"minecraft:cobblestone_stairs":8,"minecraft:birch_planks":1,"minecraft:glass_bottle":22,"minecraft:mossy_cobblestone":1,"minecraft:crafting_table":13,"hunting_delight:humanmeat":3,"minecraft:white_bed":3,"minecraft:oak_log":155,"minecraft:piston":1,"minecraft:apple":11,"minecraft:iron_pickaxe":1346,"minecraft:stone_axe":11,"minecraft:green_carpet":1,"minecraft:cobblestone":567,"minecraft:potion":14,"spartanweaponry:longsword_iron":79,"minecraft:white_banner":1,"minecraft:bucket":248,"alexsmobs:animal_dictionary":2},"minecraft:killed":{"minecraft:spider":1,"undead:theheavy":1,"minecraft:skeleton":5,"undead:thepregnant":1,"alexsmobs:centipede_head":1,"undead:thesnatcher":2,"minecraft:creeper":2,"minecraft:zombie":19,"undead:sucker":1,"alexsmobs:raccoon":3,"sanitydim:rotting_stalker":1,"undead:themoonflower":22,"mutantbeasts:mutant_skeleton":1,"undead:thestone":2},"minecraft:custom":{"minecraft:interact_with_crafting_table":68,"minecraft:bell_ring":2,"minecraft:leave_game":8,"minecraft:time_since_death":8457,"minecraft:sprint_one_cm":298645,"minecraft:damage_blocked_by_shield":1530,"minecraft:drop":110,"minecraft:deaths":23,"minecraft:jump":3506,"minecraft:walk_on_water_one_cm":58067,"minecraft:interact_with_furnace":55,"minecraft:play_one_minute":261706,"minecraft:sleep_in_bed":16,"minecraft:damage_dealt":20333,"minecraft:player_kills":3,"minecraft:crouch_one_cm":62192,"minecraft:mob_kills":67,"minecraft:interact_with_anvil":2,"minecraft:damage_dealt_resisted":375,"minecraft:climb_one_cm":41117,"minecraft:walk_one_cm":733206,"minecraft:sneak_time":22465,"minecraft:walk_under_water_one_cm":6058,"minecraft:boat_one_cm":39231,"minecraft:interact_with_blast_furnace":36,"minecraft:time_since_rest":489,"minecraft:damage_taken":7783,"minecraft:swim_one_cm":11181,"minecraft:fly_one_cm":457841,"minecraft:open_chest":244,"minecraft:fall_one_cm":74956}},"DataVersion":2586}