{"stats":{"minecraft:custom":{"minecraft:mob_kills":11,"minecraft:interact_with_crafting_table":42,"minecraft:leave_game":4,"minecraft:time_since_death":10988,"minecraft:climb_one_cm":30624,"minecraft:sprint_one_cm":122972,"minecraft:walk_one_cm":226644,"minecraft:damage_blocked_by_shield":270,"minecraft:drop":41,"minecraft:deaths":4,"minecraft:sneak_time":4069,"minecraft:walk_under_water_one_cm":3686,"minecraft:boat_one_cm":39231,"minecraft:jump":771,"minecraft:interact_with_blast_furnace":29,"minecraft:walk_on_water_one_cm":6373,"minecraft:interact_with_furnace":48,"minecraft:play_one_minute":83039,"minecraft:sleep_in_bed":3,"minecraft:time_since_rest":11026,"minecraft:damage_taken":1340,"minecraft:damage_dealt":6266,"minecraft:swim_one_cm":6063,"minecraft:fly_one_cm":70053,"minecraft:open_chest":68,"minecraft:crouch_one_cm":9283,"minecraft:fall_one_cm":15504},"minecraft:dropped":{"minecraft:wheat_seeds":1,"minecraft:glass_bottle":4,"botania:black_mystical_flower":1,"minecraft:granite":2,"minecraft:coal":8,"hunting_delight:cookedhumanmeat":1,"minecraft:diorite":3,"minecraft:sand":6,"alexsmobs:raccoon_tail":1,"minecraft:bucket":1,"minecraft:bone":2,"minecraft:oak_door":2,"minecraft:stone_sword":1,"minecraft:rotten_flesh":1,"minecraft:andesite":1,"minecraft:oak_boat":1,"minecraft:chest":1,"minecraft:spider_eye":1,"bunker_down:airlock_iron_trapdoor":1,"minecraft:arrow":4},"minecraft:mined":{"minecraft:lever":1,"minecraft:granite":2,"minecraft:grass_block":2,"minecraft:light_gray_bed":4,"minecraft:spawner":1,"minecraft:smooth_stone":9,"minecraft:furnace":6,"minecraft:iron_ore":51,"minecraft:sticky_piston":8,"minecraft:fire":7,"minecraft:andesite":1,"bunker_down:steel_vent":3,"minecraft:peony":1,"minecraft:vine":1,"minecraft:iron_bars":1,"minecraft:light_gray_concrete":5,"bunker_down:steel_block":26,"minecraft:stone":285,"minecraft:lily_of_the_valley":9,"toughasnails:water_purifier":2,"minecraft:crafting_table":11,"minecraft:torch":13,"minecraft:blast_furnace":7,"minecraft:poppy":6,"minecraft:cobblestone":34,"minecraft:bricks":2,"minecraft:diorite":4,"botania:black_mystical_flower":1,"minecraft:wall_torch":7,"minecraft:skeleton_skull":1,"minecraft:birch_log":38,"minecraft:redstone_torch":1,"minecraft:lilac":7,"minecraft:birch_leaves":2,"minecraft:grass":9,"minecraft:oak_log":120,"minecraft:coal_ore":54,"minecraft:sand":24,"minecraft:dirt":5,"minecraft:cobweb":2,"minecraft:gold_ore":9,"minecraft:oak_leaves":19},"minecraft:crafted":{"minecraft:oak_planks":132,"minecraft:smooth_stone":6,"minecraft:furnace":2,"minecraft:blast_furnace":2,"minecraft:stone":6,"minecraft:flint_and_steel":1,"minecraft:glass":12,"minecraft:iron_boots":1,"minecraft:iron_axe":1,"minecraft:stone_pickaxe":1,"minecraft:chest":2,"minecraft:glass_bottle":3,"minecraft:crafting_table":1,"minecraft:wooden_pickaxe":1,"minecraft:iron_helmet":1,"minecraft:bucket":1,"minecraft:air":0,"minecraft:oak_boat":1,"minecraft:iron_chestplate":1,"minecraft:charcoal":6,"toughasnails:water_purifier":1,"minecraft:shield":1,"minecraft:stick":4,"minecraft:iron_ingot":48,"minecraft:iron_pickaxe":2,"minecraft:wooden_axe":1,"minecraft:stone_sword":1,"minecraft:iron_shovel":1,"minecraft:iron_leggings":1,"hunting_delight:cookedhumanmeat":1,"minecraft:torch":16},"minecraft:broken":{"sanitydim:garland":1,"minecraft:stone_pickaxe":1,"minecraft:iron_pickaxe":1,"minecraft:wooden_axe":1},"minecraft:used":{"minecraft:peony":1,"minecraft:iron_bars":2,"minecraft:stone_sword":14,"minecraft:iron_shovel":24,"minecraft:flint_and_steel":8,"toughasnails:water_purifier":1,"minecraft:chest":1,"minecraft:shield":5,"minecraft:rotten_flesh":1,"minecraft:torch":31,"minecraft:dirt":8,"minecraft:carrot":2,"minecraft:wooden_axe":21,"minecraft:iron_axe":49,"minecraft:furnace":4,"minecraft:oak_sapling":1,"minecraft:light_gray_bed":3,"minecraft:water_bucket":2,"minecraft:diorite":1,"minecraft:glass_bottle":5,"minecraft:stone_pickaxe":131,"minecraft:wooden_pickaxe":13,"minecraft:crafting_table":10,"minecraft:blast_furnace":7,"minecraft:oak_log":112,"minecraft:apple":8,"fallout_inspired_power_armor:armored_door_closed":1,"minecraft:light_gray_concrete":1,"minecraft:iron_pickaxe":382,"minecraft:gravel":2,"minecraft:lilac":6,"minecraft:cobblestone":133,"minecraft:potion":5,"toughasnails:purified_water_bottle":6,"minecraft:birch_log":38,"minecraft:bucket":3,"minecraft:oak_boat":1,"alexsmobs:animal_dictionary":1,"spartanweaponry:scythe_iron":43},"minecraft:picked_up":{"minecraft:charcoal":10,"minecraft:crafting_table":12,"minecraft:iron_chestplate":1,"fallout_inspired_power_armor:armored_door_closed":1,"minecraft:shield":1,"minecraft:string":1,"minecraft:sticky_piston":7,"minecraft:smooth_stone":9,"minecraft:oak_boat":2,"minecraft:poppy":8,"alexsmobs:raccoon_tail":1,"minecraft:chest":1,"minecraft:birch_sapling":9,"minecraft:furnace":6,"minecraft:stick":43,"bunker_down:airlock_iron_trapdoor":1,"minecraft:oak_door":2,"hunting_delight:humanmeat":2,"minecraft:torch":20,"minecraft:diorite":5,"minecraft:carrot":2,"minecraft:stone_sword":1,"minecraft:arrow":4,"minecraft:light_gray_bed":4,"minecraft:rotten_flesh":3,"minecraft:peony":3,"minecraft:iron_bars":2,"minecraft:skeleton_skull":1,"minecraft:cobblestone":330,"minecraft:birch_log":37,"minecraft:lilac":6,"minecraft:andesite":1,"bunker_down:steel_vent":1,"minecraft:flint":1,"minecraft:oak_log":116,"toughasnails:purified_water_bottle":1,"sanitydim:garland":1,"minecraft:dirt":11,"botania:black_mystical_flower":1,"bunker_down:steel_block":22,"minecraft:bone":3,"minecraft:apple":11,"minecraft:wheat_seeds":1,"minecraft:iron_ingot":4,"minecraft:iron_ore":51,"minecraft:glass_bottle":2,"minecraft:oak_planks":28,"spartanweaponry:scythe_iron":1,"minecraft:gravel":3,"minecraft:sand":23,"minecraft:blast_furnace":8,"minecraft:lily_of_the_valley":8,"minecraft:gold_ore":9,"minecraft:spider_eye":1,"minecraft:light_gray_concrete":1,"toughasnails:water_purifier":2,"minecraft:lever":1,"minecraft:granite":2,"minecraft:golden_apple":1,"minecraft:oak_sapling":73,"minecraft:bricks":2,"minecraft:coal":176},"minecraft:killed":{"alexsmobs:raccoon":1,"sanitydim:rotting_stalker":1,"minecraft:skeleton":2,"undead:themoonflower":1,"minecraft:zombie":3,"undead:thestone":2},"minecraft:killed_by":{"minecraft:player":3,"sanitydim:rotting_stalker":1}},"DataVersion":2586}