{"stats":{"minecraft:killed_by":{"minecraft:evoker":3,"minecraft:creeper":1,"minecraft:ravager":5,"sanitydim:rotting_stalker":2,"fallout_inspired_power_armor:centuar":1,"minecraft:vindicator":1,"undead:sucker":2,"undead:theheavy":2,"minecraft:witch":3,"mutantbeasts:mutant_creeper":1,"minecraft:zombie":1,"undead:thebladedancer":1,"minecraft:vex":5,"minecraft:player":7,"mutantbeasts:mutant_skeleton":3,"alexsmobs:centipede_head":1,"undead:themoonflower":2},"minecraft:picked_up":{"hunting_delight:tainted_flesh":8,"minecraft:iron_chestplate":2,"minecraft:wheat":2,"graveyard:tg_deepslate_tile_stairs":1,"minecraft:anvil":2,"minecraft:oak_stairs":1,"minecraft:enchanted_book":1,"minecraft:potion":2,"minecraft:stone_brick_stairs":4,"minecraft:string":22,"minecraft:soul_soil":1,"minecraft:iron_leggings":1,"minecraft:sticky_piston":7,"minecraft:zombie_head":6,"hunting_delight:sheepcorpse":2,"minecraft:smooth_stone":9,"minecraft:cobblestone_slab":2,"minecraft:iron_pickaxe":2,"alexsmobs:raccoon_tail":1,"minecraft:furnace":6,"minecraft:iron_boots":1,"graveyard:tg_tuff":2,"minecraft:stick":73,"bunker_down:airlock_iron_trapdoor":1,"minecraft:oak_fence":1,"minecraft:torch":34,"mutantbeasts:mutant_skeleton_shoulder_pad":2,"minecraft:porkchop":3,"undead:blackpetal":9,"minecraft:diorite":50,"minecraft:stone_sword":1,"minecraft:light_gray_bed":7,"minecraft:rotten_flesh":153,"minecraft:polished_basalt":1,"minecraft:iron_bars":4,"minecraft:cobblestone":1309,"minecraft:birch_log":44,"minecraft:magma_block":1,"minecraft:mossy_cobblestone_slab":4,"mutantbeasts:mutant_skeleton_skull":1,"minecraft:feather":1,"minecraft:lilac":6,"mutantbeasts:mutant_skeleton_limb":8,"minecraft:andesite":15,"bunker_down:steel_vent":1,"minecraft:flint":3,"minecraft:wither_skeleton_skull":5,"minecraft:dirt":76,"minecraft:lantern":1,"minecraft:gray_concrete_powder":2,"minecraft:leather_boots":1,"minecraft:bone":62,"hunting_delight:horsecorpse":2,"minecraft:bow":1,"minecraft:wheat_seeds":10,"minecraft:mossy_stone_bricks":1,"minecraft:glowstone_dust":3,"minecraft:oak_planks":99,"minecraft:mossy_stone_brick_stairs":1,"spartanweaponry:witch_head":1,"minecraft:sand":24,"minecraft:stripped_spruce_log":8,"minecraft:lily_of_the_valley":11,"minecraft:dark_oak_log":246,"minecraft:mossy_cobblestone":2,"minecraft:light_gray_concrete":1,"minecraft:diamond":5,"minecraft:lever":1,"graveyard:cyan_urn":1,"minecraft:crossbow":1,"mutantbeasts:mutant_skeleton_pelvis":1,"minecraft:granite":23,"minecraft:golden_apple":1,"minecraft:emerald":8,"minecraft:bread":3,"alexsmobs:maggot":2,"minecraft:oak_sapling":97,"minecraft:netherrack":2,"minecraft:bricks":2,"minecraft:charcoal":12,"minecraft:crafting_table":14,"undead:whitespidereye":3,"minecraft:ladder":3,"minecraft:gold_block":2,"fallout_inspired_power_armor:armored_door_closed":1,"minecraft:shield":2,"minecraft:iron_axe":1,"minecraft:flint_and_steel":1,"minecraft:iron_shovel":1,"minecraft:blackstone":10,"minecraft:blue_orchid":3,"minecraft:cracked_stone_bricks":8,"minecraft:oak_boat":2,"minecraft:poppy":10,"minecraft:chest":5,"minecraft:birch_sapling":13,"minecraft:piston":1,"minecraft:dark_oak_sapling":22,"undead:zombiecowmuscle":1,"minecraft:oak_door":2,"hunting_delight:humanmeat":57,"minecraft:carrot":2,"minecraft:redstone":6,"minecraft:arrow":8,"spartanweaponry:illager_head":4,"minecraft:peony":3,"mutantbeasts:mutant_skeleton_rib":6,"minecraft:diamond_boots":1,"minecraft:warped_sign":1,"minecraft:saddle":1,"graveyard:tg_cobbled_deepslate":4,"minecraft:bone_block":2,"minecraft:skeleton_skull":2,"minecraft:white_wool":1,"minecraft:basalt":49,"graveyard:tg_chiseled_deepslate":1,"minecraft:oak_log":157,"minecraft:nether_wart_block":3,"minecraft:gunpowder":16,"minecraft:cobblestone_stairs":4,"sanitydim:garland":1,"minecraft:white_banner":4,"bunker_down:steel_block":23,"botania:black_mystical_flower":1,"minecraft:cooked_mutton":2,"minecraft:apple":15,"minecraft:stone_bricks":4,"minecraft:kelp":7,"alexsmobs:cockroach_wing_fragment":1,"minecraft:iron_ingot":8,"minecraft:iron_ore":64,"minecraft:glass_bottle":6,"fallout_inspired_power_armor:damages_fusion_core":2,"spartanweaponry:scythe_iron":2,"minecraft:sweet_berries":25,"minecraft:stone_brick_slab":12,"minecraft:gravel":8,"minecraft:lava_bucket":1,"hunting_delight:rot":1,"minecraft:spruce_sapling":10,"minecraft:blast_furnace":10,"minecraft:white_bed":7,"minecraft:spruce_log":46,"minecraft:spruce_door":1,"minecraft:gold_ore":9,"minecraft:mossy_stone_brick_slab":13,"minecraft:green_carpet":1,"minecraft:spider_eye":1,"bunker_down:steel_block_slab":3,"minecraft:stone_axe":1,"minecraft:diamond_axe":1,"minecraft:iron_helmet":1,"minecraft:gray_wool":1,"graveyard:brown_urn":1,"graveyard:tg_polished_deepslate_slab":1,"minecraft:coal":178},"minecraft:broken":{"minecraft:iron_boots":1,"minecraft:iron_chestplate":1,"minecraft:iron_leggings":1,"sanitydim:garland":1,"minecraft:stone_pickaxe":1,"minecraft:stone_axe":2,"minecraft:wooden_axe":1,"minecraft:flint_and_steel":1,"minecraft:iron_axe":1,"minecraft:iron_pickaxe":5},"minecraft:dropped":{"minecraft:porkchop":3,"spartanweaponry:greatsword_diamond":1,"graveyard:cyan_urn":1,"minecraft:glass_bottle":5,"botania:black_mystical_flower":1,"hunting_delight:humanmeat":33,"minecraft:lantern":1,"minecraft:cobblestone_stairs":2,"minecraft:dirt":3,"hunting_delight:tainted_flesh":8,"minecraft:wooden_sword":1,"graveyard:brown_urn":1,"minecraft:sand":6,"minecraft:iron_pickaxe":4,"hunting_delight:sheepcorpse":1,"alexsmobs:raccoon_tail":1,"minecraft:bone":16,"undead:whitespidereye":2,"minecraft:oak_door":2,"graveyard:tg_chiseled_deepslate":1,"minecraft:blackstone":6,"minecraft:wheat":2,"minecraft:rotten_flesh":74,"minecraft:oak_planks":5,"minecraft:mossy_stone_brick_slab":6,"minecraft:warped_sign":1,"undead:blackpetal":1,"minecraft:cooked_mutton":2,"fallout_inspired_power_armor:damages_fusion_core":1,"minecraft:gunpowder":8,"minecraft:skeleton_skull":1,"minecraft:leather_boots":1,"minecraft:chest":1,"minecraft:ladder":2,"bunker_down:airlock_iron_trapdoor":1,"minecraft:basalt":41,"minecraft:arrow":6,"spartanweaponry:illager_head":1,"minecraft:netherrack":2,"k-turrets:raw_titanium":9,"minecraft:iron_ingot":5,"minecraft:bread":4,"minecraft:stripped_spruce_log":4,"minecraft:wheat_seeds":6,"minecraft:book":3,"minecraft:iron_helmet":1,"minecraft:feather":1,"minecraft:cobblestone":1,"minecraft:apple":3,"minecraft:granite":2,"mutantbeasts:mutant_skeleton_skull":1,"spartanweaponry:greatsword_steel":1,"travelersbackpack:wolf":1,"minecraft:coal":10,"minecraft:golden_apple":1,"minecraft:stick":6,"minecraft:oxeye_daisy":1,"minecraft:lava_bucket":1,"fallout_inspired_power_armor:gauss_rifle":1,"minecraft:gray_wool":1,"hunting_delight:horsecorpse":2,"hunting_delight:cookedhumanmeat":2,"minecraft:diorite":3,"minecraft:golden_carrot":1,"minecraft:nether_wart_block":1,"minecraft:zombie_head":3,"minecraft:potion":1,"minecraft:iron_leggings":2,"minecraft:oak_stairs":1,"minecraft:iron_axe":1,"minecraft:iron_shovel":1,"minecraft:string":10,"minecraft:bucket":1,"alexsmobs:maggot":2,"minecraft:kelp":7,"minecraft:sweet_berries":14,"spartanweaponry:scythe_iron":1,"minecraft:stone_sword":1,"minecraft:iron_boots":1,"minecraft:flint_and_steel":1,"minecraft:lily_of_the_valley":3,"undead:zombiecowmuscle":1,"minecraft:shield":1,"alexsmobs:cockroach_wing_fragment":1,"minecraft:peony":2,"minecraft:iron_chestplate":2,"minecraft:andesite":1,"minecraft:oak_boat":1,"minecraft:spider_eye":1,"minecraft:spruce_log":1,"minecraft:blue_orchid":3,"minecraft:stone_pickaxe":1,"minecraft:wooden_pickaxe":1,"minecraft:magma_block":1},"minecraft:mined":{"graveyard:tg_coarse_dirt":1,"minecraft:white_bed":8,"graveyard:gray_urn":1,"minecraft:mossy_stone_brick_slab":20,"minecraft:cobblestone_stairs":4,"hunting_delight:sheepcorpse":2,"minecraft:granite":29,"minecraft:grass_block":30,"graveyard:tg_polished_deepslate_slab":3,"minecraft:light_gray_bed":6,"minecraft:coal_block":3,"minecraft:spawner":1,"minecraft:smooth_stone":9,"graveyard:wither_skull_with_rib_cage":2,"minecraft:magma_block":1,"minecraft:mossy_cobblestone_slab":9,"minecraft:iron_ore":64,"minecraft:sticky_piston":12,"minecraft:fire":17,"graveyard:leaning_wither_skeleton":1,"minecraft:anvil":2,"minecraft:iron_bars":3,"minecraft:oak_stairs":1,"minecraft:light_gray_concrete":8,"minecraft:green_carpet":2,"graveyard:wither_skull_pile":1,"graveyard:light_gray_urn":1,"minecraft:blackstone":10,"minecraft:kelp_plant":1,"minecraft:torch":18,"minecraft:blast_furnace":9,"minecraft:poppy":6,"minecraft:chest":5,"minecraft:cobblestone":448,"minecraft:oak_planks":18,"minecraft:bricks":2,"botania:black_mystical_flower":1,"minecraft:wall_torch":11,"minecraft:skeleton_skull":1,"minecraft:repeater":1,"graveyard:wither_skeleton_hand":1,"minecraft:nether_wart_block":2,"minecraft:birch_log":45,"minecraft:lilac":7,"graveyard:skull_pile":1,"graveyard:tg_tuff":4,"minecraft:stone_brick_stairs":7,"minecraft:grass":39,"minecraft:oak_log":162,"minecraft:dirt":52,"minecraft:sand":24,"graveyard:cyan_urn":1,"minecraft:wither_skeleton_skull":1,"minecraft:netherrack":1,"minecraft:piston":2,"minecraft:oak_leaves":31,"minecraft:diamond_ore":5,"minecraft:mossy_cobblestone":4,"minecraft:dark_oak_log":137,"minecraft:lever":1,"minecraft:ladder":2,"graveyard:tg_deepslate":4,"minecraft:redstone_wire":3,"minecraft:soul_campfire":2,"minecraft:polished_andesite_slab":3,"minecraft:spruce_leaves":2,"minecraft:kelp":1,"minecraft:large_fern":9,"minecraft:furnace":6,"minecraft:polished_basalt":3,"minecraft:andesite":15,"minecraft:stripped_spruce_log":44,"bunker_down:steel_vent":11,"minecraft:peony":1,"minecraft:mossy_stone_brick_stairs":1,"minecraft:cobblestone_slab":9,"minecraft:vine":1,"graveyard:tg_cobbled_deepslate_slab":4,"graveyard:tg_deepslate_tile_stairs":1,"graveyard:blue_urn":1,"bunker_down:steel_block":36,"minecraft:stone":874,"minecraft:bone_block":3,"graveyard:tg_chiseled_deepslate":2,"minecraft:lily_of_the_valley":9,"toughasnails:water_purifier":3,"minecraft:basalt":52,"minecraft:stone_brick_slab":33,"minecraft:dandelion":1,"minecraft:oak_fence":1,"minecraft:crafting_table":15,"minecraft:andesite_slab":1,"minecraft:tall_grass":3,"minecraft:diorite":54,"hunting_delight:horsecorpse":2,"minecraft:birch_planks":1,"graveyard:vase_block":1,"minecraft:redstone_torch":1,"minecraft:sweet_berry_bush":14,"minecraft:birch_leaves":2,"minecraft:spruce_log":46,"minecraft:yellow_bed":1,"minecraft:grass_path":1,"minecraft:coal_ore":54,"graveyard:brown_urn":1,"minecraft:zombie_head":1,"minecraft:gravel":7,"minecraft:cobweb":8,"minecraft:cracked_stone_bricks":7,"minecraft:stone_bricks":11,"minecraft:mossy_stone_bricks":1,"minecraft:gold_ore":9,"minecraft:fern":8},"minecraft:crafted":{"minecraft:oak_planks":180,"minecraft:smooth_stone":6,"spartanweaponry:battleaxe_iron":1,"minecraft:stone":6,"minecraft:cobblestone_stairs":8,"minecraft:glass":12,"minecraft:iron_boots":1,"minecraft:chest":20,"minecraft:glass_bottle":3,"minecraft:crafting_table":2,"minecraft:wooden_pickaxe":2,"minecraft:iron_helmet":1,"minecraft:birch_planks":84,"minecraft:iron_chestplate":1,"minecraft:charcoal":6,"minecraft:shield":2,"minecraft:stick":12,"minecraft:iron_ingot":63,"minecraft:iron_pickaxe":7,"minecraft:stone_sword":1,"minecraft:gold_ingot":18,"minecraft:wooden_sword":1,"minecraft:furnace":3,"minecraft:blast_furnace":2,"minecraft:oak_trapdoor":8,"minecraft:flint_and_steel":2,"minecraft:iron_axe":1,"minecraft:stone_pickaxe":2,"spartanweaponry:handle":1,"minecraft:bucket":1,"minecraft:air":0,"minecraft:oak_boat":1,"minecraft:wooden_axe":1,"minecraft:iron_shovel":1,"minecraft:iron_leggings":1,"hunting_delight:cookedhumanmeat":2,"minecraft:torch":28},"minecraft:used":{"minecraft:peony":1,"minecraft:iron_shovel":56,"minecraft:ladder":1,"minecraft:poppy":2,"minecraft:chest":16,"minecraft:shield":100,"minecraft:rotten_flesh":50,"minecraft:lily_of_the_valley":8,"minecraft:carrot":2,"minecraft:stripped_spruce_log":44,"minecraft:lava_bucket":235,"minecraft:gray_concrete_powder":1,"minecraft:sweet_berries":18,"minecraft:oak_sapling":1,"minecraft:furnace":5,"minecraft:cooked_cod":1,"minecraft:diorite":1,"spartanweaponry:rapier_iron":18,"minecraft:stone_pickaxe":133,"minecraft:oak_planks":20,"minecraft:wooden_pickaxe":15,"minecraft:diamond_axe":1,"minecraft:golden_apple":1,"minecraft:sand":1,"minecraft:blast_furnace":8,"minecraft:crossbow":2,"bunker_down:steel_block":1,"minecraft:dark_oak_log":130,"fallout_inspired_power_armor:armored_door_closed":1,"minecraft:zombie_head":3,"minecraft:light_gray_concrete":1,"minecraft:bread":10,"minecraft:gravel":2,"minecraft:lilac":6,"spartanweaponry:greatsword_steel":1,"minecraft:wooden_sword":5,"minecraft:birch_log":45,"minecraft:oak_boat":1,"spartanweaponry:scythe_iron":192,"minecraft:oak_trapdoor":8,"hunting_delight:horsecorpse":1,"minecraft:iron_bars":2,"minecraft:stone_sword":14,"minecraft:flint_and_steel":83,"spartanweaponry:battleaxe_iron":216,"minecraft:dirt":32,"minecraft:torch":59,"minecraft:anvil":1,"minecraft:granite":5,"minecraft:wooden_axe":21,"minecraft:iron_axe":106,"minecraft:basalt":5,"hunting_delight:tainted_flesh":1,"minecraft:golden_carrot":10,"minecraft:light_gray_bed":6,"spartanweaponry:illager_head":2,"minecraft:water_bucket":11,"minecraft:cobblestone_stairs":8,"minecraft:birch_planks":1,"minecraft:glass_bottle":22,"minecraft:mossy_cobblestone":1,"minecraft:crafting_table":13,"hunting_delight:humanmeat":21,"minecraft:white_bed":7,"spartanweaponry:greatsword_diamond":8,"minecraft:spruce_log":45,"minecraft:oak_log":155,"minecraft:piston":1,"minecraft:apple":11,"minecraft:iron_pickaxe":1806,"minecraft:stone_axe":25,"minecraft:green_carpet":1,"minecraft:potion":14,"minecraft:cobblestone":663,"spartanweaponry:longsword_iron":79,"minecraft:white_banner":1,"minecraft:bucket":248,"alexsmobs:animal_dictionary":2},"minecraft:killed":{"minecraft:witch":2,"minecraft:spider":1,"undead:theheavy":1,"undead:thepregnant":1,"minecraft:skeleton":5,"alexsmobs:centipede_head":1,"minecraft:pig":1,"undead:thesnatcher":2,"minecraft:creeper":2,"minecraft:pillager":4,"minecraft:zombie":23,"minecraft:evoker":1,"undead:sucker":2,"alexsmobs:raccoon":3,"minecraft:vindicator":2,"sanitydim:rotting_stalker":1,"undead:themoonflower":23,"mutantbeasts:mutant_skeleton":1,"undead:thestone":2,"minecraft:wither_skeleton":5},"minecraft:custom":{"minecraft:interact_with_crafting_table":68,"minecraft:open_barrel":16,"minecraft:bell_ring":14,"minecraft:leave_game":10,"minecraft:time_since_death":11337,"minecraft:sprint_one_cm":546462,"minecraft:damage_blocked_by_shield":3590,"minecraft:drop":186,"minecraft:deaths":51,"minecraft:jump":5979,"minecraft:walk_on_water_one_cm":67575,"minecraft:interact_with_furnace":57,"minecraft:play_one_minute":351410,"minecraft:sleep_in_bed":20,"minecraft:damage_dealt":27579,"minecraft:player_kills":3,"minecraft:crouch_one_cm":76155,"minecraft:horse_one_cm":13294,"minecraft:interact_with_anvil":3,"minecraft:mob_kills":91,"minecraft:damage_dealt_resisted":375,"minecraft:climb_one_cm":41688,"minecraft:walk_one_cm":950444,"minecraft:raid_win":1,"minecraft:sneak_time":27237,"minecraft:walk_under_water_one_cm":15335,"minecraft:boat_one_cm":39231,"minecraft:interact_with_blast_furnace":43,"minecraft:time_since_rest":11363,"minecraft:damage_taken":16685,"minecraft:damage_absorbed":20,"minecraft:swim_one_cm":44420,"minecraft:fly_one_cm":888466,"minecraft:open_chest":321,"minecraft:fall_one_cm":182062}},"DataVersion":2586}