{"stats":{"minecraft:dropped":{"minecraft:bread":3,"minecraft:wheat_seeds":3,"minecraft:glass_bottle":4,"botania:black_mystical_flower":1,"minecraft:feather":1,"minecraft:iron_helmet":1,"minecraft:cobblestone":1,"minecraft:apple":3,"minecraft:lantern":1,"minecraft:granite":2,"minecraft:coal":8,"minecraft:gray_wool":1,"hunting_delight:cookedhumanmeat":1,"minecraft:diorite":3,"minecraft:zombie_head":2,"minecraft:potion":1,"minecraft:iron_leggings":1,"minecraft:wooden_sword":1,"minecraft:iron_axe":1,"minecraft:sand":6,"minecraft:iron_pickaxe":1,"minecraft:iron_shovel":1,"alexsmobs:raccoon_tail":1,"minecraft:bucket":1,"minecraft:bone":2,"minecraft:oak_door":2,"graveyard:tg_chiseled_deepslate":1,"minecraft:blackstone":6,"spartanweaponry:scythe_iron":1,"minecraft:stone_sword":1,"minecraft:rotten_flesh":7,"minecraft:iron_boots":1,"minecraft:flint_and_steel":1,"minecraft:shield":1,"minecraft:gunpowder":1,"minecraft:peony":2,"minecraft:iron_chestplate":1,"minecraft:andesite":1,"minecraft:oak_boat":1,"minecraft:chest":1,"minecraft:ladder":2,"minecraft:spider_eye":1,"bunker_down:airlock_iron_trapdoor":1,"minecraft:basalt":41,"minecraft:arrow":4,"minecraft:stone_pickaxe":1,"minecraft:wooden_pickaxe":1,"minecraft:magma_block":1,"minecraft:netherrack":2},"minecraft:used":{"minecraft:oak_trapdoor":8,"minecraft:peony":1,"minecraft:stone_sword":14,"minecraft:iron_bars":2,"minecraft:iron_shovel":47,"minecraft:flint_and_steel":16,"toughasnails:water_purifier":2,"minecraft:ladder":1,"minecraft:chest":14,"minecraft:shield":12,"minecraft:rotten_flesh":5,"minecraft:torch":53,"minecraft:dirt":23,"minecraft:anvil":1,"minecraft:lily_of_the_valley":8,"minecraft:carrot":2,"minecraft:granite":1,"minecraft:wooden_axe":21,"minecraft:lava_bucket":235,"minecraft:iron_axe":68,"minecraft:basalt":5,"minecraft:golden_carrot":4,"minecraft:oak_sapling":1,"minecraft:furnace":5,"minecraft:light_gray_bed":6,"minecraft:water_bucket":11,"minecraft:diorite":1,"minecraft:cobblestone_stairs":8,"minecraft:stone_pickaxe":132,"minecraft:glass_bottle":22,"minecraft:oak_planks":16,"minecraft:wooden_pickaxe":15,"minecraft:mossy_cobblestone":1,"minecraft:crafting_table":12,"minecraft:blast_furnace":8,"hunting_delight:humanmeat":2,"minecraft:oak_log":112,"minecraft:piston":1,"bunker_down:steel_block":1,"minecraft:apple":11,"fallout_inspired_power_armor:armored_door_closed":1,"minecraft:iron_pickaxe":890,"minecraft:light_gray_concrete":1,"minecraft:bread":5,"minecraft:gravel":2,"minecraft:lilac":6,"minecraft:green_carpet":1,"spartanweaponry:longsword_iron":69,"minecraft:wooden_sword":5,"minecraft:cobblestone":323,"minecraft:potion":14,"toughasnails:purified_water_bottle":11,"minecraft:bucket":248,"minecraft:birch_log":38,"minecraft:oak_boat":1,"alexsmobs:animal_dictionary":2,"spartanweaponry:scythe_iron":100},"minecraft:killed_by":{"minecraft:player":3,"mutantbeasts:mutant_skeleton":1,"sanitydim:rotting_stalker":1,"alexsmobs:centipede_head":1,"undead:thebladedancer":1,"undead:themoonflower":1},"minecraft:mined":{"minecraft:diamond_ore":5,"minecraft:mossy_cobblestone":1,"hunting_delight:sheepcorpse":1,"minecraft:ladder":2,"minecraft:lever":1,"minecraft:granite":25,"minecraft:grass_block":5,"graveyard:tg_polished_deepslate_slab":3,"minecraft:light_gray_bed":6,"minecraft:redstone_wire":2,"minecraft:spawner":1,"minecraft:smooth_stone":9,"minecraft:magma_block":1,"minecraft:furnace":6,"minecraft:iron_ore":61,"minecraft:sticky_piston":12,"minecraft:fire":16,"minecraft:andesite":15,"minecraft:anvil":2,"bunker_down:steel_vent":11,"minecraft:peony":1,"minecraft:oak_stairs":1,"minecraft:vine":1,"minecraft:iron_bars":1,"graveyard:tg_cobbled_deepslate_slab":4,"minecraft:light_gray_concrete":8,"minecraft:green_carpet":2,"bunker_down:steel_block":36,"minecraft:stone":529,"graveyard:tg_chiseled_deepslate":2,"minecraft:blackstone":10,"minecraft:lily_of_the_valley":9,"toughasnails:water_purifier":3,"minecraft:basalt":46,"minecraft:oak_fence":1,"minecraft:crafting_table":13,"minecraft:torch":13,"minecraft:blast_furnace":8,"minecraft:poppy":6,"minecraft:chest":3,"minecraft:cobblestone":123,"minecraft:oak_planks":8,"minecraft:bricks":2,"minecraft:diorite":15,"minecraft:wall_torch":10,"botania:black_mystical_flower":1,"minecraft:skeleton_skull":1,"minecraft:repeater":1,"minecraft:birch_log":38,"minecraft:redstone_torch":1,"minecraft:lilac":7,"minecraft:birch_leaves":2,"minecraft:grass":16,"minecraft:oak_log":121,"minecraft:coal_ore":54,"minecraft:gravel":7,"minecraft:sand":24,"minecraft:dirt":42,"minecraft:cobweb":4,"minecraft:netherrack":1,"minecraft:gold_ore":9,"minecraft:piston":2,"minecraft:oak_leaves":19,"minecraft:fern":1},"minecraft:crafted":{"minecraft:wooden_sword":1,"minecraft:smooth_stone":6,"minecraft:oak_planks":168,"minecraft:furnace":3,"minecraft:blast_furnace":2,"minecraft:cobblestone_stairs":8,"minecraft:stone":6,"minecraft:oak_trapdoor":8,"minecraft:flint_and_steel":1,"minecraft:glass":12,"minecraft:iron_boots":1,"minecraft:iron_axe":1,"minecraft:stone_pickaxe":2,"minecraft:chest":20,"minecraft:glass_bottle":3,"minecraft:crafting_table":2,"minecraft:wooden_pickaxe":2,"minecraft:iron_helmet":1,"minecraft:bucket":1,"minecraft:birch_planks":84,"minecraft:air":0,"minecraft:oak_boat":1,"minecraft:iron_chestplate":1,"minecraft:charcoal":6,"toughasnails:water_purifier":1,"minecraft:shield":1,"minecraft:stick":12,"minecraft:iron_ingot":60,"minecraft:iron_pickaxe":3,"minecraft:wooden_axe":1,"minecraft:stone_sword":1,"minecraft:iron_shovel":1,"minecraft:iron_leggings":1,"hunting_delight:cookedhumanmeat":1,"minecraft:torch":28},"minecraft:picked_up":{"minecraft:charcoal":12,"minecraft:crafting_table":13,"minecraft:iron_chestplate":2,"minecraft:ladder":3,"minecraft:anvil":2,"minecraft:oak_stairs":1,"minecraft:potion":1,"fallout_inspired_power_armor:armored_door_closed":1,"minecraft:shield":2,"minecraft:iron_axe":1,"minecraft:flint_and_steel":1,"minecraft:string":3,"minecraft:iron_shovel":1,"minecraft:iron_leggings":1,"minecraft:blackstone":10,"minecraft:sticky_piston":7,"minecraft:zombie_head":2,"minecraft:smooth_stone":9,"minecraft:oak_boat":2,"minecraft:poppy":8,"minecraft:iron_pickaxe":1,"alexsmobs:raccoon_tail":1,"minecraft:chest":3,"minecraft:birch_sapling":9,"minecraft:piston":1,"minecraft:iron_boots":1,"minecraft:furnace":6,"minecraft:stick":43,"bunker_down:airlock_iron_trapdoor":1,"minecraft:oak_door":2,"minecraft:oak_fence":1,"hunting_delight:humanmeat":11,"minecraft:torch":27,"minecraft:diorite":16,"minecraft:carrot":2,"minecraft:stone_sword":1,"minecraft:arrow":4,"minecraft:rotten_flesh":29,"minecraft:light_gray_bed":7,"minecraft:peony":3,"minecraft:iron_bars":2,"minecraft:skeleton_skull":1,"minecraft:white_wool":1,"minecraft:cobblestone":640,"minecraft:birch_log":37,"minecraft:magma_block":1,"minecraft:basalt":46,"minecraft:feather":1,"minecraft:lilac":6,"minecraft:andesite":15,"bunker_down:steel_vent":1,"graveyard:tg_chiseled_deepslate":1,"minecraft:flint":3,"minecraft:oak_log":117,"toughasnails:purified_water_bottle":1,"minecraft:gunpowder":1,"sanitydim:garland":1,"minecraft:dirt":42,"minecraft:lantern":1,"bunker_down:steel_block":23,"botania:black_mystical_flower":1,"minecraft:cooked_mutton":2,"minecraft:bone":5,"minecraft:apple":14,"minecraft:wheat_seeds":3,"minecraft:iron_ingot":4,"minecraft:iron_ore":61,"minecraft:glass_bottle":4,"minecraft:oak_planks":93,"spartanweaponry:scythe_iron":2,"minecraft:gravel":8,"minecraft:sand":23,"minecraft:mossy_cobblestone":1,"minecraft:blast_furnace":9,"minecraft:green_carpet":1,"minecraft:lily_of_the_valley":8,"minecraft:gold_ore":9,"minecraft:spider_eye":1,"bunker_down:steel_block_slab":3,"minecraft:light_gray_concrete":1,"toughasnails:water_purifier":3,"minecraft:diamond":5,"minecraft:lever":1,"minecraft:granite":19,"minecraft:golden_apple":1,"minecraft:gray_wool":1,"minecraft:bread":3,"minecraft:netherrack":2,"minecraft:oak_sapling":73,"minecraft:bricks":2,"graveyard:tg_polished_deepslate_slab":1,"minecraft:coal":176},"minecraft:killed":{"minecraft:spider":1,"undead:sucker":1,"alexsmobs:raccoon":3,"sanitydim:rotting_stalker":1,"minecraft:skeleton":3,"alexsmobs:centipede_head":1,"undead:themoonflower":10,"undead:thesnatcher":1,"minecraft:creeper":2,"minecraft:zombie":16,"undead:thestone":2},"minecraft:broken":{"sanitydim:garland":1,"minecraft:stone_pickaxe":1,"minecraft:iron_pickaxe":3,"minecraft:wooden_axe":1},"minecraft:custom":{"minecraft:interact_with_anvil":1,"minecraft:mob_kills":46,"minecraft:interact_with_crafting_table":62,"minecraft:damage_dealt_resisted":212,"minecraft:leave_game":7,"minecraft:time_since_death":4964,"minecraft:climb_one_cm":38830,"minecraft:sprint_one_cm":216138,"minecraft:damage_blocked_by_shield":400,"minecraft:walk_one_cm":498621,"minecraft:drop":76,"minecraft:sneak_time":14573,"minecraft:deaths":14,"minecraft:walk_under_water_one_cm":5971,"minecraft:boat_one_cm":39231,"minecraft:jump":2316,"minecraft:interact_with_blast_furnace":36,"minecraft:walk_on_water_one_cm":45907,"minecraft:interact_with_furnace":50,"minecraft:play_one_minute":187438,"minecraft:sleep_in_bed":10,"minecraft:time_since_rest":4995,"minecraft:damage_taken":4229,"minecraft:damage_dealt":12696,"minecraft:swim_one_cm":11071,"minecraft:fly_one_cm":281220,"minecraft:open_chest":127,"minecraft:crouch_one_cm":32218,"minecraft:fall_one_cm":50289}},"DataVersion":2586}