{"stats":{"minecraft:broken":{"minecraft:iron_boots":1,"minecraft:iron_chestplate":1,"minecraft:iron_leggings":1,"sanitydim:garland":1,"minecraft:stone_pickaxe":1,"minecraft:stone_axe":2,"minecraft:wooden_axe":1,"minecraft:flint_and_steel":1,"minecraft:iron_axe":1,"minecraft:iron_pickaxe":5},"minecraft:picked_up":{"hunting_delight:tainted_flesh":8,"minecraft:iron_chestplate":4,"minecraft:wheat":3,"graveyard:tg_deepslate_tile_stairs":1,"minecraft:anvil":2,"minecraft:oak_stairs":2,"minecraft:potion":2,"minecraft:enchanted_book":1,"minecraft:stone_brick_stairs":6,"minecraft:string":47,"minecraft:soul_soil":1,"minecraft:smooth_stone_slab":1,"minecraft:iron_leggings":3,"minecraft:sticky_piston":7,"minecraft:zombie_head":6,"hunting_delight:sheepcorpse":2,"minecraft:oak_sign":6,"minecraft:smooth_stone":9,"minecraft:cobblestone_slab":2,"minecraft:smooth_quartz":1,"minecraft:iron_pickaxe":3,"alexsmobs:raccoon_tail":1,"minecraft:iron_boots":2,"minecraft:furnace":6,"graveyard:tg_tuff":2,"minecraft:stick":95,"bunker_down:airlock_iron_trapdoor":3,"minecraft:oak_fence":1,"minecraft:torch":46,"mutantbeasts:mutant_skeleton_shoulder_pad":2,"minecraft:porkchop":5,"undead:blackpetal":10,"minecraft:diorite":50,"minecraft:stone_sword":1,"minecraft:light_gray_bed":7,"minecraft:rotten_flesh":239,"minecraft:polished_basalt":1,"minecraft:iron_bars":5,"minecraft:cobblestone":1371,"minecraft:birch_log":67,"minecraft:mossy_cobblestone_slab":4,"minecraft:magma_block":1,"minecraft:feather":1,"minecraft:lilac":7,"mutantbeasts:mutant_skeleton_skull":1,"mutantbeasts:mutant_skeleton_limb":8,"minecraft:andesite":16,"bunker_down:steel_vent":1,"minecraft:potato":9,"minecraft:flint":3,"minecraft:wither_skeleton_skull":5,"minecraft:dirt":113,"minecraft:lantern":1,"minecraft:gray_concrete_powder":2,"minecraft:leather_boots":2,"minecraft:bone":77,"hunting_delight:horsecorpse":2,"minecraft:bow":1,"fallout_inspired_power_armor:composite":2,"minecraft:wheat_seeds":25,"minecraft:birch_wood":9,"minecraft:mossy_stone_bricks":1,"minecraft:glowstone_dust":3,"minecraft:oak_planks":103,"minecraft:mossy_stone_brick_stairs":1,"spartanweaponry:witch_head":1,"minecraft:sand":24,"minecraft:stripped_spruce_log":10,"minecraft:lily_of_the_valley":11,"minecraft:dark_oak_log":246,"minecraft:mossy_cobblestone":3,"travelersbackpack:white_sleeping_bag":5,"minecraft:light_gray_concrete":2,"minecraft:diamond":5,"minecraft:spruce_boat":2,"minecraft:lever":2,"graveyard:cyan_urn":1,"minecraft:crossbow":1,"mutantbeasts:mutant_skeleton_pelvis":1,"minecraft:granite":23,"minecraft:golden_apple":1,"minecraft:emerald":8,"minecraft:bread":3,"alexsmobs:maggot":4,"minecraft:oak_sapling":127,"minecraft:netherrack":2,"minecraft:bricks":2,"minecraft:charcoal":12,"minecraft:crafting_table":15,"undead:whitespidereye":3,"minecraft:chicken":6,"minecraft:ladder":3,"minecraft:redstone_lamp":1,"fallout_inspired_power_armor:holderchain":1,"minecraft:gold_block":2,"fallout_inspired_power_armor:armored_door_closed":3,"minecraft:shield":4,"minecraft:iron_axe":1,"fallout_inspired_power_armor:steel":3,"minecraft:flint_and_steel":1,"fallout_inspired_power_armor:pipe_with_valves":2,"minecraft:iron_shovel":1,"minecraft:blackstone":10,"minecraft:blue_orchid":3,"minecraft:cracked_stone_bricks":8,"minecraft:beef":20,"minecraft:oak_boat":3,"minecraft:poppy":10,"minecraft:chest":6,"minecraft:birch_sapling":21,"minecraft:piston":1,"minecraft:dark_oak_sapling":22,"undead:zombiecowmuscle":1,"minecraft:oak_door":2,"hunting_delight:humanmeat":66,"minecraft:carrot":22,"minecraft:redstone":8,"minecraft:dark_oak_planks":2,"minecraft:arrow":16,"minecraft:beetroot_seeds":2,"spartanweaponry:illager_head":4,"minecraft:peony":3,"mutantbeasts:mutant_skeleton_rib":6,"minecraft:diamond_boots":2,"fallout_inspired_power_armor:warped_x_01_boots":1,"minecraft:warped_sign":1,"minecraft:saddle":1,"graveyard:tg_cobbled_deepslate":4,"minecraft:bone_block":2,"minecraft:skeleton_skull":2,"minecraft:white_wool":1,"minecraft:basalt":49,"fallout_inspired_power_armor:rusty_fence":1,"graveyard:tg_chiseled_deepslate":1,"minecraft:oak_log":236,"minecraft:lily_pad":15,"minecraft:nether_wart_block":3,"minecraft:gunpowder":17,"minecraft:cobblestone_stairs":4,"sanitydim:garland":1,"minecraft:white_banner":4,"bunker_down:steel_block":28,"botania:black_mystical_flower":1,"minecraft:cooked_mutton":2,"minecraft:apple":20,"minecraft:stone_bricks":4,"minecraft:kelp":7,"alexsmobs:cockroach_wing_fragment":1,"minecraft:iron_ingot":18,"minecraft:stone_pickaxe":1,"minecraft:iron_ore":97,"minecraft:glass_bottle":6,"minecraft:music_disc_chirp":1,"fallout_inspired_power_armor:damages_fusion_core":2,"spartanweaponry:scythe_iron":2,"minecraft:sweet_berries":51,"minecraft:stone_brick_slab":12,"minecraft:gravel":8,"minecraft:lava_bucket":1,"hunting_delight:rot":1,"minecraft:spruce_sapling":10,"minecraft:blast_furnace":10,"fallout_inspired_power_armor:interior_doorclosed":3,"minecraft:white_bed":7,"minecraft:spruce_log":46,"minecraft:gold_ore":9,"minecraft:mossy_stone_brick_slab":13,"minecraft:green_carpet":1,"minecraft:spruce_door":1,"minecraft:spider_eye":1,"bunker_down:steel_block_slab":3,"minecraft:stone_axe":1,"minecraft:iron_helmet":2,"minecraft:diamond_axe":2,"minecraft:gray_wool":1,"graveyard:tg_polished_deepslate_slab":1,"minecraft:coal":208,"graveyard:brown_urn":1},"minecraft:crafted":{"minecraft:smooth_stone":6,"minecraft:oak_planks":192,"spartanweaponry:battleaxe_iron":1,"minecraft:stone":6,"minecraft:cobblestone_stairs":8,"minecraft:glass":12,"minecraft:iron_boots":1,"minecraft:chest":21,"minecraft:glass_bottle":3,"minecraft:crafting_table":7,"minecraft:spruce_planks":32,"minecraft:wooden_pickaxe":2,"minecraft:iron_helmet":1,"minecraft:birch_planks":84,"minecraft:iron_chestplate":1,"minecraft:diamond_pickaxe":1,"minecraft:charcoal":6,"minecraft:shield":4,"minecraft:stick":20,"minecraft:iron_ingot":63,"minecraft:iron_pickaxe":7,"minecraft:stone_sword":1,"minecraft:gold_ingot":18,"minecraft:wooden_sword":1,"minecraft:furnace":3,"minecraft:blast_furnace":2,"minecraft:oak_trapdoor":8,"minecraft:flint_and_steel":2,"minecraft:iron_axe":1,"minecraft:stone_pickaxe":2,"minecraft:spruce_boat":2,"minecraft:dark_oak_planks":24,"spartanweaponry:handle":1,"minecraft:bucket":2,"minecraft:air":0,"minecraft:oak_boat":2,"minecraft:wooden_axe":1,"minecraft:iron_shovel":1,"minecraft:iron_leggings":1,"hunting_delight:cookedhumanmeat":2,"minecraft:torch":32},"minecraft:custom":{"minecraft:interact_with_crafting_table":75,"minecraft:open_barrel":16,"minecraft:bell_ring":14,"minecraft:leave_game":13,"minecraft:time_since_death":4095,"minecraft:sprint_one_cm":837892,"minecraft:damage_blocked_by_shield":6310,"minecraft:drop":305,"minecraft:talked_to_villager":1,"minecraft:deaths":63,"minecraft:jump":8419,"minecraft:walk_on_water_one_cm":85618,"minecraft:interact_with_furnace":57,"minecraft:play_record":2,"minecraft:play_one_minute":444053,"minecraft:sleep_in_bed":26,"minecraft:damage_dealt":31617,"minecraft:player_kills":4,"minecraft:crouch_one_cm":80607,"minecraft:horse_one_cm":13294,"minecraft:interact_with_anvil":3,"minecraft:mob_kills":110,"minecraft:damage_dealt_resisted":375,"minecraft:climb_one_cm":42687,"minecraft:walk_one_cm":1157845,"minecraft:raid_win":1,"minecraft:sneak_time":28956,"minecraft:walk_under_water_one_cm":29549,"minecraft:boat_one_cm":380189,"minecraft:interact_with_blast_furnace":43,"minecraft:time_since_rest":4652,"minecraft:damage_absorbed":60,"minecraft:damage_taken":21296,"minecraft:swim_one_cm":60126,"minecraft:fly_one_cm":1323076,"minecraft:open_chest":359,"minecraft:fall_one_cm":236024},"minecraft:dropped":{"minecraft:porkchop":4,"minecraft:diamond_axe":1,"spartanweaponry:greatsword_diamond":2,"graveyard:cyan_urn":1,"minecraft:oak_log":7,"minecraft:glass_bottle":5,"minecraft:crafting_table":1,"hunting_delight:humanmeat":37,"botania:black_mystical_flower":1,"fallout_inspired_power_armor:composite":1,"minecraft:lantern":1,"minecraft:cobblestone_stairs":2,"minecraft:dirt":5,"hunting_delight:tainted_flesh":8,"minecraft:wooden_sword":1,"graveyard:brown_urn":1,"minecraft:sand":6,"hunting_delight:sheepcorpse":1,"minecraft:iron_pickaxe":5,"minecraft:dark_oak_planks":6,"alexsmobs:raccoon_tail":1,"minecraft:bone":20,"undead:whitespidereye":2,"minecraft:oak_door":2,"graveyard:tg_chiseled_deepslate":1,"minecraft:blackstone":6,"minecraft:birch_sapling":2,"minecraft:wheat":2,"minecraft:rotten_flesh":82,"minecraft:oak_planks":5,"minecraft:birch_wood":3,"minecraft:mossy_stone_brick_slab":6,"minecraft:warped_sign":1,"undead:blackpetal":2,"minecraft:cooked_mutton":2,"minecraft:carrot":4,"fallout_inspired_power_armor:damages_fusion_core":1,"minecraft:gunpowder":8,"minecraft:skeleton_skull":1,"minecraft:leather_boots":3,"minecraft:chest":1,"minecraft:ladder":2,"bunker_down:airlock_iron_trapdoor":2,"minecraft:iron_ore":1,"minecraft:basalt":41,"minecraft:arrow":11,"minecraft:beef":9,"fallout_inspired_power_armor:pipe_with_valves":2,"spartanweaponry:illager_head":1,"minecraft:netherrack":2,"minecraft:iron_ingot":5,"k-turrets:raw_titanium":9,"minecraft:bread":4,"minecraft:stripped_spruce_log":6,"minecraft:wheat_seeds":6,"minecraft:book":3,"minecraft:iron_helmet":2,"minecraft:feather":1,"minecraft:cobblestone":3,"minecraft:apple":4,"minecraft:granite":2,"mutantbeasts:mutant_skeleton_skull":1,"spartanweaponry:greatsword_steel":1,"travelersbackpack:wolf":1,"minecraft:coal":10,"minecraft:golden_apple":1,"minecraft:stick":17,"minecraft:oxeye_daisy":1,"minecraft:lava_bucket":1,"fallout_inspired_power_armor:gauss_rifle":1,"minecraft:gray_wool":1,"fallout_inspired_power_armor:interior_doorclosed":2,"hunting_delight:horsecorpse":2,"hunting_delight:cookedhumanmeat":2,"minecraft:diorite":3,"minecraft:golden_carrot":1,"minecraft:nether_wart_block":1,"minecraft:zombie_head":3,"minecraft:potion":1,"minecraft:iron_leggings":5,"minecraft:oak_stairs":1,"minecraft:iron_axe":1,"minecraft:iron_shovel":1,"minecraft:string":28,"minecraft:lily_pad":15,"minecraft:bucket":1,"minecraft:redstone":2,"alexsmobs:maggot":4,"minecraft:kelp":7,"minecraft:sweet_berries":16,"spartanweaponry:scythe_iron":1,"minecraft:stone_sword":1,"minecraft:chicken":3,"minecraft:iron_boots":2,"minecraft:light_gray_concrete":1,"minecraft:oak_sign":4,"minecraft:flint_and_steel":1,"minecraft:lily_of_the_valley":3,"minecraft:diamond_sword":1,"fallout_inspired_power_armor:steel":2,"minecraft:potato":7,"undead:zombiecowmuscle":1,"minecraft:shield":5,"alexsmobs:cockroach_wing_fragment":1,"minecraft:peony":2,"minecraft:spruce_planks":2,"minecraft:iron_chestplate":3,"minecraft:andesite":1,"minecraft:oak_sapling":3,"minecraft:oak_boat":2,"minecraft:spider_eye":1,"minecraft:diamond_boots":2,"minecraft:spruce_log":1,"minecraft:blue_orchid":3,"minecraft:stone_pickaxe":1,"minecraft:wooden_pickaxe":1,"minecraft:magma_block":1},"minecraft:killed_by":{"minecraft:evoker":3,"minecraft:creeper":1,"minecraft:ravager":5,"sanitydim:rotting_stalker":2,"fallout_inspired_power_armor:centuar":1,"minecraft:vindicator":1,"fallout_inspired_power_armor:veteran_raider":2,"undead:sucker":2,"undead:theheavy":2,"minecraft:witch":3,"mutantbeasts:mutant_creeper":1,"minecraft:zombie":2,"undead:thebladedancer":1,"fallout_inspired_power_armor:raider_leader":1,"fallout_inspired_power_armor:enclave_x_02soldier":1,"fallout_inspired_power_armor:raidermaster":2,"minecraft:vex":5,"minecraft:player":9,"mutantbeasts:mutant_skeleton":3,"fallout_inspired_power_armor:enclave_ap_soldier":2,"alexsmobs:centipede_head":1,"undead:themoonflower":2},"minecraft:killed":{"fallout_inspired_power_armor:veteran_raider":1,"minecraft:witch":2,"minecraft:spider":1,"fallout_inspired_power_armor:raidermaster":1,"fallout_inspired_power_armor:raider_leader":1,"fallout_inspired_power_armor:enclave_ap_soldier":1,"undead:theheavy":1,"minecraft:skeleton":6,"undead:thepregnant":1,"fallout_inspired_power_armor:raider_woman":2,"alexsmobs:centipede_head":1,"minecraft:pig":1,"fallout_inspired_power_armor:armored_raider":6,"undead:thesnatcher":2,"minecraft:creeper":3,"minecraft:pillager":4,"minecraft:zombie":24,"minecraft:evoker":1,"undead:sucker":2,"alexsmobs:raccoon":3,"minecraft:vindicator":2,"sanitydim:rotting_stalker":1,"undead:themoonflower":26,"fallout_inspired_power_armor:experimentation_survivor":1,"mutantbeasts:mutant_skeleton":1,"fallout_inspired_power_armor:mutant":1,"undead:thestone":2,"minecraft:wither_skeleton":5},"minecraft:used":{"minecraft:peony":1,"minecraft:iron_shovel":56,"minecraft:ladder":1,"minecraft:poppy":2,"minecraft:chest":18,"minecraft:shield":149,"minecraft:rotten_flesh":64,"minecraft:lily_of_the_valley":8,"minecraft:carrot":2,"minecraft:spruce_boat":4,"minecraft:stripped_spruce_log":44,"minecraft:lava_bucket":235,"minecraft:music_disc_chirp":2,"minecraft:gray_concrete_powder":1,"minecraft:stone_brick_stairs":2,"minecraft:redstone_lamp":1,"minecraft:bow":6,"minecraft:sweet_berries":46,"minecraft:cooked_cod":1,"minecraft:oak_sapling":2,"minecraft:furnace":5,"minecraft:potato":2,"minecraft:diorite":1,"spartanweaponry:rapier_iron":18,"minecraft:stone_pickaxe":133,"minecraft:oak_planks":20,"minecraft:birch_wood":79,"minecraft:wooden_pickaxe":15,"minecraft:diamond_axe":83,"minecraft:golden_apple":2,"minecraft:sand":1,"minecraft:blast_furnace":8,"minecraft:crossbow":2,"bunker_down:steel_block":1,"minecraft:dark_oak_log":133,"fallout_inspired_power_armor:armored_door_closed":1,"minecraft:zombie_head":3,"minecraft:light_gray_concrete":1,"minecraft:bread":12,"minecraft:gravel":2,"minecraft:lilac":6,"minecraft:diamond_sword":12,"spartanweaponry:greatsword_steel":1,"bunker_down:airlock_iron_trapdoor":1,"minecraft:wooden_sword":5,"minecraft:birch_log":77,"spartanweaponry:scythe_iron":265,"minecraft:smooth_stone_slab":1,"minecraft:oak_boat":2,"minecraft:oak_trapdoor":8,"hunting_delight:horsecorpse":1,"minecraft:iron_bars":2,"minecraft:stone_sword":14,"minecraft:flint_and_steel":95,"spartanweaponry:battleaxe_iron":216,"minecraft:dirt":40,"minecraft:torch":74,"minecraft:anvil":1,"minecraft:granite":5,"fallout_inspired_power_armor:rusty_fence":1,"minecraft:wooden_axe":21,"minecraft:iron_axe":106,"minecraft:oak_stairs":1,"minecraft:smooth_quartz":1,"minecraft:basalt":5,"hunting_delight:tainted_flesh":1,"minecraft:golden_carrot":19,"minecraft:cooked_beef":1,"minecraft:light_gray_bed":6,"spartanweaponry:illager_head":2,"minecraft:water_bucket":11,"minecraft:cobblestone_stairs":8,"minecraft:birch_planks":1,"minecraft:glass_bottle":22,"minecraft:mossy_cobblestone":1,"minecraft:crafting_table":18,"hunting_delight:humanmeat":21,"minecraft:white_bed":7,"spartanweaponry:greatsword_diamond":32,"minecraft:spruce_log":48,"minecraft:oak_log":232,"minecraft:diamond_pickaxe":123,"minecraft:piston":1,"minecraft:apple":15,"minecraft:iron_pickaxe":1868,"fallout_inspired_power_armor:holderchain":1,"travelersbackpack:white_sleeping_bag":5,"minecraft:stone_axe":25,"minecraft:green_carpet":1,"minecraft:potion":14,"minecraft:cobblestone":669,"spartanweaponry:longsword_iron":79,"minecraft:porkchop":1,"minecraft:white_banner":1,"minecraft:bucket":248,"alexsmobs:animal_dictionary":2},"minecraft:mined":{"graveyard:tg_coarse_dirt":1,"minecraft:white_bed":8,"graveyard:gray_urn":1,"minecraft:mossy_stone_brick_slab":20,"minecraft:cobblestone_stairs":4,"minecraft:orange_stained_glass":2,"hunting_delight:sheepcorpse":2,"minecraft:granite":30,"minecraft:grass_block":42,"graveyard:tg_polished_deepslate_slab":3,"minecraft:light_gray_bed":6,"minecraft:coal_block":3,"fallout_inspired_power_armor:toolbox":1,"fallout_inspired_power_armor:camera":1,"minecraft:oak_wall_sign":1,"minecraft:spawner":1,"graveyard:wither_skull_with_rib_cage":2,"minecraft:smooth_stone":9,"minecraft:magma_block":1,"minecraft:mossy_cobblestone_slab":9,"minecraft:mossy_cobblestone_stairs":1,"minecraft:iron_ore":97,"minecraft:sticky_piston":12,"minecraft:fire":22,"graveyard:leaning_wither_skeleton":1,"minecraft:anvil":2,"minecraft:iron_bars":4,"minecraft:oak_stairs":2,"minecraft:light_gray_concrete":9,"minecraft:green_carpet":2,"fallout_inspired_power_armor:armored_door_closed":2,"graveyard:wither_skull_pile":1,"fallout_inspired_power_armor:rusty_fence":1,"graveyard:light_gray_urn":1,"minecraft:blackstone":10,"minecraft:kelp_plant":1,"minecraft:torch":24,"minecraft:blast_furnace":9,"minecraft:poppy":6,"minecraft:chest":6,"minecraft:glass":8,"minecraft:cobblestone":452,"minecraft:birch_wood":75,"minecraft:oak_planks":21,"minecraft:bricks":2,"botania:black_mystical_flower":1,"minecraft:wall_torch":13,"fallout_inspired_power_armor:interior_doorclosed":3,"minecraft:skeleton_skull":1,"minecraft:repeater":1,"graveyard:wither_skeleton_hand":1,"minecraft:nether_wart_block":2,"minecraft:birch_log":83,"minecraft:lilac":8,"fallout_inspired_power_armor:computer":6,"graveyard:skull_pile":1,"minecraft:stone_brick_stairs":7,"graveyard:tg_tuff":4,"minecraft:grass":45,"minecraft:oak_log":265,"minecraft:dirt":73,"graveyard:cyan_urn":1,"fallout_inspired_power_armor:cage_light":1,"minecraft:sand":24,"minecraft:wither_skeleton_skull":1,"minecraft:yellow_stained_glass":1,"minecraft:netherrack":1,"minecraft:piston":2,"minecraft:oak_leaves":59,"minecraft:redstone_lamp":1,"minecraft:diamond_ore":5,"minecraft:mossy_cobblestone":7,"fallout_inspired_power_armor:dead_scientist_1":1,"fallout_inspired_power_armor:test_subject":1,"minecraft:dark_oak_log":137,"minecraft:lever":1,"minecraft:ladder":2,"graveyard:tg_deepslate":4,"minecraft:redstone_wire":4,"minecraft:soul_campfire":2,"travelersbackpack:white_sleeping_bag":4,"minecraft:polished_andesite_slab":3,"minecraft:spruce_leaves":3,"minecraft:kelp":1,"minecraft:large_fern":10,"minecraft:furnace":6,"minecraft:polished_basalt":3,"minecraft:andesite":16,"minecraft:stripped_spruce_log":46,"bunker_down:airlock_iron_trapdoor":2,"bunker_down:steel_vent":11,"minecraft:peony":1,"minecraft:mossy_stone_brick_stairs":1,"minecraft:cobblestone_slab":9,"minecraft:vine":1,"graveyard:tg_cobbled_deepslate_slab":4,"graveyard:tg_deepslate_tile_stairs":1,"graveyard:blue_urn":1,"bunker_down:steel_block":41,"minecraft:stone":938,"minecraft:bone_block":3,"minecraft:glass_pane":1,"graveyard:tg_chiseled_deepslate":2,"minecraft:lily_of_the_valley":9,"toughasnails:water_purifier":3,"fallout_inspired_power_armor:dirty_glass":1,"minecraft:basalt":52,"minecraft:stone_brick_slab":33,"minecraft:dandelion":1,"minecraft:oak_fence":1,"minecraft:crafting_table":15,"minecraft:andesite_slab":1,"minecraft:tall_grass":4,"fallout_inspired_power_armor:blueprint":1,"minecraft:diorite":54,"hunting_delight:horsecorpse":2,"minecraft:birch_planks":1,"minecraft:coarse_dirt":1,"graveyard:vase_block":1,"minecraft:redstone_torch":1,"minecraft:sweet_berry_bush":20,"minecraft:birch_leaves":9,"minecraft:spruce_log":46,"minecraft:yellow_bed":2,"minecraft:grass_path":1,"fallout_inspired_power_armor:floor_paper":1,"minecraft:coal_ore":84,"graveyard:brown_urn":1,"minecraft:zombie_head":1,"minecraft:gravel":7,"minecraft:cobweb":10,"minecraft:cracked_stone_bricks":7,"minecraft:stone_bricks":11,"minecraft:mossy_stone_bricks":1,"minecraft:gold_ore":9,"minecraft:fern":8}},"DataVersion":2586}